<?xml version="1.0" encoding="UTF-8"?>
<gpx version="1.1" creator="Local KML to GPX Converter" xmlns="http://www.topografix.com/GPX/1/1">
  <wpt lat="34.0549066" lon="-118.2426603">
    <ele>0</ele>
    <name>ロサンゼルス</name>
  </wpt>
  <wpt lat="36.7824253" lon="-119.4161119">
    <ele>0</ele>
    <name>カルフォルニア</name>
  </wpt>
  <trk>
    <name>ロサンゼルス から カルフォルニア へのルート</name>
    <trkseg>
      <trkpt lat="34.05491" lon="-118.24266">
        <ele>0</ele>
      </trkpt>
      <trkpt lat="34.055" lon="-118.24277">
        <ele>0</ele>
      </trkpt>
      <trkpt lat="34.05504" lon="-118.24281">
        <ele>0</ele>
      </trkpt>
      <trkpt lat="34.05517" lon="-118.24297">
        <ele>0</ele>
      </trkpt>
      <trkpt lat="34.05552" lon="-118.24337">
        <ele>0</ele>
      </trkpt>
      <trkpt lat="34.05559" lon="-118.24346">
        <ele>0</ele>
      </trkpt>
      <trkpt lat="34.0556" lon="-118.24346">
        <ele>0</ele>
      </trkpt>
      <trkpt lat="34.05561" lon="-118.24348">
        <ele>0</ele>
      </trkpt>
      <trkpt lat="34.05584" lon="-118.24373">
        <ele>0</ele>
      </trkpt>
      <trkpt lat="34.05599" lon="-118.24391">
        <ele>0</ele>
      </trkpt>
      <trkpt lat="34.05601" lon="-118.24393">
        <ele>0</ele>
      </trkpt>
      <trkpt lat="34.05612" lon="-118.24406">
        <ele>0</ele>
      </trkpt>
      <trkpt lat="34.05616" lon="-118.24412">
        <ele>0</ele>
      </trkpt>
      <trkpt lat="34.0569" lon="-118.24497">
        <ele>0</ele>
      </trkpt>
      <trkpt lat="34.05773" lon="-118.24597">
        <ele>0</ele>
      </trkpt>
      <trkpt lat="34.05775" lon="-118.246">
        <ele>0</ele>
      </trkpt>
      <trkpt lat="34.05815" lon="-118.24647">
        <ele>0</ele>
      </trkpt>
      <trkpt lat="34.05828" lon="-118.24635">
        <ele>0</ele>
      </trkpt>
      <trkpt lat="34.05847" lon="-118.24616">
        <ele>0</ele>
      </trkpt>
      <trkpt lat="34.05858" lon="-118.24606">
        <ele>0</ele>
      </trkpt>
      <trkpt lat="34.05916" lon="-118.24546">
        <ele>0</ele>
      </trkpt>
      <trkpt lat="34.0594" lon="-118.2452">
        <ele>0</ele>
      </trkpt>
      <trkpt lat="34.05941" lon="-118.2452">
        <ele>0</ele>
      </trkpt>
      <trkpt lat="34.05942" lon="-118.24518">
        <ele>0</ele>
      </trkpt>
      <trkpt lat="34.05996" lon="-118.24461">
        <ele>0</ele>
      </trkpt>
      <trkpt lat="34.06007" lon="-118.24476">
        <ele>0</ele>
      </trkpt>
      <trkpt lat="34.06008" lon="-118.24478">
        <ele>0</ele>
      </trkpt>
      <trkpt lat="34.0601" lon="-118.2448">
        <ele>0</ele>
      </trkpt>
      <trkpt lat="34.06011" lon="-118.24483">
        <ele>0</ele>
      </trkpt>
      <trkpt lat="34.06013" lon="-118.24487">
        <ele>0</ele>
      </trkpt>
      <trkpt lat="34.06015" lon="-118.24495">
        <ele>0</ele>
      </trkpt>
      <trkpt lat="34.06015" lon="-118.24507">
        <ele>0</ele>
      </trkpt>
      <trkpt lat="34.06016" lon="-118.24515">
        <ele>0</ele>
      </trkpt>
      <trkpt lat="34.06016" lon="-118.24519">
        <ele>0</ele>
      </trkpt>
      <trkpt lat="34.06017" lon="-118.24534">
        <ele>0</ele>
      </trkpt>
      <trkpt lat="34.06019" lon="-118.24553">
        <ele>0</ele>
      </trkpt>
      <trkpt lat="34.06019" lon="-118.24557">
        <ele>0</ele>
      </trkpt>
      <trkpt lat="34.0602" lon="-118.24568">
        <ele>0</ele>
      </trkpt>
      <trkpt lat="34.06022" lon="-118.24579">
        <ele>0</ele>
      </trkpt>
      <trkpt lat="34.06022" lon="-118.24583">
        <ele>0</ele>
      </trkpt>
      <trkpt lat="34.06025" lon="-118.24598">
        <ele>0</ele>
      </trkpt>
      <trkpt lat="34.06028" lon="-118.24608">
        <ele>0</ele>
      </trkpt>
      <trkpt lat="34.0603" lon="-118.24613">
        <ele>0</ele>
      </trkpt>
      <trkpt lat="34.06036" lon="-118.24632">
        <ele>0</ele>
      </trkpt>
      <trkpt lat="34.06038" lon="-118.24636">
        <ele>0</ele>
      </trkpt>
      <trkpt lat="34.06039" lon="-118.2464">
        <ele>0</ele>
      </trkpt>
      <trkpt lat="34.06048" lon="-118.24658">
        <ele>0</ele>
      </trkpt>
      <trkpt lat="34.0605" lon="-118.24661">
        <ele>0</ele>
      </trkpt>
      <trkpt lat="34.06053" lon="-118.24667">
        <ele>0</ele>
      </trkpt>
      <trkpt lat="34.06063" lon="-118.24681">
        <ele>0</ele>
      </trkpt>
      <trkpt lat="34.0608" lon="-118.247">
        <ele>0</ele>
      </trkpt>
      <trkpt lat="34.06081" lon="-118.24709">
        <ele>0</ele>
      </trkpt>
      <trkpt lat="34.06108" lon="-118.24732">
        <ele>0</ele>
      </trkpt>
      <trkpt lat="34.0611" lon="-118.24734">
        <ele>0</ele>
      </trkpt>
      <trkpt lat="34.06114" lon="-118.24737">
        <ele>0</ele>
      </trkpt>
      <trkpt lat="34.06172" lon="-118.24788">
        <ele>0</ele>
      </trkpt>
      <trkpt lat="34.06183" lon="-118.24797">
        <ele>0</ele>
      </trkpt>
      <trkpt lat="34.0619" lon="-118.24804">
        <ele>0</ele>
      </trkpt>
      <trkpt lat="34.06204" lon="-118.24815">
        <ele>0</ele>
      </trkpt>
      <trkpt lat="34.06206" lon="-118.24817">
        <ele>0</ele>
      </trkpt>
      <trkpt lat="34.06241" lon="-118.24847">
        <ele>0</ele>
      </trkpt>
      <trkpt lat="34.06243" lon="-118.24849">
        <ele>0</ele>
      </trkpt>
      <trkpt lat="34.06253" lon="-118.24857">
        <ele>0</ele>
      </trkpt>
      <trkpt lat="34.06297" lon="-118.24895">
        <ele>0</ele>
      </trkpt>
      <trkpt lat="34.06299" lon="-118.24897">
        <ele>0</ele>
      </trkpt>
      <trkpt lat="34.0631" lon="-118.24906">
        <ele>0</ele>
      </trkpt>
      <trkpt lat="34.06354" lon="-118.24946">
        <ele>0</ele>
      </trkpt>
      <trkpt lat="34.06362" lon="-118.24956">
        <ele>0</ele>
      </trkpt>
      <trkpt lat="34.06379" lon="-118.24973">
        <ele>0</ele>
      </trkpt>
      <trkpt lat="34.06398" lon="-118.24997">
        <ele>0</ele>
      </trkpt>
      <trkpt lat="34.06408" lon="-118.25011">
        <ele>0</ele>
      </trkpt>
      <trkpt lat="34.06412" lon="-118.25015">
        <ele>0</ele>
      </trkpt>
      <trkpt lat="34.06421" lon="-118.25027">
        <ele>0</ele>
      </trkpt>
      <trkpt lat="34.06441" lon="-118.25056">
        <ele>0</ele>
      </trkpt>
      <trkpt lat="34.06465" lon="-118.25089">
        <ele>0</ele>
      </trkpt>
      <trkpt lat="34.06466" lon="-118.2509">
        <ele>0</ele>
      </trkpt>
      <trkpt lat="34.06509" lon="-118.25148">
        <ele>0</ele>
      </trkpt>
      <trkpt lat="34.06518" lon="-118.25161">
        <ele>0</ele>
      </trkpt>
      <trkpt lat="34.0652" lon="-118.25163">
        <ele>0</ele>
      </trkpt>
      <trkpt lat="34.06524" lon="-118.25169">
        <ele>0</ele>
      </trkpt>
      <trkpt lat="34.06538" lon="-118.25187">
        <ele>0</ele>
      </trkpt>
      <trkpt lat="34.06564" lon="-118.25225">
        <ele>0</ele>
      </trkpt>
      <trkpt lat="34.06574" lon="-118.25237">
        <ele>0</ele>
      </trkpt>
      <trkpt lat="34.06601" lon="-118.25275">
        <ele>0</ele>
      </trkpt>
      <trkpt lat="34.06602" lon="-118.25276">
        <ele>0</ele>
      </trkpt>
      <trkpt lat="34.06613" lon="-118.25293">
        <ele>0</ele>
      </trkpt>
      <trkpt lat="34.06624" lon="-118.25307">
        <ele>0</ele>
      </trkpt>
      <trkpt lat="34.06632" lon="-118.25319">
        <ele>0</ele>
      </trkpt>
      <trkpt lat="34.06636" lon="-118.25324">
        <ele>0</ele>
      </trkpt>
      <trkpt lat="34.06637" lon="-118.25326">
        <ele>0</ele>
      </trkpt>
      <trkpt lat="34.06669" lon="-118.25371">
        <ele>0</ele>
      </trkpt>
      <trkpt lat="34.06671" lon="-118.25373">
        <ele>0</ele>
      </trkpt>
      <trkpt lat="34.06688" lon="-118.25399">
        <ele>0</ele>
      </trkpt>
      <trkpt lat="34.06691" lon="-118.25402">
        <ele>0</ele>
      </trkpt>
      <trkpt lat="34.06696" lon="-118.2541">
        <ele>0</ele>
      </trkpt>
      <trkpt lat="34.06701" lon="-118.2542">
        <ele>0</ele>
      </trkpt>
      <trkpt lat="34.06716" lon="-118.25444">
        <ele>0</ele>
      </trkpt>
      <trkpt lat="34.06745" lon="-118.25497">
        <ele>0</ele>
      </trkpt>
      <trkpt lat="34.06757" lon="-118.25521">
        <ele>0</ele>
      </trkpt>
      <trkpt lat="34.06759" lon="-118.25524">
        <ele>0</ele>
      </trkpt>
      <trkpt lat="34.06771" lon="-118.25549">
        <ele>0</ele>
      </trkpt>
      <trkpt lat="34.06773" lon="-118.25555">
        <ele>0</ele>
      </trkpt>
      <trkpt lat="34.06782" lon="-118.25573">
        <ele>0</ele>
      </trkpt>
      <trkpt lat="34.06785" lon="-118.25581">
        <ele>0</ele>
      </trkpt>
      <trkpt lat="34.06791" lon="-118.25594">
        <ele>0</ele>
      </trkpt>
      <trkpt lat="34.06793" lon="-118.25601">
        <ele>0</ele>
      </trkpt>
      <trkpt lat="34.06798" lon="-118.25612">
        <ele>0</ele>
      </trkpt>
      <trkpt lat="34.06801" lon="-118.25621">
        <ele>0</ele>
      </trkpt>
      <trkpt lat="34.06804" lon="-118.25628">
        <ele>0</ele>
      </trkpt>
      <trkpt lat="34.06805" lon="-118.25632">
        <ele>0</ele>
      </trkpt>
      <trkpt lat="34.0681" lon="-118.25643">
        <ele>0</ele>
      </trkpt>
      <trkpt lat="34.06824" lon="-118.25684">
        <ele>0</ele>
      </trkpt>
      <trkpt lat="34.06826" lon="-118.25689">
        <ele>0</ele>
      </trkpt>
      <trkpt lat="34.06827" lon="-118.2569">
        <ele>0</ele>
      </trkpt>
      <trkpt lat="34.06827" lon="-118.25691">
        <ele>0</ele>
      </trkpt>
      <trkpt lat="34.0684" lon="-118.25728">
        <ele>0</ele>
      </trkpt>
      <trkpt lat="34.06842" lon="-118.25732">
        <ele>0</ele>
      </trkpt>
      <trkpt lat="34.06854" lon="-118.25768">
        <ele>0</ele>
      </trkpt>
      <trkpt lat="34.06867" lon="-118.25804">
        <ele>0</ele>
      </trkpt>
      <trkpt lat="34.06873" lon="-118.25823">
        <ele>0</ele>
      </trkpt>
      <trkpt lat="34.06874" lon="-118.25823">
        <ele>0</ele>
      </trkpt>
      <trkpt lat="34.06875" lon="-118.25827">
        <ele>0</ele>
      </trkpt>
      <trkpt lat="34.06892" lon="-118.25874">
        <ele>0</ele>
      </trkpt>
      <trkpt lat="34.06893" lon="-118.25876">
        <ele>0</ele>
      </trkpt>
      <trkpt lat="34.06895" lon="-118.25883">
        <ele>0</ele>
      </trkpt>
      <trkpt lat="34.06906" lon="-118.25915">
        <ele>0</ele>
      </trkpt>
      <trkpt lat="34.06914" lon="-118.25936">
        <ele>0</ele>
      </trkpt>
      <trkpt lat="34.06916" lon="-118.25943">
        <ele>0</ele>
      </trkpt>
      <trkpt lat="34.06929" lon="-118.25978">
        <ele>0</ele>
      </trkpt>
      <trkpt lat="34.0693" lon="-118.25982">
        <ele>0</ele>
      </trkpt>
      <trkpt lat="34.06992" lon="-118.26158">
        <ele>0</ele>
      </trkpt>
      <trkpt lat="34.06994" lon="-118.26165">
        <ele>0</ele>
      </trkpt>
      <trkpt lat="34.0701" lon="-118.26209">
        <ele>0</ele>
      </trkpt>
      <trkpt lat="34.07011" lon="-118.26214">
        <ele>0</ele>
      </trkpt>
      <trkpt lat="34.07021" lon="-118.2624">
        <ele>0</ele>
      </trkpt>
      <trkpt lat="34.07053" lon="-118.26332">
        <ele>0</ele>
      </trkpt>
      <trkpt lat="34.07061" lon="-118.26352">
        <ele>0</ele>
      </trkpt>
      <trkpt lat="34.0707" lon="-118.26371">
        <ele>0</ele>
      </trkpt>
      <trkpt lat="34.07074" lon="-118.26382">
        <ele>0</ele>
      </trkpt>
      <trkpt lat="34.0708" lon="-118.26394">
        <ele>0</ele>
      </trkpt>
      <trkpt lat="34.07115" lon="-118.26473">
        <ele>0</ele>
      </trkpt>
      <trkpt lat="34.07122" lon="-118.26491">
        <ele>0</ele>
      </trkpt>
      <trkpt lat="34.07144" lon="-118.26539">
        <ele>0</ele>
      </trkpt>
      <trkpt lat="34.07145" lon="-118.26542">
        <ele>0</ele>
      </trkpt>
      <trkpt lat="34.07167" lon="-118.26591">
        <ele>0</ele>
      </trkpt>
      <trkpt lat="34.07167" lon="-118.26593">
        <ele>0</ele>
      </trkpt>
      <trkpt lat="34.07184" lon="-118.26629">
        <ele>0</ele>
      </trkpt>
      <trkpt lat="34.07198" lon="-118.26662">
        <ele>0</ele>
      </trkpt>
      <trkpt lat="34.07202" lon="-118.2667">
        <ele>0</ele>
      </trkpt>
      <trkpt lat="34.07218" lon="-118.26706">
        <ele>0</ele>
      </trkpt>
      <trkpt lat="34.07222" lon="-118.26716">
        <ele>0</ele>
      </trkpt>
      <trkpt lat="34.07223" lon="-118.26717">
        <ele>0</ele>
      </trkpt>
      <trkpt lat="34.07245" lon="-118.26768">
        <ele>0</ele>
      </trkpt>
      <trkpt lat="34.07305" lon="-118.26914">
        <ele>0</ele>
      </trkpt>
      <trkpt lat="34.07315" lon="-118.2694">
        <ele>0</ele>
      </trkpt>
      <trkpt lat="34.07316" lon="-118.26941">
        <ele>0</ele>
      </trkpt>
      <trkpt lat="34.07333" lon="-118.26983">
        <ele>0</ele>
      </trkpt>
      <trkpt lat="34.07339" lon="-118.26996">
        <ele>0</ele>
      </trkpt>
      <trkpt lat="34.07347" lon="-118.27016">
        <ele>0</ele>
      </trkpt>
      <trkpt lat="34.07365" lon="-118.27054">
        <ele>0</ele>
      </trkpt>
      <trkpt lat="34.07367" lon="-118.27057">
        <ele>0</ele>
      </trkpt>
      <trkpt lat="34.07375" lon="-118.27072">
        <ele>0</ele>
      </trkpt>
      <trkpt lat="34.07376" lon="-118.27076">
        <ele>0</ele>
      </trkpt>
      <trkpt lat="34.07379" lon="-118.27081">
        <ele>0</ele>
      </trkpt>
      <trkpt lat="34.07405" lon="-118.27133">
        <ele>0</ele>
      </trkpt>
      <trkpt lat="34.07419" lon="-118.27159">
        <ele>0</ele>
      </trkpt>
      <trkpt lat="34.0743" lon="-118.27183">
        <ele>0</ele>
      </trkpt>
      <trkpt lat="34.07441" lon="-118.27205">
        <ele>0</ele>
      </trkpt>
      <trkpt lat="34.07445" lon="-118.27215">
        <ele>0</ele>
      </trkpt>
      <trkpt lat="34.07453" lon="-118.27231">
        <ele>0</ele>
      </trkpt>
      <trkpt lat="34.07463" lon="-118.27254">
        <ele>0</ele>
      </trkpt>
      <trkpt lat="34.07464" lon="-118.27255">
        <ele>0</ele>
      </trkpt>
      <trkpt lat="34.07474" lon="-118.27284">
        <ele>0</ele>
      </trkpt>
      <trkpt lat="34.07478" lon="-118.27293">
        <ele>0</ele>
      </trkpt>
      <trkpt lat="34.07489" lon="-118.27322">
        <ele>0</ele>
      </trkpt>
      <trkpt lat="34.07491" lon="-118.27329">
        <ele>0</ele>
      </trkpt>
      <trkpt lat="34.07495" lon="-118.2734">
        <ele>0</ele>
      </trkpt>
      <trkpt lat="34.07497" lon="-118.27344">
        <ele>0</ele>
      </trkpt>
      <trkpt lat="34.07501" lon="-118.27354">
        <ele>0</ele>
      </trkpt>
      <trkpt lat="34.07506" lon="-118.2737">
        <ele>0</ele>
      </trkpt>
      <trkpt lat="34.07511" lon="-118.27381">
        <ele>0</ele>
      </trkpt>
      <trkpt lat="34.07513" lon="-118.27388">
        <ele>0</ele>
      </trkpt>
      <trkpt lat="34.07516" lon="-118.27396">
        <ele>0</ele>
      </trkpt>
      <trkpt lat="34.07517" lon="-118.27402">
        <ele>0</ele>
      </trkpt>
      <trkpt lat="34.07526" lon="-118.27431">
        <ele>0</ele>
      </trkpt>
      <trkpt lat="34.07534" lon="-118.2746">
        <ele>0</ele>
      </trkpt>
      <trkpt lat="34.07535" lon="-118.27461">
        <ele>0</ele>
      </trkpt>
      <trkpt lat="34.07569" lon="-118.27578">
        <ele>0</ele>
      </trkpt>
      <trkpt lat="34.07573" lon="-118.27594">
        <ele>0</ele>
      </trkpt>
      <trkpt lat="34.07579" lon="-118.27613">
        <ele>0</ele>
      </trkpt>
      <trkpt lat="34.07589" lon="-118.2765">
        <ele>0</ele>
      </trkpt>
      <trkpt lat="34.07594" lon="-118.27664">
        <ele>0</ele>
      </trkpt>
      <trkpt lat="34.07612" lon="-118.27727">
        <ele>0</ele>
      </trkpt>
      <trkpt lat="34.07613" lon="-118.27733">
        <ele>0</ele>
      </trkpt>
      <trkpt lat="34.07665" lon="-118.27914">
        <ele>0</ele>
      </trkpt>
      <trkpt lat="34.07668" lon="-118.27927">
        <ele>0</ele>
      </trkpt>
      <trkpt lat="34.07671" lon="-118.27936">
        <ele>0</ele>
      </trkpt>
      <trkpt lat="34.07676" lon="-118.27954">
        <ele>0</ele>
      </trkpt>
      <trkpt lat="34.07679" lon="-118.27963">
        <ele>0</ele>
      </trkpt>
      <trkpt lat="34.07736" lon="-118.28205">
        <ele>0</ele>
      </trkpt>
      <trkpt lat="34.0774" lon="-118.28225">
        <ele>0</ele>
      </trkpt>
      <trkpt lat="34.07742" lon="-118.2823">
        <ele>0</ele>
      </trkpt>
      <trkpt lat="34.07756" lon="-118.28293">
        <ele>0</ele>
      </trkpt>
      <trkpt lat="34.07758" lon="-118.28298">
        <ele>0</ele>
      </trkpt>
      <trkpt lat="34.0776" lon="-118.28311">
        <ele>0</ele>
      </trkpt>
      <trkpt lat="34.07768" lon="-118.28342">
        <ele>0</ele>
      </trkpt>
      <trkpt lat="34.07775" lon="-118.28376">
        <ele>0</ele>
      </trkpt>
      <trkpt lat="34.07779" lon="-118.28391">
        <ele>0</ele>
      </trkpt>
      <trkpt lat="34.078" lon="-118.28487">
        <ele>0</ele>
      </trkpt>
      <trkpt lat="34.07803" lon="-118.28498">
        <ele>0</ele>
      </trkpt>
      <trkpt lat="34.0781" lon="-118.28531">
        <ele>0</ele>
      </trkpt>
      <trkpt lat="34.07814" lon="-118.28556">
        <ele>0</ele>
      </trkpt>
      <trkpt lat="34.07822" lon="-118.28596">
        <ele>0</ele>
      </trkpt>
      <trkpt lat="34.07825" lon="-118.28615">
        <ele>0</ele>
      </trkpt>
      <trkpt lat="34.07829" lon="-118.28632">
        <ele>0</ele>
      </trkpt>
      <trkpt lat="34.0783" lon="-118.28642">
        <ele>0</ele>
      </trkpt>
      <trkpt lat="34.07837" lon="-118.28678">
        <ele>0</ele>
      </trkpt>
      <trkpt lat="34.07837" lon="-118.28681">
        <ele>0</ele>
      </trkpt>
      <trkpt lat="34.0784" lon="-118.28698">
        <ele>0</ele>
      </trkpt>
      <trkpt lat="34.0785" lon="-118.28746">
        <ele>0</ele>
      </trkpt>
      <trkpt lat="34.07853" lon="-118.28758">
        <ele>0</ele>
      </trkpt>
      <trkpt lat="34.07857" lon="-118.2878">
        <ele>0</ele>
      </trkpt>
      <trkpt lat="34.07882" lon="-118.28869">
        <ele>0</ele>
      </trkpt>
      <trkpt lat="34.07891" lon="-118.28895">
        <ele>0</ele>
      </trkpt>
      <trkpt lat="34.07891" lon="-118.28897">
        <ele>0</ele>
      </trkpt>
      <trkpt lat="34.07892" lon="-118.28898">
        <ele>0</ele>
      </trkpt>
      <trkpt lat="34.07904" lon="-118.28933">
        <ele>0</ele>
      </trkpt>
      <trkpt lat="34.07919" lon="-118.2897">
        <ele>0</ele>
      </trkpt>
      <trkpt lat="34.0792" lon="-118.28973">
        <ele>0</ele>
      </trkpt>
      <trkpt lat="34.07927" lon="-118.28989">
        <ele>0</ele>
      </trkpt>
      <trkpt lat="34.07932" lon="-118.28999">
        <ele>0</ele>
      </trkpt>
      <trkpt lat="34.07934" lon="-118.29005">
        <ele>0</ele>
      </trkpt>
      <trkpt lat="34.07954" lon="-118.29045">
        <ele>0</ele>
      </trkpt>
      <trkpt lat="34.07957" lon="-118.2905">
        <ele>0</ele>
      </trkpt>
      <trkpt lat="34.07986" lon="-118.29105">
        <ele>0</ele>
      </trkpt>
      <trkpt lat="34.08002" lon="-118.29133">
        <ele>0</ele>
      </trkpt>
      <trkpt lat="34.08006" lon="-118.29142">
        <ele>0</ele>
      </trkpt>
      <trkpt lat="34.08028" lon="-118.29184">
        <ele>0</ele>
      </trkpt>
      <trkpt lat="34.08032" lon="-118.2919">
        <ele>0</ele>
      </trkpt>
      <trkpt lat="34.08043" lon="-118.29212">
        <ele>0</ele>
      </trkpt>
      <trkpt lat="34.08062" lon="-118.29246">
        <ele>0</ele>
      </trkpt>
      <trkpt lat="34.08065" lon="-118.29253">
        <ele>0</ele>
      </trkpt>
      <trkpt lat="34.08084" lon="-118.29289">
        <ele>0</ele>
      </trkpt>
      <trkpt lat="34.08091" lon="-118.29305">
        <ele>0</ele>
      </trkpt>
      <trkpt lat="34.08114" lon="-118.29352">
        <ele>0</ele>
      </trkpt>
      <trkpt lat="34.08117" lon="-118.29359">
        <ele>0</ele>
      </trkpt>
      <trkpt lat="34.08127" lon="-118.29379">
        <ele>0</ele>
      </trkpt>
      <trkpt lat="34.0813" lon="-118.29387">
        <ele>0</ele>
      </trkpt>
      <trkpt lat="34.08155" lon="-118.29438">
        <ele>0</ele>
      </trkpt>
      <trkpt lat="34.08157" lon="-118.29444">
        <ele>0</ele>
      </trkpt>
      <trkpt lat="34.08173" lon="-118.29477">
        <ele>0</ele>
      </trkpt>
      <trkpt lat="34.08254" lon="-118.29653">
        <ele>0</ele>
      </trkpt>
      <trkpt lat="34.08255" lon="-118.29656">
        <ele>0</ele>
      </trkpt>
      <trkpt lat="34.08261" lon="-118.29667">
        <ele>0</ele>
      </trkpt>
      <trkpt lat="34.08267" lon="-118.29682">
        <ele>0</ele>
      </trkpt>
      <trkpt lat="34.0828" lon="-118.29708">
        <ele>0</ele>
      </trkpt>
      <trkpt lat="34.08286" lon="-118.29722">
        <ele>0</ele>
      </trkpt>
      <trkpt lat="34.08294" lon="-118.29738">
        <ele>0</ele>
      </trkpt>
      <trkpt lat="34.08297" lon="-118.29742">
        <ele>0</ele>
      </trkpt>
      <trkpt lat="34.083" lon="-118.29748">
        <ele>0</ele>
      </trkpt>
      <trkpt lat="34.08302" lon="-118.29751">
        <ele>0</ele>
      </trkpt>
      <trkpt lat="34.08323" lon="-118.29792">
        <ele>0</ele>
      </trkpt>
      <trkpt lat="34.08328" lon="-118.298">
        <ele>0</ele>
      </trkpt>
      <trkpt lat="34.08332" lon="-118.29808">
        <ele>0</ele>
      </trkpt>
      <trkpt lat="34.08335" lon="-118.29813">
        <ele>0</ele>
      </trkpt>
      <trkpt lat="34.08336" lon="-118.29813">
        <ele>0</ele>
      </trkpt>
      <trkpt lat="34.08341" lon="-118.29823">
        <ele>0</ele>
      </trkpt>
      <trkpt lat="34.08364" lon="-118.2986">
        <ele>0</ele>
      </trkpt>
      <trkpt lat="34.08369" lon="-118.29869">
        <ele>0</ele>
      </trkpt>
      <trkpt lat="34.08374" lon="-118.29877">
        <ele>0</ele>
      </trkpt>
      <trkpt lat="34.08385" lon="-118.29893">
        <ele>0</ele>
      </trkpt>
      <trkpt lat="34.08394" lon="-118.29908">
        <ele>0</ele>
      </trkpt>
      <trkpt lat="34.0854" lon="-118.30119">
        <ele>0</ele>
      </trkpt>
      <trkpt lat="34.08557" lon="-118.30145">
        <ele>0</ele>
      </trkpt>
      <trkpt lat="34.0863" lon="-118.30251">
        <ele>0</ele>
      </trkpt>
      <trkpt lat="34.08638" lon="-118.30264">
        <ele>0</ele>
      </trkpt>
      <trkpt lat="34.08646" lon="-118.30274">
        <ele>0</ele>
      </trkpt>
      <trkpt lat="34.08665" lon="-118.30302">
        <ele>0</ele>
      </trkpt>
      <trkpt lat="34.08699" lon="-118.30348">
        <ele>0</ele>
      </trkpt>
      <trkpt lat="34.08702" lon="-118.30351">
        <ele>0</ele>
      </trkpt>
      <trkpt lat="34.0873" lon="-118.30384">
        <ele>0</ele>
      </trkpt>
      <trkpt lat="34.08739" lon="-118.30393">
        <ele>0</ele>
      </trkpt>
      <trkpt lat="34.08748" lon="-118.30403">
        <ele>0</ele>
      </trkpt>
      <trkpt lat="34.08765" lon="-118.3042">
        <ele>0</ele>
      </trkpt>
      <trkpt lat="34.0877" lon="-118.30426">
        <ele>0</ele>
      </trkpt>
      <trkpt lat="34.08824" lon="-118.30474">
        <ele>0</ele>
      </trkpt>
      <trkpt lat="34.08828" lon="-118.30477">
        <ele>0</ele>
      </trkpt>
      <trkpt lat="34.0883" lon="-118.30479">
        <ele>0</ele>
      </trkpt>
      <trkpt lat="34.08875" lon="-118.30512">
        <ele>0</ele>
      </trkpt>
      <trkpt lat="34.08893" lon="-118.30526">
        <ele>0</ele>
      </trkpt>
      <trkpt lat="34.08912" lon="-118.30537">
        <ele>0</ele>
      </trkpt>
      <trkpt lat="34.08955" lon="-118.30564">
        <ele>0</ele>
      </trkpt>
      <trkpt lat="34.08966" lon="-118.3057">
        <ele>0</ele>
      </trkpt>
      <trkpt lat="34.0897" lon="-118.30573">
        <ele>0</ele>
      </trkpt>
      <trkpt lat="34.0899" lon="-118.30585">
        <ele>0</ele>
      </trkpt>
      <trkpt lat="34.0904" lon="-118.30617">
        <ele>0</ele>
      </trkpt>
      <trkpt lat="34.09047" lon="-118.30622">
        <ele>0</ele>
      </trkpt>
      <trkpt lat="34.09092" lon="-118.30648">
        <ele>0</ele>
      </trkpt>
      <trkpt lat="34.09107" lon="-118.30658">
        <ele>0</ele>
      </trkpt>
      <trkpt lat="34.0912" lon="-118.30665">
        <ele>0</ele>
      </trkpt>
      <trkpt lat="34.09167" lon="-118.30694">
        <ele>0</ele>
      </trkpt>
      <trkpt lat="34.09189" lon="-118.30709">
        <ele>0</ele>
      </trkpt>
      <trkpt lat="34.09191" lon="-118.30711">
        <ele>0</ele>
      </trkpt>
      <trkpt lat="34.09223" lon="-118.30734">
        <ele>0</ele>
      </trkpt>
      <trkpt lat="34.09234" lon="-118.30744">
        <ele>0</ele>
      </trkpt>
      <trkpt lat="34.09253" lon="-118.3076">
        <ele>0</ele>
      </trkpt>
      <trkpt lat="34.09273" lon="-118.30779">
        <ele>0</ele>
      </trkpt>
      <trkpt lat="34.09304" lon="-118.30812">
        <ele>0</ele>
      </trkpt>
      <trkpt lat="34.09313" lon="-118.30824">
        <ele>0</ele>
      </trkpt>
      <trkpt lat="34.09322" lon="-118.30834">
        <ele>0</ele>
      </trkpt>
      <trkpt lat="34.09332" lon="-118.30847">
        <ele>0</ele>
      </trkpt>
      <trkpt lat="34.09356" lon="-118.30883">
        <ele>0</ele>
      </trkpt>
      <trkpt lat="34.09401" lon="-118.30954">
        <ele>0</ele>
      </trkpt>
      <trkpt lat="34.09411" lon="-118.30971">
        <ele>0</ele>
      </trkpt>
      <trkpt lat="34.0942" lon="-118.30984">
        <ele>0</ele>
      </trkpt>
      <trkpt lat="34.09427" lon="-118.30997">
        <ele>0</ele>
      </trkpt>
      <trkpt lat="34.09444" lon="-118.31022">
        <ele>0</ele>
      </trkpt>
      <trkpt lat="34.09451" lon="-118.31035">
        <ele>0</ele>
      </trkpt>
      <trkpt lat="34.09464" lon="-118.31055">
        <ele>0</ele>
      </trkpt>
      <trkpt lat="34.09467" lon="-118.31059">
        <ele>0</ele>
      </trkpt>
      <trkpt lat="34.09514" lon="-118.31134">
        <ele>0</ele>
      </trkpt>
      <trkpt lat="34.09515" lon="-118.31136">
        <ele>0</ele>
      </trkpt>
      <trkpt lat="34.09516" lon="-118.31137">
        <ele>0</ele>
      </trkpt>
      <trkpt lat="34.0953" lon="-118.3116">
        <ele>0</ele>
      </trkpt>
      <trkpt lat="34.0957" lon="-118.31217">
        <ele>0</ele>
      </trkpt>
      <trkpt lat="34.09585" lon="-118.31236">
        <ele>0</ele>
      </trkpt>
      <trkpt lat="34.09586" lon="-118.31239">
        <ele>0</ele>
      </trkpt>
      <trkpt lat="34.0959" lon="-118.31243">
        <ele>0</ele>
      </trkpt>
      <trkpt lat="34.09609" lon="-118.31267">
        <ele>0</ele>
      </trkpt>
      <trkpt lat="34.09629" lon="-118.31289">
        <ele>0</ele>
      </trkpt>
      <trkpt lat="34.09639" lon="-118.31299">
        <ele>0</ele>
      </trkpt>
      <trkpt lat="34.09648" lon="-118.3131">
        <ele>0</ele>
      </trkpt>
      <trkpt lat="34.09659" lon="-118.3132">
        <ele>0</ele>
      </trkpt>
      <trkpt lat="34.09668" lon="-118.3133">
        <ele>0</ele>
      </trkpt>
      <trkpt lat="34.09674" lon="-118.31335">
        <ele>0</ele>
      </trkpt>
      <trkpt lat="34.09679" lon="-118.3134">
        <ele>0</ele>
      </trkpt>
      <trkpt lat="34.09708" lon="-118.31366">
        <ele>0</ele>
      </trkpt>
      <trkpt lat="34.09716" lon="-118.31372">
        <ele>0</ele>
      </trkpt>
      <trkpt lat="34.09718" lon="-118.31375">
        <ele>0</ele>
      </trkpt>
      <trkpt lat="34.09721" lon="-118.31377">
        <ele>0</ele>
      </trkpt>
      <trkpt lat="34.09732" lon="-118.31386">
        <ele>0</ele>
      </trkpt>
      <trkpt lat="34.09754" lon="-118.31402">
        <ele>0</ele>
      </trkpt>
      <trkpt lat="34.09756" lon="-118.31404">
        <ele>0</ele>
      </trkpt>
      <trkpt lat="34.09791" lon="-118.31429">
        <ele>0</ele>
      </trkpt>
      <trkpt lat="34.098" lon="-118.31434">
        <ele>0</ele>
      </trkpt>
      <trkpt lat="34.09807" lon="-118.31439">
        <ele>0</ele>
      </trkpt>
      <trkpt lat="34.09819" lon="-118.31445">
        <ele>0</ele>
      </trkpt>
      <trkpt lat="34.09819" lon="-118.31446">
        <ele>0</ele>
      </trkpt>
      <trkpt lat="34.09822" lon="-118.31447">
        <ele>0</ele>
      </trkpt>
      <trkpt lat="34.09823" lon="-118.31448">
        <ele>0</ele>
      </trkpt>
      <trkpt lat="34.09826" lon="-118.3145">
        <ele>0</ele>
      </trkpt>
      <trkpt lat="34.09858" lon="-118.31468">
        <ele>0</ele>
      </trkpt>
      <trkpt lat="34.09869" lon="-118.31475">
        <ele>0</ele>
      </trkpt>
      <trkpt lat="34.09871" lon="-118.31476">
        <ele>0</ele>
      </trkpt>
      <trkpt lat="34.09872" lon="-118.31477">
        <ele>0</ele>
      </trkpt>
      <trkpt lat="34.09912" lon="-118.31501">
        <ele>0</ele>
      </trkpt>
      <trkpt lat="34.09918" lon="-118.31504">
        <ele>0</ele>
      </trkpt>
      <trkpt lat="34.09929" lon="-118.31511">
        <ele>0</ele>
      </trkpt>
      <trkpt lat="34.09976" lon="-118.31538">
        <ele>0</ele>
      </trkpt>
      <trkpt lat="34.09988" lon="-118.31546">
        <ele>0</ele>
      </trkpt>
      <trkpt lat="34.1" lon="-118.31552">
        <ele>0</ele>
      </trkpt>
      <trkpt lat="34.10014" lon="-118.31561">
        <ele>0</ele>
      </trkpt>
      <trkpt lat="34.10024" lon="-118.31566">
        <ele>0</ele>
      </trkpt>
      <trkpt lat="34.10095" lon="-118.31608">
        <ele>0</ele>
      </trkpt>
      <trkpt lat="34.10107" lon="-118.31614">
        <ele>0</ele>
      </trkpt>
      <trkpt lat="34.10119" lon="-118.31622">
        <ele>0</ele>
      </trkpt>
      <trkpt lat="34.1013" lon="-118.31628">
        <ele>0</ele>
      </trkpt>
      <trkpt lat="34.10131" lon="-118.31629">
        <ele>0</ele>
      </trkpt>
      <trkpt lat="34.10153" lon="-118.31641">
        <ele>0</ele>
      </trkpt>
      <trkpt lat="34.10186" lon="-118.31662">
        <ele>0</ele>
      </trkpt>
      <trkpt lat="34.10188" lon="-118.31664">
        <ele>0</ele>
      </trkpt>
      <trkpt lat="34.10222" lon="-118.31689">
        <ele>0</ele>
      </trkpt>
      <trkpt lat="34.10233" lon="-118.31698">
        <ele>0</ele>
      </trkpt>
      <trkpt lat="34.10237" lon="-118.31703">
        <ele>0</ele>
      </trkpt>
      <trkpt lat="34.10243" lon="-118.31708">
        <ele>0</ele>
      </trkpt>
      <trkpt lat="34.10252" lon="-118.31717">
        <ele>0</ele>
      </trkpt>
      <trkpt lat="34.10257" lon="-118.31721">
        <ele>0</ele>
      </trkpt>
      <trkpt lat="34.10263" lon="-118.31727">
        <ele>0</ele>
      </trkpt>
      <trkpt lat="34.10273" lon="-118.31738">
        <ele>0</ele>
      </trkpt>
      <trkpt lat="34.10283" lon="-118.31748">
        <ele>0</ele>
      </trkpt>
      <trkpt lat="34.10285" lon="-118.31752">
        <ele>0</ele>
      </trkpt>
      <trkpt lat="34.10299" lon="-118.31768">
        <ele>0</ele>
      </trkpt>
      <trkpt lat="34.1031" lon="-118.31782">
        <ele>0</ele>
      </trkpt>
      <trkpt lat="34.10326" lon="-118.31804">
        <ele>0</ele>
      </trkpt>
      <trkpt lat="34.10334" lon="-118.31817">
        <ele>0</ele>
      </trkpt>
      <trkpt lat="34.10335" lon="-118.31818">
        <ele>0</ele>
      </trkpt>
      <trkpt lat="34.10338" lon="-118.31822">
        <ele>0</ele>
      </trkpt>
      <trkpt lat="34.10343" lon="-118.31831">
        <ele>0</ele>
      </trkpt>
      <trkpt lat="34.10351" lon="-118.31844">
        <ele>0</ele>
      </trkpt>
      <trkpt lat="34.10374" lon="-118.31888">
        <ele>0</ele>
      </trkpt>
      <trkpt lat="34.10384" lon="-118.31911">
        <ele>0</ele>
      </trkpt>
      <trkpt lat="34.10389" lon="-118.31924">
        <ele>0</ele>
      </trkpt>
      <trkpt lat="34.10396" lon="-118.3194">
        <ele>0</ele>
      </trkpt>
      <trkpt lat="34.104" lon="-118.31953">
        <ele>0</ele>
      </trkpt>
      <trkpt lat="34.10405" lon="-118.31967">
        <ele>0</ele>
      </trkpt>
      <trkpt lat="34.1041" lon="-118.31983">
        <ele>0</ele>
      </trkpt>
      <trkpt lat="34.10411" lon="-118.31985">
        <ele>0</ele>
      </trkpt>
      <trkpt lat="34.10413" lon="-118.31995">
        <ele>0</ele>
      </trkpt>
      <trkpt lat="34.1042" lon="-118.32022">
        <ele>0</ele>
      </trkpt>
      <trkpt lat="34.10427" lon="-118.32058">
        <ele>0</ele>
      </trkpt>
      <trkpt lat="34.10428" lon="-118.3206">
        <ele>0</ele>
      </trkpt>
      <trkpt lat="34.10432" lon="-118.32088">
        <ele>0</ele>
      </trkpt>
      <trkpt lat="34.10433" lon="-118.32089">
        <ele>0</ele>
      </trkpt>
      <trkpt lat="34.10434" lon="-118.32105">
        <ele>0</ele>
      </trkpt>
      <trkpt lat="34.10436" lon="-118.32116">
        <ele>0</ele>
      </trkpt>
      <trkpt lat="34.10439" lon="-118.32165">
        <ele>0</ele>
      </trkpt>
      <trkpt lat="34.10439" lon="-118.32195">
        <ele>0</ele>
      </trkpt>
      <trkpt lat="34.1044" lon="-118.3221">
        <ele>0</ele>
      </trkpt>
      <trkpt lat="34.1044" lon="-118.3224">
        <ele>0</ele>
      </trkpt>
      <trkpt lat="34.10441" lon="-118.32264">
        <ele>0</ele>
      </trkpt>
      <trkpt lat="34.10441" lon="-118.32277">
        <ele>0</ele>
      </trkpt>
      <trkpt lat="34.10445" lon="-118.32348">
        <ele>0</ele>
      </trkpt>
      <trkpt lat="34.10445" lon="-118.32355">
        <ele>0</ele>
      </trkpt>
      <trkpt lat="34.10449" lon="-118.32386">
        <ele>0</ele>
      </trkpt>
      <trkpt lat="34.10455" lon="-118.32417">
        <ele>0</ele>
      </trkpt>
      <trkpt lat="34.10455" lon="-118.3242">
        <ele>0</ele>
      </trkpt>
      <trkpt lat="34.10459" lon="-118.32437">
        <ele>0</ele>
      </trkpt>
      <trkpt lat="34.10461" lon="-118.32448">
        <ele>0</ele>
      </trkpt>
      <trkpt lat="34.10468" lon="-118.32474">
        <ele>0</ele>
      </trkpt>
      <trkpt lat="34.1048" lon="-118.3251">
        <ele>0</ele>
      </trkpt>
      <trkpt lat="34.10483" lon="-118.32522">
        <ele>0</ele>
      </trkpt>
      <trkpt lat="34.10486" lon="-118.3253">
        <ele>0</ele>
      </trkpt>
      <trkpt lat="34.10513" lon="-118.3259">
        <ele>0</ele>
      </trkpt>
      <trkpt lat="34.10521" lon="-118.32604">
        <ele>0</ele>
      </trkpt>
      <trkpt lat="34.10527" lon="-118.32616">
        <ele>0</ele>
      </trkpt>
      <trkpt lat="34.10535" lon="-118.3263">
        <ele>0</ele>
      </trkpt>
      <trkpt lat="34.10552" lon="-118.32657">
        <ele>0</ele>
      </trkpt>
      <trkpt lat="34.10559" lon="-118.3267">
        <ele>0</ele>
      </trkpt>
      <trkpt lat="34.10579" lon="-118.32702">
        <ele>0</ele>
      </trkpt>
      <trkpt lat="34.10582" lon="-118.32708">
        <ele>0</ele>
      </trkpt>
      <trkpt lat="34.10645" lon="-118.32811">
        <ele>0</ele>
      </trkpt>
      <trkpt lat="34.10646" lon="-118.32814">
        <ele>0</ele>
      </trkpt>
      <trkpt lat="34.10659" lon="-118.32835">
        <ele>0</ele>
      </trkpt>
      <trkpt lat="34.10662" lon="-118.32839">
        <ele>0</ele>
      </trkpt>
      <trkpt lat="34.1067" lon="-118.32853">
        <ele>0</ele>
      </trkpt>
      <trkpt lat="34.10671" lon="-118.32854">
        <ele>0</ele>
      </trkpt>
      <trkpt lat="34.10698" lon="-118.32901">
        <ele>0</ele>
      </trkpt>
      <trkpt lat="34.10704" lon="-118.3291">
        <ele>0</ele>
      </trkpt>
      <trkpt lat="34.10713" lon="-118.32926">
        <ele>0</ele>
      </trkpt>
      <trkpt lat="34.10725" lon="-118.32945">
        <ele>0</ele>
      </trkpt>
      <trkpt lat="34.1073" lon="-118.32955">
        <ele>0</ele>
      </trkpt>
      <trkpt lat="34.10736" lon="-118.32965">
        <ele>0</ele>
      </trkpt>
      <trkpt lat="34.10737" lon="-118.32966">
        <ele>0</ele>
      </trkpt>
      <trkpt lat="34.10738" lon="-118.32968">
        <ele>0</ele>
      </trkpt>
      <trkpt lat="34.10741" lon="-118.32972">
        <ele>0</ele>
      </trkpt>
      <trkpt lat="34.10743" lon="-118.32976">
        <ele>0</ele>
      </trkpt>
      <trkpt lat="34.10744" lon="-118.32977">
        <ele>0</ele>
      </trkpt>
      <trkpt lat="34.10752" lon="-118.3299">
        <ele>0</ele>
      </trkpt>
      <trkpt lat="34.10759" lon="-118.33003">
        <ele>0</ele>
      </trkpt>
      <trkpt lat="34.1076" lon="-118.33004">
        <ele>0</ele>
      </trkpt>
      <trkpt lat="34.10795" lon="-118.33064">
        <ele>0</ele>
      </trkpt>
      <trkpt lat="34.10801" lon="-118.33073">
        <ele>0</ele>
      </trkpt>
      <trkpt lat="34.10856" lon="-118.33165">
        <ele>0</ele>
      </trkpt>
      <trkpt lat="34.10863" lon="-118.33178">
        <ele>0</ele>
      </trkpt>
      <trkpt lat="34.10879" lon="-118.33204">
        <ele>0</ele>
      </trkpt>
      <trkpt lat="34.10894" lon="-118.3323">
        <ele>0</ele>
      </trkpt>
      <trkpt lat="34.1091" lon="-118.33255">
        <ele>0</ele>
      </trkpt>
      <trkpt lat="34.10917" lon="-118.33268">
        <ele>0</ele>
      </trkpt>
      <trkpt lat="34.10949" lon="-118.33319">
        <ele>0</ele>
      </trkpt>
      <trkpt lat="34.10958" lon="-118.33331">
        <ele>0</ele>
      </trkpt>
      <trkpt lat="34.10966" lon="-118.33343">
        <ele>0</ele>
      </trkpt>
      <trkpt lat="34.10983" lon="-118.33366">
        <ele>0</ele>
      </trkpt>
      <trkpt lat="34.11011" lon="-118.334">
        <ele>0</ele>
      </trkpt>
      <trkpt lat="34.1103" lon="-118.33421">
        <ele>0</ele>
      </trkpt>
      <trkpt lat="34.1106" lon="-118.33451">
        <ele>0</ele>
      </trkpt>
      <trkpt lat="34.11064" lon="-118.33454">
        <ele>0</ele>
      </trkpt>
      <trkpt lat="34.11072" lon="-118.33462">
        <ele>0</ele>
      </trkpt>
      <trkpt lat="34.11083" lon="-118.33471">
        <ele>0</ele>
      </trkpt>
      <trkpt lat="34.11084" lon="-118.33472">
        <ele>0</ele>
      </trkpt>
      <trkpt lat="34.11109" lon="-118.33491">
        <ele>0</ele>
      </trkpt>
      <trkpt lat="34.11139" lon="-118.33512">
        <ele>0</ele>
      </trkpt>
      <trkpt lat="34.11151" lon="-118.33518">
        <ele>0</ele>
      </trkpt>
      <trkpt lat="34.11151" lon="-118.33519">
        <ele>0</ele>
      </trkpt>
      <trkpt lat="34.11163" lon="-118.33526">
        <ele>0</ele>
      </trkpt>
      <trkpt lat="34.11187" lon="-118.33538">
        <ele>0</ele>
      </trkpt>
      <trkpt lat="34.11213" lon="-118.3355">
        <ele>0</ele>
      </trkpt>
      <trkpt lat="34.11249" lon="-118.33563">
        <ele>0</ele>
      </trkpt>
      <trkpt lat="34.1125" lon="-118.33564">
        <ele>0</ele>
      </trkpt>
      <trkpt lat="34.11301" lon="-118.3358">
        <ele>0</ele>
      </trkpt>
      <trkpt lat="34.11313" lon="-118.33585">
        <ele>0</ele>
      </trkpt>
      <trkpt lat="34.11327" lon="-118.33589">
        <ele>0</ele>
      </trkpt>
      <trkpt lat="34.11341" lon="-118.33594">
        <ele>0</ele>
      </trkpt>
      <trkpt lat="34.11352" lon="-118.33597">
        <ele>0</ele>
      </trkpt>
      <trkpt lat="34.11365" lon="-118.33602">
        <ele>0</ele>
      </trkpt>
      <trkpt lat="34.11378" lon="-118.33606">
        <ele>0</ele>
      </trkpt>
      <trkpt lat="34.11389" lon="-118.3361">
        <ele>0</ele>
      </trkpt>
      <trkpt lat="34.11416" lon="-118.33618">
        <ele>0</ele>
      </trkpt>
      <trkpt lat="34.11428" lon="-118.33623">
        <ele>0</ele>
      </trkpt>
      <trkpt lat="34.11439" lon="-118.33626">
        <ele>0</ele>
      </trkpt>
      <trkpt lat="34.11486" lon="-118.33642">
        <ele>0</ele>
      </trkpt>
      <trkpt lat="34.1155" lon="-118.33662">
        <ele>0</ele>
      </trkpt>
      <trkpt lat="34.11563" lon="-118.33665">
        <ele>0</ele>
      </trkpt>
      <trkpt lat="34.11587" lon="-118.33673">
        <ele>0</ele>
      </trkpt>
      <trkpt lat="34.11601" lon="-118.33676">
        <ele>0</ele>
      </trkpt>
      <trkpt lat="34.11627" lon="-118.33684">
        <ele>0</ele>
      </trkpt>
      <trkpt lat="34.11645" lon="-118.33688">
        <ele>0</ele>
      </trkpt>
      <trkpt lat="34.11653" lon="-118.33691">
        <ele>0</ele>
      </trkpt>
      <trkpt lat="34.11678" lon="-118.33697">
        <ele>0</ele>
      </trkpt>
      <trkpt lat="34.11691" lon="-118.33701">
        <ele>0</ele>
      </trkpt>
      <trkpt lat="34.11704" lon="-118.33704">
        <ele>0</ele>
      </trkpt>
      <trkpt lat="34.1173" lon="-118.33712">
        <ele>0</ele>
      </trkpt>
      <trkpt lat="34.11738" lon="-118.33714">
        <ele>0</ele>
      </trkpt>
      <trkpt lat="34.11755" lon="-118.3372">
        <ele>0</ele>
      </trkpt>
      <trkpt lat="34.11768" lon="-118.33724">
        <ele>0</ele>
      </trkpt>
      <trkpt lat="34.11805" lon="-118.33739">
        <ele>0</ele>
      </trkpt>
      <trkpt lat="34.11808" lon="-118.3374">
        <ele>0</ele>
      </trkpt>
      <trkpt lat="34.11842" lon="-118.33754">
        <ele>0</ele>
      </trkpt>
      <trkpt lat="34.11849" lon="-118.33758">
        <ele>0</ele>
      </trkpt>
      <trkpt lat="34.11855" lon="-118.3376">
        <ele>0</ele>
      </trkpt>
      <trkpt lat="34.11904" lon="-118.33785">
        <ele>0</ele>
      </trkpt>
      <trkpt lat="34.11909" lon="-118.33787">
        <ele>0</ele>
      </trkpt>
      <trkpt lat="34.11942" lon="-118.33806">
        <ele>0</ele>
      </trkpt>
      <trkpt lat="34.11945" lon="-118.33808">
        <ele>0</ele>
      </trkpt>
      <trkpt lat="34.11951" lon="-118.33811">
        <ele>0</ele>
      </trkpt>
      <trkpt lat="34.11963" lon="-118.33819">
        <ele>0</ele>
      </trkpt>
      <trkpt lat="34.11975" lon="-118.33826">
        <ele>0</ele>
      </trkpt>
      <trkpt lat="34.11986" lon="-118.33834">
        <ele>0</ele>
      </trkpt>
      <trkpt lat="34.11998" lon="-118.33841">
        <ele>0</ele>
      </trkpt>
      <trkpt lat="34.12007" lon="-118.33847">
        <ele>0</ele>
      </trkpt>
      <trkpt lat="34.12009" lon="-118.33849">
        <ele>0</ele>
      </trkpt>
      <trkpt lat="34.12015" lon="-118.33853">
        <ele>0</ele>
      </trkpt>
      <trkpt lat="34.12029" lon="-118.33864">
        <ele>0</ele>
      </trkpt>
      <trkpt lat="34.12054" lon="-118.33882">
        <ele>0</ele>
      </trkpt>
      <trkpt lat="34.12088" lon="-118.33909">
        <ele>0</ele>
      </trkpt>
      <trkpt lat="34.12117" lon="-118.33935">
        <ele>0</ele>
      </trkpt>
      <trkpt lat="34.12119" lon="-118.33936">
        <ele>0</ele>
      </trkpt>
      <trkpt lat="34.12129" lon="-118.33946">
        <ele>0</ele>
      </trkpt>
      <trkpt lat="34.1214" lon="-118.33955">
        <ele>0</ele>
      </trkpt>
      <trkpt lat="34.12144" lon="-118.3396">
        <ele>0</ele>
      </trkpt>
      <trkpt lat="34.1215" lon="-118.33965">
        <ele>0</ele>
      </trkpt>
      <trkpt lat="34.12154" lon="-118.3397">
        <ele>0</ele>
      </trkpt>
      <trkpt lat="34.1216" lon="-118.33975">
        <ele>0</ele>
      </trkpt>
      <trkpt lat="34.1217" lon="-118.33985">
        <ele>0</ele>
      </trkpt>
      <trkpt lat="34.12209" lon="-118.34027">
        <ele>0</ele>
      </trkpt>
      <trkpt lat="34.12269" lon="-118.34097">
        <ele>0</ele>
      </trkpt>
      <trkpt lat="34.12272" lon="-118.341">
        <ele>0</ele>
      </trkpt>
      <trkpt lat="34.12275" lon="-118.34104">
        <ele>0</ele>
      </trkpt>
      <trkpt lat="34.12338" lon="-118.34176">
        <ele>0</ele>
      </trkpt>
      <trkpt lat="34.12343" lon="-118.34183">
        <ele>0</ele>
      </trkpt>
      <trkpt lat="34.12351" lon="-118.34193">
        <ele>0</ele>
      </trkpt>
      <trkpt lat="34.12361" lon="-118.34204">
        <ele>0</ele>
      </trkpt>
      <trkpt lat="34.12395" lon="-118.34246">
        <ele>0</ele>
      </trkpt>
      <trkpt lat="34.12403" lon="-118.34255">
        <ele>0</ele>
      </trkpt>
      <trkpt lat="34.12414" lon="-118.3427">
        <ele>0</ele>
      </trkpt>
      <trkpt lat="34.12439" lon="-118.343">
        <ele>0</ele>
      </trkpt>
      <trkpt lat="34.12469" lon="-118.34334">
        <ele>0</ele>
      </trkpt>
      <trkpt lat="34.12489" lon="-118.34355">
        <ele>0</ele>
      </trkpt>
      <trkpt lat="34.12513" lon="-118.34376">
        <ele>0</ele>
      </trkpt>
      <trkpt lat="34.12523" lon="-118.34384">
        <ele>0</ele>
      </trkpt>
      <trkpt lat="34.12533" lon="-118.34393">
        <ele>0</ele>
      </trkpt>
      <trkpt lat="34.12537" lon="-118.34395">
        <ele>0</ele>
      </trkpt>
      <trkpt lat="34.12545" lon="-118.34401">
        <ele>0</ele>
      </trkpt>
      <trkpt lat="34.12546" lon="-118.34402">
        <ele>0</ele>
      </trkpt>
      <trkpt lat="34.1258" lon="-118.34426">
        <ele>0</ele>
      </trkpt>
      <trkpt lat="34.12627" lon="-118.34456">
        <ele>0</ele>
      </trkpt>
      <trkpt lat="34.12663" lon="-118.34482">
        <ele>0</ele>
      </trkpt>
      <trkpt lat="34.12703" lon="-118.34513">
        <ele>0</ele>
      </trkpt>
      <trkpt lat="34.12729" lon="-118.34537">
        <ele>0</ele>
      </trkpt>
      <trkpt lat="34.12747" lon="-118.34555">
        <ele>0</ele>
      </trkpt>
      <trkpt lat="34.12757" lon="-118.34566">
        <ele>0</ele>
      </trkpt>
      <trkpt lat="34.12768" lon="-118.34576">
        <ele>0</ele>
      </trkpt>
      <trkpt lat="34.12809" lon="-118.34619">
        <ele>0</ele>
      </trkpt>
      <trkpt lat="34.1287" lon="-118.3468">
        <ele>0</ele>
      </trkpt>
      <trkpt lat="34.12878" lon="-118.34689">
        <ele>0</ele>
      </trkpt>
      <trkpt lat="34.12879" lon="-118.34689">
        <ele>0</ele>
      </trkpt>
      <trkpt lat="34.12882" lon="-118.34693">
        <ele>0</ele>
      </trkpt>
      <trkpt lat="34.12906" lon="-118.34717">
        <ele>0</ele>
      </trkpt>
      <trkpt lat="34.12918" lon="-118.3473">
        <ele>0</ele>
      </trkpt>
      <trkpt lat="34.12969" lon="-118.34782">
        <ele>0</ele>
      </trkpt>
      <trkpt lat="34.1298" lon="-118.34794">
        <ele>0</ele>
      </trkpt>
      <trkpt lat="34.1299" lon="-118.34804">
        <ele>0</ele>
      </trkpt>
      <trkpt lat="34.13" lon="-118.34815">
        <ele>0</ele>
      </trkpt>
      <trkpt lat="34.1308" lon="-118.34896">
        <ele>0</ele>
      </trkpt>
      <trkpt lat="34.13089" lon="-118.34906">
        <ele>0</ele>
      </trkpt>
      <trkpt lat="34.131" lon="-118.34916">
        <ele>0</ele>
      </trkpt>
      <trkpt lat="34.1311" lon="-118.34927">
        <ele>0</ele>
      </trkpt>
      <trkpt lat="34.13141" lon="-118.34958">
        <ele>0</ele>
      </trkpt>
      <trkpt lat="34.1316" lon="-118.34979">
        <ele>0</ele>
      </trkpt>
      <trkpt lat="34.1318" lon="-118.34999">
        <ele>0</ele>
      </trkpt>
      <trkpt lat="34.13202" lon="-118.35023">
        <ele>0</ele>
      </trkpt>
      <trkpt lat="34.13207" lon="-118.35029">
        <ele>0</ele>
      </trkpt>
      <trkpt lat="34.1321" lon="-118.35032">
        <ele>0</ele>
      </trkpt>
      <trkpt lat="34.13218" lon="-118.35042">
        <ele>0</ele>
      </trkpt>
      <trkpt lat="34.13229" lon="-118.35057">
        <ele>0</ele>
      </trkpt>
      <trkpt lat="34.13238" lon="-118.35068">
        <ele>0</ele>
      </trkpt>
      <trkpt lat="34.13247" lon="-118.35081">
        <ele>0</ele>
      </trkpt>
      <trkpt lat="34.13254" lon="-118.3509">
        <ele>0</ele>
      </trkpt>
      <trkpt lat="34.13255" lon="-118.35093">
        <ele>0</ele>
      </trkpt>
      <trkpt lat="34.13265" lon="-118.35107">
        <ele>0</ele>
      </trkpt>
      <trkpt lat="34.13279" lon="-118.3513">
        <ele>0</ele>
      </trkpt>
      <trkpt lat="34.13286" lon="-118.35144">
        <ele>0</ele>
      </trkpt>
      <trkpt lat="34.13298" lon="-118.35165">
        <ele>0</ele>
      </trkpt>
      <trkpt lat="34.133" lon="-118.3517">
        <ele>0</ele>
      </trkpt>
      <trkpt lat="34.13308" lon="-118.35187">
        <ele>0</ele>
      </trkpt>
      <trkpt lat="34.13313" lon="-118.35196">
        <ele>0</ele>
      </trkpt>
      <trkpt lat="34.13331" lon="-118.3524">
        <ele>0</ele>
      </trkpt>
      <trkpt lat="34.13337" lon="-118.35258">
        <ele>0</ele>
      </trkpt>
      <trkpt lat="34.13341" lon="-118.35268">
        <ele>0</ele>
      </trkpt>
      <trkpt lat="34.13341" lon="-118.35269">
        <ele>0</ele>
      </trkpt>
      <trkpt lat="34.13355" lon="-118.35317">
        <ele>0</ele>
      </trkpt>
      <trkpt lat="34.13362" lon="-118.35345">
        <ele>0</ele>
      </trkpt>
      <trkpt lat="34.13362" lon="-118.35348">
        <ele>0</ele>
      </trkpt>
      <trkpt lat="34.13365" lon="-118.3536">
        <ele>0</ele>
      </trkpt>
      <trkpt lat="34.13366" lon="-118.35363">
        <ele>0</ele>
      </trkpt>
      <trkpt lat="34.13377" lon="-118.35418">
        <ele>0</ele>
      </trkpt>
      <trkpt lat="34.13382" lon="-118.35436">
        <ele>0</ele>
      </trkpt>
      <trkpt lat="34.13382" lon="-118.35437">
        <ele>0</ele>
      </trkpt>
      <trkpt lat="34.13386" lon="-118.35453">
        <ele>0</ele>
      </trkpt>
      <trkpt lat="34.13386" lon="-118.35455">
        <ele>0</ele>
      </trkpt>
      <trkpt lat="34.13397" lon="-118.35501">
        <ele>0</ele>
      </trkpt>
      <trkpt lat="34.13401" lon="-118.35515">
        <ele>0</ele>
      </trkpt>
      <trkpt lat="34.13402" lon="-118.3552">
        <ele>0</ele>
      </trkpt>
      <trkpt lat="34.1343" lon="-118.35622">
        <ele>0</ele>
      </trkpt>
      <trkpt lat="34.13435" lon="-118.35638">
        <ele>0</ele>
      </trkpt>
      <trkpt lat="34.13441" lon="-118.35653">
        <ele>0</ele>
      </trkpt>
      <trkpt lat="34.13447" lon="-118.35674">
        <ele>0</ele>
      </trkpt>
      <trkpt lat="34.13455" lon="-118.35697">
        <ele>0</ele>
      </trkpt>
      <trkpt lat="34.13458" lon="-118.35708">
        <ele>0</ele>
      </trkpt>
      <trkpt lat="34.13463" lon="-118.35723">
        <ele>0</ele>
      </trkpt>
      <trkpt lat="34.13465" lon="-118.35727">
        <ele>0</ele>
      </trkpt>
      <trkpt lat="34.13489" lon="-118.35803">
        <ele>0</ele>
      </trkpt>
      <trkpt lat="34.13494" lon="-118.35815">
        <ele>0</ele>
      </trkpt>
      <trkpt lat="34.13494" lon="-118.35817">
        <ele>0</ele>
      </trkpt>
      <trkpt lat="34.13504" lon="-118.35847">
        <ele>0</ele>
      </trkpt>
      <trkpt lat="34.13517" lon="-118.35879">
        <ele>0</ele>
      </trkpt>
      <trkpt lat="34.13519" lon="-118.35883">
        <ele>0</ele>
      </trkpt>
      <trkpt lat="34.13521" lon="-118.3589">
        <ele>0</ele>
      </trkpt>
      <trkpt lat="34.13532" lon="-118.35913">
        <ele>0</ele>
      </trkpt>
      <trkpt lat="34.13533" lon="-118.35917">
        <ele>0</ele>
      </trkpt>
      <trkpt lat="34.1354" lon="-118.3593">
        <ele>0</ele>
      </trkpt>
      <trkpt lat="34.1354" lon="-118.35931">
        <ele>0</ele>
      </trkpt>
      <trkpt lat="34.13554" lon="-118.35956">
        <ele>0</ele>
      </trkpt>
      <trkpt lat="34.13556" lon="-118.35959">
        <ele>0</ele>
      </trkpt>
      <trkpt lat="34.13562" lon="-118.3597">
        <ele>0</ele>
      </trkpt>
      <trkpt lat="34.13574" lon="-118.35989">
        <ele>0</ele>
      </trkpt>
      <trkpt lat="34.13613" lon="-118.36045">
        <ele>0</ele>
      </trkpt>
      <trkpt lat="34.13616" lon="-118.3605">
        <ele>0</ele>
      </trkpt>
      <trkpt lat="34.13621" lon="-118.36056">
        <ele>0</ele>
      </trkpt>
      <trkpt lat="34.13629" lon="-118.36068">
        <ele>0</ele>
      </trkpt>
      <trkpt lat="34.13631" lon="-118.3607">
        <ele>0</ele>
      </trkpt>
      <trkpt lat="34.13647" lon="-118.36092">
        <ele>0</ele>
      </trkpt>
      <trkpt lat="34.13655" lon="-118.36104">
        <ele>0</ele>
      </trkpt>
      <trkpt lat="34.13657" lon="-118.36106">
        <ele>0</ele>
      </trkpt>
      <trkpt lat="34.13659" lon="-118.3611">
        <ele>0</ele>
      </trkpt>
      <trkpt lat="34.13679" lon="-118.36137">
        <ele>0</ele>
      </trkpt>
      <trkpt lat="34.13682" lon="-118.3614">
        <ele>0</ele>
      </trkpt>
      <trkpt lat="34.13689" lon="-118.36151">
        <ele>0</ele>
      </trkpt>
      <trkpt lat="34.13702" lon="-118.36168">
        <ele>0</ele>
      </trkpt>
      <trkpt lat="34.13716" lon="-118.36188">
        <ele>0</ele>
      </trkpt>
      <trkpt lat="34.13734" lon="-118.36212">
        <ele>0</ele>
      </trkpt>
      <trkpt lat="34.13734" lon="-118.36213">
        <ele>0</ele>
      </trkpt>
      <trkpt lat="34.13761" lon="-118.3625">
        <ele>0</ele>
      </trkpt>
      <trkpt lat="34.13769" lon="-118.36262">
        <ele>0</ele>
      </trkpt>
      <trkpt lat="34.13801" lon="-118.36306">
        <ele>0</ele>
      </trkpt>
      <trkpt lat="34.13804" lon="-118.36311">
        <ele>0</ele>
      </trkpt>
      <trkpt lat="34.13818" lon="-118.36331">
        <ele>0</ele>
      </trkpt>
      <trkpt lat="34.13822" lon="-118.36336">
        <ele>0</ele>
      </trkpt>
      <trkpt lat="34.13835" lon="-118.36354">
        <ele>0</ele>
      </trkpt>
      <trkpt lat="34.13839" lon="-118.36359">
        <ele>0</ele>
      </trkpt>
      <trkpt lat="34.13891" lon="-118.36432">
        <ele>0</ele>
      </trkpt>
      <trkpt lat="34.139" lon="-118.36443">
        <ele>0</ele>
      </trkpt>
      <trkpt lat="34.13908" lon="-118.36455">
        <ele>0</ele>
      </trkpt>
      <trkpt lat="34.13926" lon="-118.36477">
        <ele>0</ele>
      </trkpt>
      <trkpt lat="34.13934" lon="-118.36488">
        <ele>0</ele>
      </trkpt>
      <trkpt lat="34.13949" lon="-118.36506">
        <ele>0</ele>
      </trkpt>
      <trkpt lat="34.13965" lon="-118.36522">
        <ele>0</ele>
      </trkpt>
      <trkpt lat="34.13974" lon="-118.36532">
        <ele>0</ele>
      </trkpt>
      <trkpt lat="34.13991" lon="-118.36547">
        <ele>0</ele>
      </trkpt>
      <trkpt lat="34.13996" lon="-118.36552">
        <ele>0</ele>
      </trkpt>
      <trkpt lat="34.14007" lon="-118.36561">
        <ele>0</ele>
      </trkpt>
      <trkpt lat="34.14014" lon="-118.36568">
        <ele>0</ele>
      </trkpt>
      <trkpt lat="34.14019" lon="-118.36572">
        <ele>0</ele>
      </trkpt>
      <trkpt lat="34.14028" lon="-118.36578">
        <ele>0</ele>
      </trkpt>
      <trkpt lat="34.14048" lon="-118.36593">
        <ele>0</ele>
      </trkpt>
      <trkpt lat="34.1405" lon="-118.36594">
        <ele>0</ele>
      </trkpt>
      <trkpt lat="34.14054" lon="-118.36597">
        <ele>0</ele>
      </trkpt>
      <trkpt lat="34.14062" lon="-118.36602">
        <ele>0</ele>
      </trkpt>
      <trkpt lat="34.14074" lon="-118.36611">
        <ele>0</ele>
      </trkpt>
      <trkpt lat="34.14089" lon="-118.36619">
        <ele>0</ele>
      </trkpt>
      <trkpt lat="34.14112" lon="-118.36633">
        <ele>0</ele>
      </trkpt>
      <trkpt lat="34.14169" lon="-118.3666">
        <ele>0</ele>
      </trkpt>
      <trkpt lat="34.14177" lon="-118.36663">
        <ele>0</ele>
      </trkpt>
      <trkpt lat="34.14183" lon="-118.36666">
        <ele>0</ele>
      </trkpt>
      <trkpt lat="34.14186" lon="-118.36667">
        <ele>0</ele>
      </trkpt>
      <trkpt lat="34.14226" lon="-118.36686">
        <ele>0</ele>
      </trkpt>
      <trkpt lat="34.14232" lon="-118.36688">
        <ele>0</ele>
      </trkpt>
      <trkpt lat="34.14282" lon="-118.36711">
        <ele>0</ele>
      </trkpt>
      <trkpt lat="34.14308" lon="-118.36722">
        <ele>0</ele>
      </trkpt>
      <trkpt lat="34.14318" lon="-118.36727">
        <ele>0</ele>
      </trkpt>
      <trkpt lat="34.14441" lon="-118.36782">
        <ele>0</ele>
      </trkpt>
      <trkpt lat="34.14479" lon="-118.36802">
        <ele>0</ele>
      </trkpt>
      <trkpt lat="34.14479" lon="-118.36803">
        <ele>0</ele>
      </trkpt>
      <trkpt lat="34.14491" lon="-118.3681">
        <ele>0</ele>
      </trkpt>
      <trkpt lat="34.14498" lon="-118.36815">
        <ele>0</ele>
      </trkpt>
      <trkpt lat="34.14502" lon="-118.36817">
        <ele>0</ele>
      </trkpt>
      <trkpt lat="34.14532" lon="-118.36839">
        <ele>0</ele>
      </trkpt>
      <trkpt lat="34.14533" lon="-118.3684">
        <ele>0</ele>
      </trkpt>
      <trkpt lat="34.14546" lon="-118.3685">
        <ele>0</ele>
      </trkpt>
      <trkpt lat="34.1457" lon="-118.3687">
        <ele>0</ele>
      </trkpt>
      <trkpt lat="34.14585" lon="-118.36885">
        <ele>0</ele>
      </trkpt>
      <trkpt lat="34.14592" lon="-118.36891">
        <ele>0</ele>
      </trkpt>
      <trkpt lat="34.14621" lon="-118.36922">
        <ele>0</ele>
      </trkpt>
      <trkpt lat="34.14631" lon="-118.36934">
        <ele>0</ele>
      </trkpt>
      <trkpt lat="34.14657" lon="-118.36968">
        <ele>0</ele>
      </trkpt>
      <trkpt lat="34.14683" lon="-118.37006">
        <ele>0</ele>
      </trkpt>
      <trkpt lat="34.14684" lon="-118.37007">
        <ele>0</ele>
      </trkpt>
      <trkpt lat="34.14717" lon="-118.37055">
        <ele>0</ele>
      </trkpt>
      <trkpt lat="34.14726" lon="-118.37067">
        <ele>0</ele>
      </trkpt>
      <trkpt lat="34.14731" lon="-118.37073">
        <ele>0</ele>
      </trkpt>
      <trkpt lat="34.14732" lon="-118.37075">
        <ele>0</ele>
      </trkpt>
      <trkpt lat="34.14788" lon="-118.37155">
        <ele>0</ele>
      </trkpt>
      <trkpt lat="34.14789" lon="-118.37157">
        <ele>0</ele>
      </trkpt>
      <trkpt lat="34.14802" lon="-118.37174">
        <ele>0</ele>
      </trkpt>
      <trkpt lat="34.14851" lon="-118.37246">
        <ele>0</ele>
      </trkpt>
      <trkpt lat="34.14873" lon="-118.37273">
        <ele>0</ele>
      </trkpt>
      <trkpt lat="34.14892" lon="-118.37293">
        <ele>0</ele>
      </trkpt>
      <trkpt lat="34.14946" lon="-118.37346">
        <ele>0</ele>
      </trkpt>
      <trkpt lat="34.14954" lon="-118.37353">
        <ele>0</ele>
      </trkpt>
      <trkpt lat="34.14992" lon="-118.37383">
        <ele>0</ele>
      </trkpt>
      <trkpt lat="34.14995" lon="-118.37385">
        <ele>0</ele>
      </trkpt>
      <trkpt lat="34.15015" lon="-118.37401">
        <ele>0</ele>
      </trkpt>
      <trkpt lat="34.15017" lon="-118.37402">
        <ele>0</ele>
      </trkpt>
      <trkpt lat="34.15161" lon="-118.37519">
        <ele>0</ele>
      </trkpt>
      <trkpt lat="34.15182" lon="-118.37535">
        <ele>0</ele>
      </trkpt>
      <trkpt lat="34.15199" lon="-118.37549">
        <ele>0</ele>
      </trkpt>
      <trkpt lat="34.15209" lon="-118.37558">
        <ele>0</ele>
      </trkpt>
      <trkpt lat="34.15236" lon="-118.37579">
        <ele>0</ele>
      </trkpt>
      <trkpt lat="34.15245" lon="-118.37587">
        <ele>0</ele>
      </trkpt>
      <trkpt lat="34.15254" lon="-118.37593">
        <ele>0</ele>
      </trkpt>
      <trkpt lat="34.15264" lon="-118.37602">
        <ele>0</ele>
      </trkpt>
      <trkpt lat="34.15267" lon="-118.37604">
        <ele>0</ele>
      </trkpt>
      <trkpt lat="34.15268" lon="-118.37605">
        <ele>0</ele>
      </trkpt>
      <trkpt lat="34.15297" lon="-118.37628">
        <ele>0</ele>
      </trkpt>
      <trkpt lat="34.15303" lon="-118.37634">
        <ele>0</ele>
      </trkpt>
      <trkpt lat="34.1539" lon="-118.37704">
        <ele>0</ele>
      </trkpt>
      <trkpt lat="34.15427" lon="-118.37735">
        <ele>0</ele>
      </trkpt>
      <trkpt lat="34.15457" lon="-118.37758">
        <ele>0</ele>
      </trkpt>
      <trkpt lat="34.15544" lon="-118.37821">
        <ele>0</ele>
      </trkpt>
      <trkpt lat="34.15626" lon="-118.37871">
        <ele>0</ele>
      </trkpt>
      <trkpt lat="34.15683" lon="-118.37902">
        <ele>0</ele>
      </trkpt>
      <trkpt lat="34.15736" lon="-118.37928">
        <ele>0</ele>
      </trkpt>
      <trkpt lat="34.15748" lon="-118.37933">
        <ele>0</ele>
      </trkpt>
      <trkpt lat="34.15758" lon="-118.37938">
        <ele>0</ele>
      </trkpt>
      <trkpt lat="34.15809" lon="-118.37959">
        <ele>0</ele>
      </trkpt>
      <trkpt lat="34.15826" lon="-118.37967">
        <ele>0</ele>
      </trkpt>
      <trkpt lat="34.15839" lon="-118.37972">
        <ele>0</ele>
      </trkpt>
      <trkpt lat="34.16016" lon="-118.3805">
        <ele>0</ele>
      </trkpt>
      <trkpt lat="34.16024" lon="-118.38053">
        <ele>0</ele>
      </trkpt>
      <trkpt lat="34.16083" lon="-118.38079">
        <ele>0</ele>
      </trkpt>
      <trkpt lat="34.16101" lon="-118.38086">
        <ele>0</ele>
      </trkpt>
      <trkpt lat="34.16106" lon="-118.38089">
        <ele>0</ele>
      </trkpt>
      <trkpt lat="34.16127" lon="-118.38097">
        <ele>0</ele>
      </trkpt>
      <trkpt lat="34.16166" lon="-118.38115">
        <ele>0</ele>
      </trkpt>
      <trkpt lat="34.16191" lon="-118.38125">
        <ele>0</ele>
      </trkpt>
      <trkpt lat="34.16221" lon="-118.38139">
        <ele>0</ele>
      </trkpt>
      <trkpt lat="34.16229" lon="-118.38142">
        <ele>0</ele>
      </trkpt>
      <trkpt lat="34.1623" lon="-118.38143">
        <ele>0</ele>
      </trkpt>
      <trkpt lat="34.16243" lon="-118.38148">
        <ele>0</ele>
      </trkpt>
      <trkpt lat="34.16308" lon="-118.38177">
        <ele>0</ele>
      </trkpt>
      <trkpt lat="34.16323" lon="-118.38183">
        <ele>0</ele>
      </trkpt>
      <trkpt lat="34.16335" lon="-118.38189">
        <ele>0</ele>
      </trkpt>
      <trkpt lat="34.16343" lon="-118.38192">
        <ele>0</ele>
      </trkpt>
      <trkpt lat="34.16353" lon="-118.38197">
        <ele>0</ele>
      </trkpt>
      <trkpt lat="34.16378" lon="-118.38208">
        <ele>0</ele>
      </trkpt>
      <trkpt lat="34.16393" lon="-118.38214">
        <ele>0</ele>
      </trkpt>
      <trkpt lat="34.16399" lon="-118.38217">
        <ele>0</ele>
      </trkpt>
      <trkpt lat="34.16465" lon="-118.38246">
        <ele>0</ele>
      </trkpt>
      <trkpt lat="34.16471" lon="-118.38249">
        <ele>0</ele>
      </trkpt>
      <trkpt lat="34.16493" lon="-118.38258">
        <ele>0</ele>
      </trkpt>
      <trkpt lat="34.16507" lon="-118.38265">
        <ele>0</ele>
      </trkpt>
      <trkpt lat="34.16516" lon="-118.38268">
        <ele>0</ele>
      </trkpt>
      <trkpt lat="34.16585" lon="-118.38299">
        <ele>0</ele>
      </trkpt>
      <trkpt lat="34.16592" lon="-118.38301">
        <ele>0</ele>
      </trkpt>
      <trkpt lat="34.16615" lon="-118.38312">
        <ele>0</ele>
      </trkpt>
      <trkpt lat="34.16616" lon="-118.38312">
        <ele>0</ele>
      </trkpt>
      <trkpt lat="34.16629" lon="-118.38318">
        <ele>0</ele>
      </trkpt>
      <trkpt lat="34.1666" lon="-118.38331">
        <ele>0</ele>
      </trkpt>
      <trkpt lat="34.16666" lon="-118.38334">
        <ele>0</ele>
      </trkpt>
      <trkpt lat="34.16691" lon="-118.38345">
        <ele>0</ele>
      </trkpt>
      <trkpt lat="34.16697" lon="-118.38347">
        <ele>0</ele>
      </trkpt>
      <trkpt lat="34.16714" lon="-118.38355">
        <ele>0</ele>
      </trkpt>
      <trkpt lat="34.16717" lon="-118.38356">
        <ele>0</ele>
      </trkpt>
      <trkpt lat="34.16745" lon="-118.38369">
        <ele>0</ele>
      </trkpt>
      <trkpt lat="34.16781" lon="-118.38388">
        <ele>0</ele>
      </trkpt>
      <trkpt lat="34.16796" lon="-118.38397">
        <ele>0</ele>
      </trkpt>
      <trkpt lat="34.16816" lon="-118.3841">
        <ele>0</ele>
      </trkpt>
      <trkpt lat="34.16835" lon="-118.38421">
        <ele>0</ele>
      </trkpt>
      <trkpt lat="34.16859" lon="-118.38439">
        <ele>0</ele>
      </trkpt>
      <trkpt lat="34.16881" lon="-118.38454">
        <ele>0</ele>
      </trkpt>
      <trkpt lat="34.16898" lon="-118.38468">
        <ele>0</ele>
      </trkpt>
      <trkpt lat="34.16903" lon="-118.38471">
        <ele>0</ele>
      </trkpt>
      <trkpt lat="34.16913" lon="-118.38479">
        <ele>0</ele>
      </trkpt>
      <trkpt lat="34.16945" lon="-118.38508">
        <ele>0</ele>
      </trkpt>
      <trkpt lat="34.16966" lon="-118.38531">
        <ele>0</ele>
      </trkpt>
      <trkpt lat="34.16984" lon="-118.38549">
        <ele>0</ele>
      </trkpt>
      <trkpt lat="34.17003" lon="-118.38571">
        <ele>0</ele>
      </trkpt>
      <trkpt lat="34.17014" lon="-118.38582">
        <ele>0</ele>
      </trkpt>
      <trkpt lat="34.17021" lon="-118.38591">
        <ele>0</ele>
      </trkpt>
      <trkpt lat="34.17028" lon="-118.38599">
        <ele>0</ele>
      </trkpt>
      <trkpt lat="34.17051" lon="-118.38631">
        <ele>0</ele>
      </trkpt>
      <trkpt lat="34.17056" lon="-118.38637">
        <ele>0</ele>
      </trkpt>
      <trkpt lat="34.17081" lon="-118.38673">
        <ele>0</ele>
      </trkpt>
      <trkpt lat="34.17084" lon="-118.38678">
        <ele>0</ele>
      </trkpt>
      <trkpt lat="34.17095" lon="-118.38694">
        <ele>0</ele>
      </trkpt>
      <trkpt lat="34.17103" lon="-118.38707">
        <ele>0</ele>
      </trkpt>
      <trkpt lat="34.17119" lon="-118.3873">
        <ele>0</ele>
      </trkpt>
      <trkpt lat="34.17147" lon="-118.38773">
        <ele>0</ele>
      </trkpt>
      <trkpt lat="34.17155" lon="-118.38784">
        <ele>0</ele>
      </trkpt>
      <trkpt lat="34.17163" lon="-118.38798">
        <ele>0</ele>
      </trkpt>
      <trkpt lat="34.17167" lon="-118.38803">
        <ele>0</ele>
      </trkpt>
      <trkpt lat="34.17232" lon="-118.389">
        <ele>0</ele>
      </trkpt>
      <trkpt lat="34.17241" lon="-118.38915">
        <ele>0</ele>
      </trkpt>
      <trkpt lat="34.17292" lon="-118.38991">
        <ele>0</ele>
      </trkpt>
      <trkpt lat="34.17298" lon="-118.39001">
        <ele>0</ele>
      </trkpt>
      <trkpt lat="34.17338" lon="-118.3906">
        <ele>0</ele>
      </trkpt>
      <trkpt lat="34.17344" lon="-118.3907">
        <ele>0</ele>
      </trkpt>
      <trkpt lat="34.17357" lon="-118.39089">
        <ele>0</ele>
      </trkpt>
      <trkpt lat="34.17383" lon="-118.39124">
        <ele>0</ele>
      </trkpt>
      <trkpt lat="34.17389" lon="-118.39131">
        <ele>0</ele>
      </trkpt>
      <trkpt lat="34.17394" lon="-118.39139">
        <ele>0</ele>
      </trkpt>
      <trkpt lat="34.17417" lon="-118.39166">
        <ele>0</ele>
      </trkpt>
      <trkpt lat="34.17419" lon="-118.39169">
        <ele>0</ele>
      </trkpt>
      <trkpt lat="34.17436" lon="-118.39188">
        <ele>0</ele>
      </trkpt>
      <trkpt lat="34.17446" lon="-118.392">
        <ele>0</ele>
      </trkpt>
      <trkpt lat="34.17477" lon="-118.39231">
        <ele>0</ele>
      </trkpt>
      <trkpt lat="34.17521" lon="-118.3927">
        <ele>0</ele>
      </trkpt>
      <trkpt lat="34.17528" lon="-118.39277">
        <ele>0</ele>
      </trkpt>
      <trkpt lat="34.17531" lon="-118.39279">
        <ele>0</ele>
      </trkpt>
      <trkpt lat="34.17561" lon="-118.39303">
        <ele>0</ele>
      </trkpt>
      <trkpt lat="34.17597" lon="-118.39328">
        <ele>0</ele>
      </trkpt>
      <trkpt lat="34.17632" lon="-118.39351">
        <ele>0</ele>
      </trkpt>
      <trkpt lat="34.17671" lon="-118.39373">
        <ele>0</ele>
      </trkpt>
      <trkpt lat="34.17734" lon="-118.39404">
        <ele>0</ele>
      </trkpt>
      <trkpt lat="34.17747" lon="-118.39411">
        <ele>0</ele>
      </trkpt>
      <trkpt lat="34.17799" lon="-118.39436">
        <ele>0</ele>
      </trkpt>
      <trkpt lat="34.17804" lon="-118.39438">
        <ele>0</ele>
      </trkpt>
      <trkpt lat="34.17805" lon="-118.39439">
        <ele>0</ele>
      </trkpt>
      <trkpt lat="34.17848" lon="-118.3946">
        <ele>0</ele>
      </trkpt>
      <trkpt lat="34.17855" lon="-118.39463">
        <ele>0</ele>
      </trkpt>
      <trkpt lat="34.17905" lon="-118.39488">
        <ele>0</ele>
      </trkpt>
      <trkpt lat="34.17917" lon="-118.39493">
        <ele>0</ele>
      </trkpt>
      <trkpt lat="34.17918" lon="-118.39494">
        <ele>0</ele>
      </trkpt>
      <trkpt lat="34.17936" lon="-118.39502">
        <ele>0</ele>
      </trkpt>
      <trkpt lat="34.17967" lon="-118.3952">
        <ele>0</ele>
      </trkpt>
      <trkpt lat="34.17981" lon="-118.39527">
        <ele>0</ele>
      </trkpt>
      <trkpt lat="34.17997" lon="-118.39537">
        <ele>0</ele>
      </trkpt>
      <trkpt lat="34.18006" lon="-118.39544">
        <ele>0</ele>
      </trkpt>
      <trkpt lat="34.18023" lon="-118.39554">
        <ele>0</ele>
      </trkpt>
      <trkpt lat="34.18024" lon="-118.39555">
        <ele>0</ele>
      </trkpt>
      <trkpt lat="34.18039" lon="-118.39566">
        <ele>0</ele>
      </trkpt>
      <trkpt lat="34.1805" lon="-118.39573">
        <ele>0</ele>
      </trkpt>
      <trkpt lat="34.18061" lon="-118.39582">
        <ele>0</ele>
      </trkpt>
      <trkpt lat="34.18085" lon="-118.396">
        <ele>0</ele>
      </trkpt>
      <trkpt lat="34.18114" lon="-118.39624">
        <ele>0</ele>
      </trkpt>
      <trkpt lat="34.18121" lon="-118.39631">
        <ele>0</ele>
      </trkpt>
      <trkpt lat="34.18132" lon="-118.3964">
        <ele>0</ele>
      </trkpt>
      <trkpt lat="34.18142" lon="-118.39649">
        <ele>0</ele>
      </trkpt>
      <trkpt lat="34.18146" lon="-118.39652">
        <ele>0</ele>
      </trkpt>
      <trkpt lat="34.18184" lon="-118.3969">
        <ele>0</ele>
      </trkpt>
      <trkpt lat="34.18191" lon="-118.39698">
        <ele>0</ele>
      </trkpt>
      <trkpt lat="34.18203" lon="-118.3971">
        <ele>0</ele>
      </trkpt>
      <trkpt lat="34.18212" lon="-118.3972">
        <ele>0</ele>
      </trkpt>
      <trkpt lat="34.18223" lon="-118.39734">
        <ele>0</ele>
      </trkpt>
      <trkpt lat="34.18355" lon="-118.39893">
        <ele>0</ele>
      </trkpt>
      <trkpt lat="34.18364" lon="-118.39905">
        <ele>0</ele>
      </trkpt>
      <trkpt lat="34.18373" lon="-118.39915">
        <ele>0</ele>
      </trkpt>
      <trkpt lat="34.18381" lon="-118.39925">
        <ele>0</ele>
      </trkpt>
      <trkpt lat="34.18413" lon="-118.39961">
        <ele>0</ele>
      </trkpt>
      <trkpt lat="34.18439" lon="-118.39987">
        <ele>0</ele>
      </trkpt>
      <trkpt lat="34.18475" lon="-118.40019">
        <ele>0</ele>
      </trkpt>
      <trkpt lat="34.18484" lon="-118.40026">
        <ele>0</ele>
      </trkpt>
      <trkpt lat="34.18504" lon="-118.4004">
        <ele>0</ele>
      </trkpt>
      <trkpt lat="34.18518" lon="-118.40051">
        <ele>0</ele>
      </trkpt>
      <trkpt lat="34.18533" lon="-118.40061">
        <ele>0</ele>
      </trkpt>
      <trkpt lat="34.18575" lon="-118.40086">
        <ele>0</ele>
      </trkpt>
      <trkpt lat="34.18608" lon="-118.40103">
        <ele>0</ele>
      </trkpt>
      <trkpt lat="34.18654" lon="-118.40122">
        <ele>0</ele>
      </trkpt>
      <trkpt lat="34.18691" lon="-118.40135">
        <ele>0</ele>
      </trkpt>
      <trkpt lat="34.18727" lon="-118.40144">
        <ele>0</ele>
      </trkpt>
      <trkpt lat="34.18741" lon="-118.40147">
        <ele>0</ele>
      </trkpt>
      <trkpt lat="34.18755" lon="-118.40149">
        <ele>0</ele>
      </trkpt>
      <trkpt lat="34.18756" lon="-118.4015">
        <ele>0</ele>
      </trkpt>
      <trkpt lat="34.18765" lon="-118.40151">
        <ele>0</ele>
      </trkpt>
      <trkpt lat="34.18797" lon="-118.40156">
        <ele>0</ele>
      </trkpt>
      <trkpt lat="34.18883" lon="-118.40167">
        <ele>0</ele>
      </trkpt>
      <trkpt lat="34.18901" lon="-118.4017">
        <ele>0</ele>
      </trkpt>
      <trkpt lat="34.1891" lon="-118.40171">
        <ele>0</ele>
      </trkpt>
      <trkpt lat="34.1892" lon="-118.40173">
        <ele>0</ele>
      </trkpt>
      <trkpt lat="34.18936" lon="-118.40175">
        <ele>0</ele>
      </trkpt>
      <trkpt lat="34.18953" lon="-118.40178">
        <ele>0</ele>
      </trkpt>
      <trkpt lat="34.18969" lon="-118.4018">
        <ele>0</ele>
      </trkpt>
      <trkpt lat="34.18984" lon="-118.40183">
        <ele>0</ele>
      </trkpt>
      <trkpt lat="34.19087" lon="-118.40198">
        <ele>0</ele>
      </trkpt>
      <trkpt lat="34.19191" lon="-118.40211">
        <ele>0</ele>
      </trkpt>
      <trkpt lat="34.19196" lon="-118.40211">
        <ele>0</ele>
      </trkpt>
      <trkpt lat="34.19271" lon="-118.40221">
        <ele>0</ele>
      </trkpt>
      <trkpt lat="34.19288" lon="-118.40224">
        <ele>0</ele>
      </trkpt>
      <trkpt lat="34.19398" lon="-118.40238">
        <ele>0</ele>
      </trkpt>
      <trkpt lat="34.19417" lon="-118.40241">
        <ele>0</ele>
      </trkpt>
      <trkpt lat="34.19528" lon="-118.40255">
        <ele>0</ele>
      </trkpt>
      <trkpt lat="34.1963" lon="-118.4027">
        <ele>0</ele>
      </trkpt>
      <trkpt lat="34.19631" lon="-118.4027">
        <ele>0</ele>
      </trkpt>
      <trkpt lat="34.19676" lon="-118.40277">
        <ele>0</ele>
      </trkpt>
      <trkpt lat="34.19751" lon="-118.40286">
        <ele>0</ele>
      </trkpt>
      <trkpt lat="34.19901" lon="-118.40307">
        <ele>0</ele>
      </trkpt>
      <trkpt lat="34.19922" lon="-118.40309">
        <ele>0</ele>
      </trkpt>
      <trkpt lat="34.19984" lon="-118.40319">
        <ele>0</ele>
      </trkpt>
      <trkpt lat="34.20028" lon="-118.40328">
        <ele>0</ele>
      </trkpt>
      <trkpt lat="34.20064" lon="-118.40338">
        <ele>0</ele>
      </trkpt>
      <trkpt lat="34.20129" lon="-118.40358">
        <ele>0</ele>
      </trkpt>
      <trkpt lat="34.20141" lon="-118.40363">
        <ele>0</ele>
      </trkpt>
      <trkpt lat="34.20155" lon="-118.4037">
        <ele>0</ele>
      </trkpt>
      <trkpt lat="34.20156" lon="-118.40371">
        <ele>0</ele>
      </trkpt>
      <trkpt lat="34.20168" lon="-118.40376">
        <ele>0</ele>
      </trkpt>
      <trkpt lat="34.20218" lon="-118.40401">
        <ele>0</ele>
      </trkpt>
      <trkpt lat="34.20253" lon="-118.40417">
        <ele>0</ele>
      </trkpt>
      <trkpt lat="34.20424" lon="-118.40502">
        <ele>0</ele>
      </trkpt>
      <trkpt lat="34.20476" lon="-118.40526">
        <ele>0</ele>
      </trkpt>
      <trkpt lat="34.2049" lon="-118.40533">
        <ele>0</ele>
      </trkpt>
      <trkpt lat="34.20567" lon="-118.40565">
        <ele>0</ele>
      </trkpt>
      <trkpt lat="34.20608" lon="-118.4058">
        <ele>0</ele>
      </trkpt>
      <trkpt lat="34.20677" lon="-118.40603">
        <ele>0</ele>
      </trkpt>
      <trkpt lat="34.20706" lon="-118.40611">
        <ele>0</ele>
      </trkpt>
      <trkpt lat="34.20712" lon="-118.40613">
        <ele>0</ele>
      </trkpt>
      <trkpt lat="34.2096" lon="-118.4068">
        <ele>0</ele>
      </trkpt>
      <trkpt lat="34.21005" lon="-118.40693">
        <ele>0</ele>
      </trkpt>
      <trkpt lat="34.21401" lon="-118.408">
        <ele>0</ele>
      </trkpt>
      <trkpt lat="34.21414" lon="-118.40804">
        <ele>0</ele>
      </trkpt>
      <trkpt lat="34.21432" lon="-118.40808">
        <ele>0</ele>
      </trkpt>
      <trkpt lat="34.21678" lon="-118.40875">
        <ele>0</ele>
      </trkpt>
      <trkpt lat="34.21691" lon="-118.40879">
        <ele>0</ele>
      </trkpt>
      <trkpt lat="34.2183" lon="-118.40916">
        <ele>0</ele>
      </trkpt>
      <trkpt lat="34.21857" lon="-118.40924">
        <ele>0</ele>
      </trkpt>
      <trkpt lat="34.21941" lon="-118.40946">
        <ele>0</ele>
      </trkpt>
      <trkpt lat="34.21996" lon="-118.40962">
        <ele>0</ele>
      </trkpt>
      <trkpt lat="34.22177" lon="-118.4101">
        <ele>0</ele>
      </trkpt>
      <trkpt lat="34.22264" lon="-118.41035">
        <ele>0</ele>
      </trkpt>
      <trkpt lat="34.22442" lon="-118.41082">
        <ele>0</ele>
      </trkpt>
      <trkpt lat="34.22457" lon="-118.41085">
        <ele>0</ele>
      </trkpt>
      <trkpt lat="34.2246" lon="-118.41085">
        <ele>0</ele>
      </trkpt>
      <trkpt lat="34.2247" lon="-118.41087">
        <ele>0</ele>
      </trkpt>
      <trkpt lat="34.22496" lon="-118.41091">
        <ele>0</ele>
      </trkpt>
      <trkpt lat="34.22508" lon="-118.41091">
        <ele>0</ele>
      </trkpt>
      <trkpt lat="34.22536" lon="-118.41093">
        <ele>0</ele>
      </trkpt>
      <trkpt lat="34.22573" lon="-118.41093">
        <ele>0</ele>
      </trkpt>
      <trkpt lat="34.22616" lon="-118.4109">
        <ele>0</ele>
      </trkpt>
      <trkpt lat="34.22625" lon="-118.41089">
        <ele>0</ele>
      </trkpt>
      <trkpt lat="34.22642" lon="-118.41086">
        <ele>0</ele>
      </trkpt>
      <trkpt lat="34.22654" lon="-118.41085">
        <ele>0</ele>
      </trkpt>
      <trkpt lat="34.22675" lon="-118.41081">
        <ele>0</ele>
      </trkpt>
      <trkpt lat="34.22676" lon="-118.41081">
        <ele>0</ele>
      </trkpt>
      <trkpt lat="34.22713" lon="-118.41071">
        <ele>0</ele>
      </trkpt>
      <trkpt lat="34.22746" lon="-118.41061">
        <ele>0</ele>
      </trkpt>
      <trkpt lat="34.22856" lon="-118.41016">
        <ele>0</ele>
      </trkpt>
      <trkpt lat="34.22983" lon="-118.40961">
        <ele>0</ele>
      </trkpt>
      <trkpt lat="34.22985" lon="-118.40961">
        <ele>0</ele>
      </trkpt>
      <trkpt lat="34.22996" lon="-118.40956">
        <ele>0</ele>
      </trkpt>
      <trkpt lat="34.23016" lon="-118.40948">
        <ele>0</ele>
      </trkpt>
      <trkpt lat="34.23044" lon="-118.40939">
        <ele>0</ele>
      </trkpt>
      <trkpt lat="34.23053" lon="-118.40937">
        <ele>0</ele>
      </trkpt>
      <trkpt lat="34.2306" lon="-118.40935">
        <ele>0</ele>
      </trkpt>
      <trkpt lat="34.23067" lon="-118.40934">
        <ele>0</ele>
      </trkpt>
      <trkpt lat="34.23082" lon="-118.4093">
        <ele>0</ele>
      </trkpt>
      <trkpt lat="34.23097" lon="-118.40928">
        <ele>0</ele>
      </trkpt>
      <trkpt lat="34.23112" lon="-118.40925">
        <ele>0</ele>
      </trkpt>
      <trkpt lat="34.23116" lon="-118.40925">
        <ele>0</ele>
      </trkpt>
      <trkpt lat="34.23121" lon="-118.40924">
        <ele>0</ele>
      </trkpt>
      <trkpt lat="34.23141" lon="-118.40924">
        <ele>0</ele>
      </trkpt>
      <trkpt lat="34.23154" lon="-118.40923">
        <ele>0</ele>
      </trkpt>
      <trkpt lat="34.2316" lon="-118.40924">
        <ele>0</ele>
      </trkpt>
      <trkpt lat="34.23174" lon="-118.40924">
        <ele>0</ele>
      </trkpt>
      <trkpt lat="34.2318" lon="-118.40925">
        <ele>0</ele>
      </trkpt>
      <trkpt lat="34.23186" lon="-118.40925">
        <ele>0</ele>
      </trkpt>
      <trkpt lat="34.23193" lon="-118.40926">
        <ele>0</ele>
      </trkpt>
      <trkpt lat="34.23234" lon="-118.40934">
        <ele>0</ele>
      </trkpt>
      <trkpt lat="34.23254" lon="-118.40939">
        <ele>0</ele>
      </trkpt>
      <trkpt lat="34.23282" lon="-118.40948">
        <ele>0</ele>
      </trkpt>
      <trkpt lat="34.23288" lon="-118.40951">
        <ele>0</ele>
      </trkpt>
      <trkpt lat="34.2332" lon="-118.40965">
        <ele>0</ele>
      </trkpt>
      <trkpt lat="34.2335" lon="-118.40981">
        <ele>0</ele>
      </trkpt>
      <trkpt lat="34.23375" lon="-118.40997">
        <ele>0</ele>
      </trkpt>
      <trkpt lat="34.23386" lon="-118.41006">
        <ele>0</ele>
      </trkpt>
      <trkpt lat="34.23395" lon="-118.41012">
        <ele>0</ele>
      </trkpt>
      <trkpt lat="34.23401" lon="-118.41018">
        <ele>0</ele>
      </trkpt>
      <trkpt lat="34.23409" lon="-118.41024">
        <ele>0</ele>
      </trkpt>
      <trkpt lat="34.23427" lon="-118.41041">
        <ele>0</ele>
      </trkpt>
      <trkpt lat="34.23434" lon="-118.41047">
        <ele>0</ele>
      </trkpt>
      <trkpt lat="34.23442" lon="-118.41056">
        <ele>0</ele>
      </trkpt>
      <trkpt lat="34.23451" lon="-118.41065">
        <ele>0</ele>
      </trkpt>
      <trkpt lat="34.23452" lon="-118.41065">
        <ele>0</ele>
      </trkpt>
      <trkpt lat="34.23454" lon="-118.41069">
        <ele>0</ele>
      </trkpt>
      <trkpt lat="34.23459" lon="-118.41073">
        <ele>0</ele>
      </trkpt>
      <trkpt lat="34.23488" lon="-118.41109">
        <ele>0</ele>
      </trkpt>
      <trkpt lat="34.23498" lon="-118.4112">
        <ele>0</ele>
      </trkpt>
      <trkpt lat="34.23589" lon="-118.41231">
        <ele>0</ele>
      </trkpt>
      <trkpt lat="34.23597" lon="-118.4124">
        <ele>0</ele>
      </trkpt>
      <trkpt lat="34.2362" lon="-118.41269">
        <ele>0</ele>
      </trkpt>
      <trkpt lat="34.23623" lon="-118.41272">
        <ele>0</ele>
      </trkpt>
      <trkpt lat="34.23636" lon="-118.41288">
        <ele>0</ele>
      </trkpt>
      <trkpt lat="34.23645" lon="-118.413">
        <ele>0</ele>
      </trkpt>
      <trkpt lat="34.23652" lon="-118.41307">
        <ele>0</ele>
      </trkpt>
      <trkpt lat="34.23657" lon="-118.41314">
        <ele>0</ele>
      </trkpt>
      <trkpt lat="34.23661" lon="-118.41318">
        <ele>0</ele>
      </trkpt>
      <trkpt lat="34.23663" lon="-118.41321">
        <ele>0</ele>
      </trkpt>
      <trkpt lat="34.2371" lon="-118.41378">
        <ele>0</ele>
      </trkpt>
      <trkpt lat="34.2372" lon="-118.41389">
        <ele>0</ele>
      </trkpt>
      <trkpt lat="34.23743" lon="-118.41417">
        <ele>0</ele>
      </trkpt>
      <trkpt lat="34.23758" lon="-118.41433">
        <ele>0</ele>
      </trkpt>
      <trkpt lat="34.23765" lon="-118.41442">
        <ele>0</ele>
      </trkpt>
      <trkpt lat="34.23777" lon="-118.41455">
        <ele>0</ele>
      </trkpt>
      <trkpt lat="34.23778" lon="-118.41457">
        <ele>0</ele>
      </trkpt>
      <trkpt lat="34.23796" lon="-118.41477">
        <ele>0</ele>
      </trkpt>
      <trkpt lat="34.23806" lon="-118.41487">
        <ele>0</ele>
      </trkpt>
      <trkpt lat="34.23821" lon="-118.41504">
        <ele>0</ele>
      </trkpt>
      <trkpt lat="34.23821" lon="-118.41505">
        <ele>0</ele>
      </trkpt>
      <trkpt lat="34.23824" lon="-118.41521">
        <ele>0</ele>
      </trkpt>
      <trkpt lat="34.23844" lon="-118.41544">
        <ele>0</ele>
      </trkpt>
      <trkpt lat="34.23865" lon="-118.41566">
        <ele>0</ele>
      </trkpt>
      <trkpt lat="34.23913" lon="-118.41619">
        <ele>0</ele>
      </trkpt>
      <trkpt lat="34.23919" lon="-118.41625">
        <ele>0</ele>
      </trkpt>
      <trkpt lat="34.23924" lon="-118.41631">
        <ele>0</ele>
      </trkpt>
      <trkpt lat="34.2398" lon="-118.41691">
        <ele>0</ele>
      </trkpt>
      <trkpt lat="34.23986" lon="-118.41698">
        <ele>0</ele>
      </trkpt>
      <trkpt lat="34.23993" lon="-118.41705">
        <ele>0</ele>
      </trkpt>
      <trkpt lat="34.24043" lon="-118.4176">
        <ele>0</ele>
      </trkpt>
      <trkpt lat="34.24054" lon="-118.41771">
        <ele>0</ele>
      </trkpt>
      <trkpt lat="34.24158" lon="-118.41884">
        <ele>0</ele>
      </trkpt>
      <trkpt lat="34.2417" lon="-118.41896">
        <ele>0</ele>
      </trkpt>
      <trkpt lat="34.24243" lon="-118.41975">
        <ele>0</ele>
      </trkpt>
      <trkpt lat="34.24252" lon="-118.41984">
        <ele>0</ele>
      </trkpt>
      <trkpt lat="34.24264" lon="-118.41998">
        <ele>0</ele>
      </trkpt>
      <trkpt lat="34.24371" lon="-118.4211">
        <ele>0</ele>
      </trkpt>
      <trkpt lat="34.24392" lon="-118.42131">
        <ele>0</ele>
      </trkpt>
      <trkpt lat="34.24436" lon="-118.42178">
        <ele>0</ele>
      </trkpt>
      <trkpt lat="34.24487" lon="-118.4223">
        <ele>0</ele>
      </trkpt>
      <trkpt lat="34.24627" lon="-118.4238">
        <ele>0</ele>
      </trkpt>
      <trkpt lat="34.24637" lon="-118.4239">
        <ele>0</ele>
      </trkpt>
      <trkpt lat="34.24641" lon="-118.42395">
        <ele>0</ele>
      </trkpt>
      <trkpt lat="34.24678" lon="-118.42433">
        <ele>0</ele>
      </trkpt>
      <trkpt lat="34.24686" lon="-118.42442">
        <ele>0</ele>
      </trkpt>
      <trkpt lat="34.2474" lon="-118.42498">
        <ele>0</ele>
      </trkpt>
      <trkpt lat="34.24747" lon="-118.42506">
        <ele>0</ele>
      </trkpt>
      <trkpt lat="34.24752" lon="-118.42511">
        <ele>0</ele>
      </trkpt>
      <trkpt lat="34.24755" lon="-118.42515">
        <ele>0</ele>
      </trkpt>
      <trkpt lat="34.24782" lon="-118.42543">
        <ele>0</ele>
      </trkpt>
      <trkpt lat="34.24786" lon="-118.42548">
        <ele>0</ele>
      </trkpt>
      <trkpt lat="34.24798" lon="-118.4256">
        <ele>0</ele>
      </trkpt>
      <trkpt lat="34.24839" lon="-118.42604">
        <ele>0</ele>
      </trkpt>
      <trkpt lat="34.24859" lon="-118.42624">
        <ele>0</ele>
      </trkpt>
      <trkpt lat="34.24863" lon="-118.42629">
        <ele>0</ele>
      </trkpt>
      <trkpt lat="34.24891" lon="-118.42659">
        <ele>0</ele>
      </trkpt>
      <trkpt lat="34.24907" lon="-118.42675">
        <ele>0</ele>
      </trkpt>
      <trkpt lat="34.24913" lon="-118.42682">
        <ele>0</ele>
      </trkpt>
      <trkpt lat="34.2492" lon="-118.42689">
        <ele>0</ele>
      </trkpt>
      <trkpt lat="34.24925" lon="-118.42695">
        <ele>0</ele>
      </trkpt>
      <trkpt lat="34.24936" lon="-118.42706">
        <ele>0</ele>
      </trkpt>
      <trkpt lat="34.24939" lon="-118.4271">
        <ele>0</ele>
      </trkpt>
      <trkpt lat="34.24967" lon="-118.4274">
        <ele>0</ele>
      </trkpt>
      <trkpt lat="34.24973" lon="-118.42745">
        <ele>0</ele>
      </trkpt>
      <trkpt lat="34.24981" lon="-118.42755">
        <ele>0</ele>
      </trkpt>
      <trkpt lat="34.24991" lon="-118.42764">
        <ele>0</ele>
      </trkpt>
      <trkpt lat="34.24995" lon="-118.42769">
        <ele>0</ele>
      </trkpt>
      <trkpt lat="34.25009" lon="-118.42783">
        <ele>0</ele>
      </trkpt>
      <trkpt lat="34.25043" lon="-118.4282">
        <ele>0</ele>
      </trkpt>
      <trkpt lat="34.25047" lon="-118.42825">
        <ele>0</ele>
      </trkpt>
      <trkpt lat="34.25066" lon="-118.42844">
        <ele>0</ele>
      </trkpt>
      <trkpt lat="34.25072" lon="-118.42851">
        <ele>0</ele>
      </trkpt>
      <trkpt lat="34.25089" lon="-118.42868">
        <ele>0</ele>
      </trkpt>
      <trkpt lat="34.25172" lon="-118.42956">
        <ele>0</ele>
      </trkpt>
      <trkpt lat="34.25178" lon="-118.42963">
        <ele>0</ele>
      </trkpt>
      <trkpt lat="34.2526" lon="-118.4305">
        <ele>0</ele>
      </trkpt>
      <trkpt lat="34.25297" lon="-118.43091">
        <ele>0</ele>
      </trkpt>
      <trkpt lat="34.25303" lon="-118.43097">
        <ele>0</ele>
      </trkpt>
      <trkpt lat="34.25482" lon="-118.43291">
        <ele>0</ele>
      </trkpt>
      <trkpt lat="34.25592" lon="-118.43406">
        <ele>0</ele>
      </trkpt>
      <trkpt lat="34.25599" lon="-118.43414">
        <ele>0</ele>
      </trkpt>
      <trkpt lat="34.25621" lon="-118.43436">
        <ele>0</ele>
      </trkpt>
      <trkpt lat="34.25733" lon="-118.43555">
        <ele>0</ele>
      </trkpt>
      <trkpt lat="34.25739" lon="-118.43562">
        <ele>0</ele>
      </trkpt>
      <trkpt lat="34.25749" lon="-118.43571">
        <ele>0</ele>
      </trkpt>
      <trkpt lat="34.25761" lon="-118.43585">
        <ele>0</ele>
      </trkpt>
      <trkpt lat="34.25904" lon="-118.43737">
        <ele>0</ele>
      </trkpt>
      <trkpt lat="34.25917" lon="-118.4375">
        <ele>0</ele>
      </trkpt>
      <trkpt lat="34.25926" lon="-118.4376">
        <ele>0</ele>
      </trkpt>
      <trkpt lat="34.25967" lon="-118.43802">
        <ele>0</ele>
      </trkpt>
      <trkpt lat="34.25982" lon="-118.43819">
        <ele>0</ele>
      </trkpt>
      <trkpt lat="34.26006" lon="-118.43844">
        <ele>0</ele>
      </trkpt>
      <trkpt lat="34.26012" lon="-118.43851">
        <ele>0</ele>
      </trkpt>
      <trkpt lat="34.26023" lon="-118.43862">
        <ele>0</ele>
      </trkpt>
      <trkpt lat="34.2606" lon="-118.43903">
        <ele>0</ele>
      </trkpt>
      <trkpt lat="34.26067" lon="-118.43909">
        <ele>0</ele>
      </trkpt>
      <trkpt lat="34.26088" lon="-118.4393">
        <ele>0</ele>
      </trkpt>
      <trkpt lat="34.26109" lon="-118.43948">
        <ele>0</ele>
      </trkpt>
      <trkpt lat="34.26112" lon="-118.43952">
        <ele>0</ele>
      </trkpt>
      <trkpt lat="34.26114" lon="-118.43953">
        <ele>0</ele>
      </trkpt>
      <trkpt lat="34.26118" lon="-118.43957">
        <ele>0</ele>
      </trkpt>
      <trkpt lat="34.26143" lon="-118.43978">
        <ele>0</ele>
      </trkpt>
      <trkpt lat="34.26163" lon="-118.43996">
        <ele>0</ele>
      </trkpt>
      <trkpt lat="34.26164" lon="-118.43996">
        <ele>0</ele>
      </trkpt>
      <trkpt lat="34.2617" lon="-118.44001">
        <ele>0</ele>
      </trkpt>
      <trkpt lat="34.26172" lon="-118.44003">
        <ele>0</ele>
      </trkpt>
      <trkpt lat="34.26178" lon="-118.44008">
        <ele>0</ele>
      </trkpt>
      <trkpt lat="34.26199" lon="-118.44023">
        <ele>0</ele>
      </trkpt>
      <trkpt lat="34.26265" lon="-118.44065">
        <ele>0</ele>
      </trkpt>
      <trkpt lat="34.26275" lon="-118.44072">
        <ele>0</ele>
      </trkpt>
      <trkpt lat="34.26283" lon="-118.44076">
        <ele>0</ele>
      </trkpt>
      <trkpt lat="34.26288" lon="-118.4408">
        <ele>0</ele>
      </trkpt>
      <trkpt lat="34.26304" lon="-118.4409">
        <ele>0</ele>
      </trkpt>
      <trkpt lat="34.26312" lon="-118.44096">
        <ele>0</ele>
      </trkpt>
      <trkpt lat="34.2636" lon="-118.44126">
        <ele>0</ele>
      </trkpt>
      <trkpt lat="34.26364" lon="-118.44129">
        <ele>0</ele>
      </trkpt>
      <trkpt lat="34.26397" lon="-118.4415">
        <ele>0</ele>
      </trkpt>
      <trkpt lat="34.26398" lon="-118.44151">
        <ele>0</ele>
      </trkpt>
      <trkpt lat="34.26466" lon="-118.44194">
        <ele>0</ele>
      </trkpt>
      <trkpt lat="34.26469" lon="-118.44197">
        <ele>0</ele>
      </trkpt>
      <trkpt lat="34.2649" lon="-118.4421">
        <ele>0</ele>
      </trkpt>
      <trkpt lat="34.26514" lon="-118.44226">
        <ele>0</ele>
      </trkpt>
      <trkpt lat="34.26518" lon="-118.44229">
        <ele>0</ele>
      </trkpt>
      <trkpt lat="34.26559" lon="-118.44254">
        <ele>0</ele>
      </trkpt>
      <trkpt lat="34.26583" lon="-118.4427">
        <ele>0</ele>
      </trkpt>
      <trkpt lat="34.26593" lon="-118.44278">
        <ele>0</ele>
      </trkpt>
      <trkpt lat="34.26608" lon="-118.44288">
        <ele>0</ele>
      </trkpt>
      <trkpt lat="34.26624" lon="-118.443">
        <ele>0</ele>
      </trkpt>
      <trkpt lat="34.26674" lon="-118.4434">
        <ele>0</ele>
      </trkpt>
      <trkpt lat="34.26712" lon="-118.44374">
        <ele>0</ele>
      </trkpt>
      <trkpt lat="34.26745" lon="-118.44408">
        <ele>0</ele>
      </trkpt>
      <trkpt lat="34.26763" lon="-118.44428">
        <ele>0</ele>
      </trkpt>
      <trkpt lat="34.26765" lon="-118.44429">
        <ele>0</ele>
      </trkpt>
      <trkpt lat="34.26774" lon="-118.4444">
        <ele>0</ele>
      </trkpt>
      <trkpt lat="34.26795" lon="-118.44461">
        <ele>0</ele>
      </trkpt>
      <trkpt lat="34.26801" lon="-118.44468">
        <ele>0</ele>
      </trkpt>
      <trkpt lat="34.26803" lon="-118.4447">
        <ele>0</ele>
      </trkpt>
      <trkpt lat="34.26808" lon="-118.44476">
        <ele>0</ele>
      </trkpt>
      <trkpt lat="34.26814" lon="-118.44482">
        <ele>0</ele>
      </trkpt>
      <trkpt lat="34.26818" lon="-118.44487">
        <ele>0</ele>
      </trkpt>
      <trkpt lat="34.26863" lon="-118.44534">
        <ele>0</ele>
      </trkpt>
      <trkpt lat="34.26882" lon="-118.44555">
        <ele>0</ele>
      </trkpt>
      <trkpt lat="34.26891" lon="-118.44564">
        <ele>0</ele>
      </trkpt>
      <trkpt lat="34.26901" lon="-118.44576">
        <ele>0</ele>
      </trkpt>
      <trkpt lat="34.26911" lon="-118.44586">
        <ele>0</ele>
      </trkpt>
      <trkpt lat="34.2693" lon="-118.44607">
        <ele>0</ele>
      </trkpt>
      <trkpt lat="34.26941" lon="-118.44618">
        <ele>0</ele>
      </trkpt>
      <trkpt lat="34.26961" lon="-118.4464">
        <ele>0</ele>
      </trkpt>
      <trkpt lat="34.26971" lon="-118.4465">
        <ele>0</ele>
      </trkpt>
      <trkpt lat="34.26981" lon="-118.44661">
        <ele>0</ele>
      </trkpt>
      <trkpt lat="34.26991" lon="-118.44671">
        <ele>0</ele>
      </trkpt>
      <trkpt lat="34.2701" lon="-118.44692">
        <ele>0</ele>
      </trkpt>
      <trkpt lat="34.27016" lon="-118.44698">
        <ele>0</ele>
      </trkpt>
      <trkpt lat="34.2702" lon="-118.44703">
        <ele>0</ele>
      </trkpt>
      <trkpt lat="34.27029" lon="-118.44712">
        <ele>0</ele>
      </trkpt>
      <trkpt lat="34.27035" lon="-118.44717">
        <ele>0</ele>
      </trkpt>
      <trkpt lat="34.2704" lon="-118.44723">
        <ele>0</ele>
      </trkpt>
      <trkpt lat="34.27043" lon="-118.44726">
        <ele>0</ele>
      </trkpt>
      <trkpt lat="34.27051" lon="-118.44733">
        <ele>0</ele>
      </trkpt>
      <trkpt lat="34.2706" lon="-118.44742">
        <ele>0</ele>
      </trkpt>
      <trkpt lat="34.27063" lon="-118.44744">
        <ele>0</ele>
      </trkpt>
      <trkpt lat="34.27075" lon="-118.44755">
        <ele>0</ele>
      </trkpt>
      <trkpt lat="34.27089" lon="-118.44766">
        <ele>0</ele>
      </trkpt>
      <trkpt lat="34.27096" lon="-118.44771">
        <ele>0</ele>
      </trkpt>
      <trkpt lat="34.27111" lon="-118.44784">
        <ele>0</ele>
      </trkpt>
      <trkpt lat="34.27126" lon="-118.44795">
        <ele>0</ele>
      </trkpt>
      <trkpt lat="34.27135" lon="-118.44803">
        <ele>0</ele>
      </trkpt>
      <trkpt lat="34.2717" lon="-118.4483">
        <ele>0</ele>
      </trkpt>
      <trkpt lat="34.27181" lon="-118.44837">
        <ele>0</ele>
      </trkpt>
      <trkpt lat="34.27198" lon="-118.4485">
        <ele>0</ele>
      </trkpt>
      <trkpt lat="34.27205" lon="-118.44854">
        <ele>0</ele>
      </trkpt>
      <trkpt lat="34.27215" lon="-118.44862">
        <ele>0</ele>
      </trkpt>
      <trkpt lat="34.27239" lon="-118.44879">
        <ele>0</ele>
      </trkpt>
      <trkpt lat="34.2724" lon="-118.44879">
        <ele>0</ele>
      </trkpt>
      <trkpt lat="34.2725" lon="-118.44887">
        <ele>0</ele>
      </trkpt>
      <trkpt lat="34.27261" lon="-118.44895">
        <ele>0</ele>
      </trkpt>
      <trkpt lat="34.27272" lon="-118.44902">
        <ele>0</ele>
      </trkpt>
      <trkpt lat="34.27292" lon="-118.44917">
        <ele>0</ele>
      </trkpt>
      <trkpt lat="34.27302" lon="-118.44923">
        <ele>0</ele>
      </trkpt>
      <trkpt lat="34.27304" lon="-118.44925">
        <ele>0</ele>
      </trkpt>
      <trkpt lat="34.27344" lon="-118.44953">
        <ele>0</ele>
      </trkpt>
      <trkpt lat="34.27346" lon="-118.44954">
        <ele>0</ele>
      </trkpt>
      <trkpt lat="34.27374" lon="-118.44978">
        <ele>0</ele>
      </trkpt>
      <trkpt lat="34.27379" lon="-118.44983">
        <ele>0</ele>
      </trkpt>
      <trkpt lat="34.27381" lon="-118.44984">
        <ele>0</ele>
      </trkpt>
      <trkpt lat="34.27405" lon="-118.45003">
        <ele>0</ele>
      </trkpt>
      <trkpt lat="34.27444" lon="-118.45038">
        <ele>0</ele>
      </trkpt>
      <trkpt lat="34.27482" lon="-118.45074">
        <ele>0</ele>
      </trkpt>
      <trkpt lat="34.27732" lon="-118.4534">
        <ele>0</ele>
      </trkpt>
      <trkpt lat="34.27769" lon="-118.45381">
        <ele>0</ele>
      </trkpt>
      <trkpt lat="34.27847" lon="-118.45462">
        <ele>0</ele>
      </trkpt>
      <trkpt lat="34.27886" lon="-118.45496">
        <ele>0</ele>
      </trkpt>
      <trkpt lat="34.27893" lon="-118.45501">
        <ele>0</ele>
      </trkpt>
      <trkpt lat="34.27896" lon="-118.45504">
        <ele>0</ele>
      </trkpt>
      <trkpt lat="34.27898" lon="-118.45505">
        <ele>0</ele>
      </trkpt>
      <trkpt lat="34.27904" lon="-118.4551">
        <ele>0</ele>
      </trkpt>
      <trkpt lat="34.2791" lon="-118.45514">
        <ele>0</ele>
      </trkpt>
      <trkpt lat="34.2792" lon="-118.45519">
        <ele>0</ele>
      </trkpt>
      <trkpt lat="34.27965" lon="-118.4555">
        <ele>0</ele>
      </trkpt>
      <trkpt lat="34.28026" lon="-118.45586">
        <ele>0</ele>
      </trkpt>
      <trkpt lat="34.28046" lon="-118.45599">
        <ele>0</ele>
      </trkpt>
      <trkpt lat="34.28095" lon="-118.45628">
        <ele>0</ele>
      </trkpt>
      <trkpt lat="34.2813" lon="-118.4565">
        <ele>0</ele>
      </trkpt>
      <trkpt lat="34.28196" lon="-118.45689">
        <ele>0</ele>
      </trkpt>
      <trkpt lat="34.28216" lon="-118.457">
        <ele>0</ele>
      </trkpt>
      <trkpt lat="34.28231" lon="-118.45709">
        <ele>0</ele>
      </trkpt>
      <trkpt lat="34.28244" lon="-118.45716">
        <ele>0</ele>
      </trkpt>
      <trkpt lat="34.28251" lon="-118.45721">
        <ele>0</ele>
      </trkpt>
      <trkpt lat="34.2826" lon="-118.45726">
        <ele>0</ele>
      </trkpt>
      <trkpt lat="34.28302" lon="-118.45754">
        <ele>0</ele>
      </trkpt>
      <trkpt lat="34.28324" lon="-118.4577">
        <ele>0</ele>
      </trkpt>
      <trkpt lat="34.28331" lon="-118.45776">
        <ele>0</ele>
      </trkpt>
      <trkpt lat="34.2834" lon="-118.45782">
        <ele>0</ele>
      </trkpt>
      <trkpt lat="34.28348" lon="-118.45788">
        <ele>0</ele>
      </trkpt>
      <trkpt lat="34.28353" lon="-118.45793">
        <ele>0</ele>
      </trkpt>
      <trkpt lat="34.28369" lon="-118.45806">
        <ele>0</ele>
      </trkpt>
      <trkpt lat="34.28379" lon="-118.45815">
        <ele>0</ele>
      </trkpt>
      <trkpt lat="34.28388" lon="-118.45824">
        <ele>0</ele>
      </trkpt>
      <trkpt lat="34.28399" lon="-118.45834">
        <ele>0</ele>
      </trkpt>
      <trkpt lat="34.28434" lon="-118.45869">
        <ele>0</ele>
      </trkpt>
      <trkpt lat="34.28457" lon="-118.45896">
        <ele>0</ele>
      </trkpt>
      <trkpt lat="34.28465" lon="-118.45904">
        <ele>0</ele>
      </trkpt>
      <trkpt lat="34.28488" lon="-118.45932">
        <ele>0</ele>
      </trkpt>
      <trkpt lat="34.28512" lon="-118.45964">
        <ele>0</ele>
      </trkpt>
      <trkpt lat="34.28535" lon="-118.45998">
        <ele>0</ele>
      </trkpt>
      <trkpt lat="34.28537" lon="-118.46002">
        <ele>0</ele>
      </trkpt>
      <trkpt lat="34.28551" lon="-118.46024">
        <ele>0</ele>
      </trkpt>
      <trkpt lat="34.2859" lon="-118.46089">
        <ele>0</ele>
      </trkpt>
      <trkpt lat="34.28599" lon="-118.46103">
        <ele>0</ele>
      </trkpt>
      <trkpt lat="34.28604" lon="-118.46113">
        <ele>0</ele>
      </trkpt>
      <trkpt lat="34.28691" lon="-118.46257">
        <ele>0</ele>
      </trkpt>
      <trkpt lat="34.28702" lon="-118.46274">
        <ele>0</ele>
      </trkpt>
      <trkpt lat="34.28745" lon="-118.46345">
        <ele>0</ele>
      </trkpt>
      <trkpt lat="34.28766" lon="-118.46378">
        <ele>0</ele>
      </trkpt>
      <trkpt lat="34.28783" lon="-118.46403">
        <ele>0</ele>
      </trkpt>
      <trkpt lat="34.28799" lon="-118.46424">
        <ele>0</ele>
      </trkpt>
      <trkpt lat="34.28802" lon="-118.46429">
        <ele>0</ele>
      </trkpt>
      <trkpt lat="34.28821" lon="-118.46453">
        <ele>0</ele>
      </trkpt>
      <trkpt lat="34.28835" lon="-118.46469">
        <ele>0</ele>
      </trkpt>
      <trkpt lat="34.28838" lon="-118.46473">
        <ele>0</ele>
      </trkpt>
      <trkpt lat="34.28888" lon="-118.46529">
        <ele>0</ele>
      </trkpt>
      <trkpt lat="34.28901" lon="-118.46542">
        <ele>0</ele>
      </trkpt>
      <trkpt lat="34.28901" lon="-118.46543">
        <ele>0</ele>
      </trkpt>
      <trkpt lat="34.28903" lon="-118.46544">
        <ele>0</ele>
      </trkpt>
      <trkpt lat="34.28914" lon="-118.46556">
        <ele>0</ele>
      </trkpt>
      <trkpt lat="34.29019" lon="-118.46659">
        <ele>0</ele>
      </trkpt>
      <trkpt lat="34.29023" lon="-118.46664">
        <ele>0</ele>
      </trkpt>
      <trkpt lat="34.29116" lon="-118.46755">
        <ele>0</ele>
      </trkpt>
      <trkpt lat="34.29128" lon="-118.46768">
        <ele>0</ele>
      </trkpt>
      <trkpt lat="34.29141" lon="-118.4678">
        <ele>0</ele>
      </trkpt>
      <trkpt lat="34.29171" lon="-118.46811">
        <ele>0</ele>
      </trkpt>
      <trkpt lat="34.29173" lon="-118.46812">
        <ele>0</ele>
      </trkpt>
      <trkpt lat="34.29262" lon="-118.46901">
        <ele>0</ele>
      </trkpt>
      <trkpt lat="34.29273" lon="-118.46911">
        <ele>0</ele>
      </trkpt>
      <trkpt lat="34.29353" lon="-118.46992">
        <ele>0</ele>
      </trkpt>
      <trkpt lat="34.29392" lon="-118.4703">
        <ele>0</ele>
      </trkpt>
      <trkpt lat="34.29398" lon="-118.47037">
        <ele>0</ele>
      </trkpt>
      <trkpt lat="34.29474" lon="-118.47111">
        <ele>0</ele>
      </trkpt>
      <trkpt lat="34.29491" lon="-118.47129">
        <ele>0</ele>
      </trkpt>
      <trkpt lat="34.29593" lon="-118.4723">
        <ele>0</ele>
      </trkpt>
      <trkpt lat="34.29603" lon="-118.47239">
        <ele>0</ele>
      </trkpt>
      <trkpt lat="34.29831" lon="-118.47459">
        <ele>0</ele>
      </trkpt>
      <trkpt lat="34.3012" lon="-118.47747">
        <ele>0</ele>
      </trkpt>
      <trkpt lat="34.30122" lon="-118.47748">
        <ele>0</ele>
      </trkpt>
      <trkpt lat="34.30137" lon="-118.47763">
        <ele>0</ele>
      </trkpt>
      <trkpt lat="34.3014" lon="-118.47765">
        <ele>0</ele>
      </trkpt>
      <trkpt lat="34.30148" lon="-118.47774">
        <ele>0</ele>
      </trkpt>
      <trkpt lat="34.30238" lon="-118.47861">
        <ele>0</ele>
      </trkpt>
      <trkpt lat="34.30242" lon="-118.47864">
        <ele>0</ele>
      </trkpt>
      <trkpt lat="34.3026" lon="-118.47882">
        <ele>0</ele>
      </trkpt>
      <trkpt lat="34.30293" lon="-118.47913">
        <ele>0</ele>
      </trkpt>
      <trkpt lat="34.30308" lon="-118.47928">
        <ele>0</ele>
      </trkpt>
      <trkpt lat="34.30528" lon="-118.48137">
        <ele>0</ele>
      </trkpt>
      <trkpt lat="34.30534" lon="-118.48142">
        <ele>0</ele>
      </trkpt>
      <trkpt lat="34.30663" lon="-118.48265">
        <ele>0</ele>
      </trkpt>
      <trkpt lat="34.30665" lon="-118.48268">
        <ele>0</ele>
      </trkpt>
      <trkpt lat="34.30761" lon="-118.48358">
        <ele>0</ele>
      </trkpt>
      <trkpt lat="34.30774" lon="-118.48371">
        <ele>0</ele>
      </trkpt>
      <trkpt lat="34.30909" lon="-118.48497">
        <ele>0</ele>
      </trkpt>
      <trkpt lat="34.30951" lon="-118.48534">
        <ele>0</ele>
      </trkpt>
      <trkpt lat="34.31017" lon="-118.48588">
        <ele>0</ele>
      </trkpt>
      <trkpt lat="34.31057" lon="-118.48618">
        <ele>0</ele>
      </trkpt>
      <trkpt lat="34.31074" lon="-118.48629">
        <ele>0</ele>
      </trkpt>
      <trkpt lat="34.31102" lon="-118.48651">
        <ele>0</ele>
      </trkpt>
      <trkpt lat="34.31155" lon="-118.48689">
        <ele>0</ele>
      </trkpt>
      <trkpt lat="34.31157" lon="-118.48691">
        <ele>0</ele>
      </trkpt>
      <trkpt lat="34.3122" lon="-118.48737">
        <ele>0</ele>
      </trkpt>
      <trkpt lat="34.31222" lon="-118.48738">
        <ele>0</ele>
      </trkpt>
      <trkpt lat="34.31232" lon="-118.48746">
        <ele>0</ele>
      </trkpt>
      <trkpt lat="34.31244" lon="-118.48754">
        <ele>0</ele>
      </trkpt>
      <trkpt lat="34.31254" lon="-118.48762">
        <ele>0</ele>
      </trkpt>
      <trkpt lat="34.31288" lon="-118.48786">
        <ele>0</ele>
      </trkpt>
      <trkpt lat="34.3129" lon="-118.48788">
        <ele>0</ele>
      </trkpt>
      <trkpt lat="34.31299" lon="-118.48795">
        <ele>0</ele>
      </trkpt>
      <trkpt lat="34.31323" lon="-118.48812">
        <ele>0</ele>
      </trkpt>
      <trkpt lat="34.31332" lon="-118.48819">
        <ele>0</ele>
      </trkpt>
      <trkpt lat="34.31355" lon="-118.48835">
        <ele>0</ele>
      </trkpt>
      <trkpt lat="34.31365" lon="-118.48843">
        <ele>0</ele>
      </trkpt>
      <trkpt lat="34.31368" lon="-118.48845">
        <ele>0</ele>
      </trkpt>
      <trkpt lat="34.3137" lon="-118.48847">
        <ele>0</ele>
      </trkpt>
      <trkpt lat="34.31377" lon="-118.48851">
        <ele>0</ele>
      </trkpt>
      <trkpt lat="34.31383" lon="-118.48856">
        <ele>0</ele>
      </trkpt>
      <trkpt lat="34.31388" lon="-118.48859">
        <ele>0</ele>
      </trkpt>
      <trkpt lat="34.31399" lon="-118.48867">
        <ele>0</ele>
      </trkpt>
      <trkpt lat="34.314" lon="-118.48868">
        <ele>0</ele>
      </trkpt>
      <trkpt lat="34.314" lon="-118.48869">
        <ele>0</ele>
      </trkpt>
      <trkpt lat="34.31403" lon="-118.4887">
        <ele>0</ele>
      </trkpt>
      <trkpt lat="34.31483" lon="-118.48929">
        <ele>0</ele>
      </trkpt>
      <trkpt lat="34.31484" lon="-118.4893">
        <ele>0</ele>
      </trkpt>
      <trkpt lat="34.31516" lon="-118.48953">
        <ele>0</ele>
      </trkpt>
      <trkpt lat="34.31518" lon="-118.48955">
        <ele>0</ele>
      </trkpt>
      <trkpt lat="34.31611" lon="-118.49022">
        <ele>0</ele>
      </trkpt>
      <trkpt lat="34.31622" lon="-118.49031">
        <ele>0</ele>
      </trkpt>
      <trkpt lat="34.31645" lon="-118.49047">
        <ele>0</ele>
      </trkpt>
      <trkpt lat="34.31647" lon="-118.49049">
        <ele>0</ele>
      </trkpt>
      <trkpt lat="34.31678" lon="-118.49073">
        <ele>0</ele>
      </trkpt>
      <trkpt lat="34.31681" lon="-118.49076">
        <ele>0</ele>
      </trkpt>
      <trkpt lat="34.317" lon="-118.49091">
        <ele>0</ele>
      </trkpt>
      <trkpt lat="34.3171" lon="-118.491">
        <ele>0</ele>
      </trkpt>
      <trkpt lat="34.31721" lon="-118.49109">
        <ele>0</ele>
      </trkpt>
      <trkpt lat="34.3176" lon="-118.49144">
        <ele>0</ele>
      </trkpt>
      <trkpt lat="34.31762" lon="-118.49147">
        <ele>0</ele>
      </trkpt>
      <trkpt lat="34.31773" lon="-118.49156">
        <ele>0</ele>
      </trkpt>
      <trkpt lat="34.31805" lon="-118.49188">
        <ele>0</ele>
      </trkpt>
      <trkpt lat="34.31822" lon="-118.49207">
        <ele>0</ele>
      </trkpt>
      <trkpt lat="34.31832" lon="-118.49217">
        <ele>0</ele>
      </trkpt>
      <trkpt lat="34.31836" lon="-118.49222">
        <ele>0</ele>
      </trkpt>
      <trkpt lat="34.31842" lon="-118.49228">
        <ele>0</ele>
      </trkpt>
      <trkpt lat="34.3188" lon="-118.49271">
        <ele>0</ele>
      </trkpt>
      <trkpt lat="34.31887" lon="-118.4928">
        <ele>0</ele>
      </trkpt>
      <trkpt lat="34.31889" lon="-118.49282">
        <ele>0</ele>
      </trkpt>
      <trkpt lat="34.31917" lon="-118.49316">
        <ele>0</ele>
      </trkpt>
      <trkpt lat="34.31926" lon="-118.49328">
        <ele>0</ele>
      </trkpt>
      <trkpt lat="34.31932" lon="-118.49337">
        <ele>0</ele>
      </trkpt>
      <trkpt lat="34.31957" lon="-118.4937">
        <ele>0</ele>
      </trkpt>
      <trkpt lat="34.31962" lon="-118.49378">
        <ele>0</ele>
      </trkpt>
      <trkpt lat="34.31971" lon="-118.49391">
        <ele>0</ele>
      </trkpt>
      <trkpt lat="34.31983" lon="-118.49407">
        <ele>0</ele>
      </trkpt>
      <trkpt lat="34.32" lon="-118.49433">
        <ele>0</ele>
      </trkpt>
      <trkpt lat="34.3201" lon="-118.4945">
        <ele>0</ele>
      </trkpt>
      <trkpt lat="34.32026" lon="-118.49475">
        <ele>0</ele>
      </trkpt>
      <trkpt lat="34.32048" lon="-118.49512">
        <ele>0</ele>
      </trkpt>
      <trkpt lat="34.32051" lon="-118.49519">
        <ele>0</ele>
      </trkpt>
      <trkpt lat="34.32055" lon="-118.49525">
        <ele>0</ele>
      </trkpt>
      <trkpt lat="34.32077" lon="-118.49564">
        <ele>0</ele>
      </trkpt>
      <trkpt lat="34.32089" lon="-118.49583">
        <ele>0</ele>
      </trkpt>
      <trkpt lat="34.32119" lon="-118.49636">
        <ele>0</ele>
      </trkpt>
      <trkpt lat="34.32122" lon="-118.49642">
        <ele>0</ele>
      </trkpt>
      <trkpt lat="34.32137" lon="-118.49667">
        <ele>0</ele>
      </trkpt>
      <trkpt lat="34.32139" lon="-118.49671">
        <ele>0</ele>
      </trkpt>
      <trkpt lat="34.32152" lon="-118.49693">
        <ele>0</ele>
      </trkpt>
      <trkpt lat="34.32159" lon="-118.49706">
        <ele>0</ele>
      </trkpt>
      <trkpt lat="34.32182" lon="-118.49744">
        <ele>0</ele>
      </trkpt>
      <trkpt lat="34.32196" lon="-118.4977">
        <ele>0</ele>
      </trkpt>
      <trkpt lat="34.32199" lon="-118.49774">
        <ele>0</ele>
      </trkpt>
      <trkpt lat="34.32203" lon="-118.49782">
        <ele>0</ele>
      </trkpt>
      <trkpt lat="34.3223" lon="-118.49829">
        <ele>0</ele>
      </trkpt>
      <trkpt lat="34.32234" lon="-118.49835">
        <ele>0</ele>
      </trkpt>
      <trkpt lat="34.32248" lon="-118.4986">
        <ele>0</ele>
      </trkpt>
      <trkpt lat="34.32256" lon="-118.49873">
        <ele>0</ele>
      </trkpt>
      <trkpt lat="34.3227" lon="-118.49899">
        <ele>0</ele>
      </trkpt>
      <trkpt lat="34.32288" lon="-118.49928">
        <ele>0</ele>
      </trkpt>
      <trkpt lat="34.32293" lon="-118.49938">
        <ele>0</ele>
      </trkpt>
      <trkpt lat="34.32301" lon="-118.49951">
        <ele>0</ele>
      </trkpt>
      <trkpt lat="34.32307" lon="-118.49963">
        <ele>0</ele>
      </trkpt>
      <trkpt lat="34.32406" lon="-118.5013">
        <ele>0</ele>
      </trkpt>
      <trkpt lat="34.32414" lon="-118.50142">
        <ele>0</ele>
      </trkpt>
      <trkpt lat="34.32416" lon="-118.50146">
        <ele>0</ele>
      </trkpt>
      <trkpt lat="34.3242" lon="-118.50151">
        <ele>0</ele>
      </trkpt>
      <trkpt lat="34.32426" lon="-118.5016">
        <ele>0</ele>
      </trkpt>
      <trkpt lat="34.32473" lon="-118.50225">
        <ele>0</ele>
      </trkpt>
      <trkpt lat="34.32475" lon="-118.50227">
        <ele>0</ele>
      </trkpt>
      <trkpt lat="34.32482" lon="-118.50236">
        <ele>0</ele>
      </trkpt>
      <trkpt lat="34.32489" lon="-118.50244">
        <ele>0</ele>
      </trkpt>
      <trkpt lat="34.32501" lon="-118.50259">
        <ele>0</ele>
      </trkpt>
      <trkpt lat="34.32517" lon="-118.50276">
        <ele>0</ele>
      </trkpt>
      <trkpt lat="34.32543" lon="-118.50302">
        <ele>0</ele>
      </trkpt>
      <trkpt lat="34.32548" lon="-118.50306">
        <ele>0</ele>
      </trkpt>
      <trkpt lat="34.32572" lon="-118.50329">
        <ele>0</ele>
      </trkpt>
      <trkpt lat="34.32624" lon="-118.50374">
        <ele>0</ele>
      </trkpt>
      <trkpt lat="34.3263" lon="-118.50378">
        <ele>0</ele>
      </trkpt>
      <trkpt lat="34.32655" lon="-118.50397">
        <ele>0</ele>
      </trkpt>
      <trkpt lat="34.32688" lon="-118.5042">
        <ele>0</ele>
      </trkpt>
      <trkpt lat="34.32728" lon="-118.50444">
        <ele>0</ele>
      </trkpt>
      <trkpt lat="34.32741" lon="-118.5045">
        <ele>0</ele>
      </trkpt>
      <trkpt lat="34.32775" lon="-118.50468">
        <ele>0</ele>
      </trkpt>
      <trkpt lat="34.32787" lon="-118.50473">
        <ele>0</ele>
      </trkpt>
      <trkpt lat="34.32788" lon="-118.50474">
        <ele>0</ele>
      </trkpt>
      <trkpt lat="34.32799" lon="-118.50479">
        <ele>0</ele>
      </trkpt>
      <trkpt lat="34.32822" lon="-118.50491">
        <ele>0</ele>
      </trkpt>
      <trkpt lat="34.32835" lon="-118.50497">
        <ele>0</ele>
      </trkpt>
      <trkpt lat="34.32848" lon="-118.50504">
        <ele>0</ele>
      </trkpt>
      <trkpt lat="34.32859" lon="-118.50509">
        <ele>0</ele>
      </trkpt>
      <trkpt lat="34.32907" lon="-118.50533">
        <ele>0</ele>
      </trkpt>
      <trkpt lat="34.32916" lon="-118.50537">
        <ele>0</ele>
      </trkpt>
      <trkpt lat="34.32992" lon="-118.50575">
        <ele>0</ele>
      </trkpt>
      <trkpt lat="34.33127" lon="-118.5064">
        <ele>0</ele>
      </trkpt>
      <trkpt lat="34.33134" lon="-118.50644">
        <ele>0</ele>
      </trkpt>
      <trkpt lat="34.33149" lon="-118.50651">
        <ele>0</ele>
      </trkpt>
      <trkpt lat="34.33176" lon="-118.50666">
        <ele>0</ele>
      </trkpt>
      <trkpt lat="34.33255" lon="-118.50714">
        <ele>0</ele>
      </trkpt>
      <trkpt lat="34.3327" lon="-118.50725">
        <ele>0</ele>
      </trkpt>
      <trkpt lat="34.33279" lon="-118.50731">
        <ele>0</ele>
      </trkpt>
      <trkpt lat="34.33306" lon="-118.50751">
        <ele>0</ele>
      </trkpt>
      <trkpt lat="34.33336" lon="-118.50775">
        <ele>0</ele>
      </trkpt>
      <trkpt lat="34.33354" lon="-118.50791">
        <ele>0</ele>
      </trkpt>
      <trkpt lat="34.33365" lon="-118.508">
        <ele>0</ele>
      </trkpt>
      <trkpt lat="34.33379" lon="-118.50813">
        <ele>0</ele>
      </trkpt>
      <trkpt lat="34.33445" lon="-118.50885">
        <ele>0</ele>
      </trkpt>
      <trkpt lat="34.33453" lon="-118.50895">
        <ele>0</ele>
      </trkpt>
      <trkpt lat="34.33464" lon="-118.50907">
        <ele>0</ele>
      </trkpt>
      <trkpt lat="34.33473" lon="-118.50918">
        <ele>0</ele>
      </trkpt>
      <trkpt lat="34.33495" lon="-118.50947">
        <ele>0</ele>
      </trkpt>
      <trkpt lat="34.33581" lon="-118.51074">
        <ele>0</ele>
      </trkpt>
      <trkpt lat="34.33606" lon="-118.51113">
        <ele>0</ele>
      </trkpt>
      <trkpt lat="34.33618" lon="-118.5113">
        <ele>0</ele>
      </trkpt>
      <trkpt lat="34.3368" lon="-118.51229">
        <ele>0</ele>
      </trkpt>
      <trkpt lat="34.33699" lon="-118.51261">
        <ele>0</ele>
      </trkpt>
      <trkpt lat="34.33734" lon="-118.51326">
        <ele>0</ele>
      </trkpt>
      <trkpt lat="34.33741" lon="-118.5134">
        <ele>0</ele>
      </trkpt>
      <trkpt lat="34.33765" lon="-118.51384">
        <ele>0</ele>
      </trkpt>
      <trkpt lat="34.33813" lon="-118.51481">
        <ele>0</ele>
      </trkpt>
      <trkpt lat="34.33822" lon="-118.51501">
        <ele>0</ele>
      </trkpt>
      <trkpt lat="34.33828" lon="-118.51512">
        <ele>0</ele>
      </trkpt>
      <trkpt lat="34.339" lon="-118.51663">
        <ele>0</ele>
      </trkpt>
      <trkpt lat="34.33908" lon="-118.51678">
        <ele>0</ele>
      </trkpt>
      <trkpt lat="34.33934" lon="-118.51733">
        <ele>0</ele>
      </trkpt>
      <trkpt lat="34.33946" lon="-118.51755">
        <ele>0</ele>
      </trkpt>
      <trkpt lat="34.33962" lon="-118.51789">
        <ele>0</ele>
      </trkpt>
      <trkpt lat="34.33994" lon="-118.51852">
        <ele>0</ele>
      </trkpt>
      <trkpt lat="34.34002" lon="-118.51871">
        <ele>0</ele>
      </trkpt>
      <trkpt lat="34.34019" lon="-118.51908">
        <ele>0</ele>
      </trkpt>
      <trkpt lat="34.34023" lon="-118.51918">
        <ele>0</ele>
      </trkpt>
      <trkpt lat="34.34027" lon="-118.51926">
        <ele>0</ele>
      </trkpt>
      <trkpt lat="34.34048" lon="-118.51982">
        <ele>0</ele>
      </trkpt>
      <trkpt lat="34.34053" lon="-118.51997">
        <ele>0</ele>
      </trkpt>
      <trkpt lat="34.34065" lon="-118.52038">
        <ele>0</ele>
      </trkpt>
      <trkpt lat="34.34069" lon="-118.5205">
        <ele>0</ele>
      </trkpt>
      <trkpt lat="34.34071" lon="-118.52059">
        <ele>0</ele>
      </trkpt>
      <trkpt lat="34.34072" lon="-118.52062">
        <ele>0</ele>
      </trkpt>
      <trkpt lat="34.34084" lon="-118.52114">
        <ele>0</ele>
      </trkpt>
      <trkpt lat="34.34092" lon="-118.52155">
        <ele>0</ele>
      </trkpt>
      <trkpt lat="34.34092" lon="-118.52156">
        <ele>0</ele>
      </trkpt>
      <trkpt lat="34.34097" lon="-118.52181">
        <ele>0</ele>
      </trkpt>
      <trkpt lat="34.341" lon="-118.52208">
        <ele>0</ele>
      </trkpt>
      <trkpt lat="34.34104" lon="-118.52234">
        <ele>0</ele>
      </trkpt>
      <trkpt lat="34.34104" lon="-118.52236">
        <ele>0</ele>
      </trkpt>
      <trkpt lat="34.34107" lon="-118.52255">
        <ele>0</ele>
      </trkpt>
      <trkpt lat="34.34107" lon="-118.52257">
        <ele>0</ele>
      </trkpt>
      <trkpt lat="34.34138" lon="-118.52488">
        <ele>0</ele>
      </trkpt>
      <trkpt lat="34.34147" lon="-118.52542">
        <ele>0</ele>
      </trkpt>
      <trkpt lat="34.34151" lon="-118.5256">
        <ele>0</ele>
      </trkpt>
      <trkpt lat="34.34154" lon="-118.52578">
        <ele>0</ele>
      </trkpt>
      <trkpt lat="34.34155" lon="-118.52581">
        <ele>0</ele>
      </trkpt>
      <trkpt lat="34.34157" lon="-118.5259">
        <ele>0</ele>
      </trkpt>
      <trkpt lat="34.34176" lon="-118.52662">
        <ele>0</ele>
      </trkpt>
      <trkpt lat="34.34191" lon="-118.52708">
        <ele>0</ele>
      </trkpt>
      <trkpt lat="34.34192" lon="-118.5271">
        <ele>0</ele>
      </trkpt>
      <trkpt lat="34.34199" lon="-118.52729">
        <ele>0</ele>
      </trkpt>
      <trkpt lat="34.34202" lon="-118.52736">
        <ele>0</ele>
      </trkpt>
      <trkpt lat="34.34207" lon="-118.5275">
        <ele>0</ele>
      </trkpt>
      <trkpt lat="34.34234" lon="-118.52812">
        <ele>0</ele>
      </trkpt>
      <trkpt lat="34.34248" lon="-118.52841">
        <ele>0</ele>
      </trkpt>
      <trkpt lat="34.34252" lon="-118.52848">
        <ele>0</ele>
      </trkpt>
      <trkpt lat="34.34261" lon="-118.52866">
        <ele>0</ele>
      </trkpt>
      <trkpt lat="34.34278" lon="-118.52895">
        <ele>0</ele>
      </trkpt>
      <trkpt lat="34.34308" lon="-118.5294">
        <ele>0</ele>
      </trkpt>
      <trkpt lat="34.34346" lon="-118.52992">
        <ele>0</ele>
      </trkpt>
      <trkpt lat="34.34352" lon="-118.52999">
        <ele>0</ele>
      </trkpt>
      <trkpt lat="34.34361" lon="-118.53011">
        <ele>0</ele>
      </trkpt>
      <trkpt lat="34.3438" lon="-118.53034">
        <ele>0</ele>
      </trkpt>
      <trkpt lat="34.34409" lon="-118.53066">
        <ele>0</ele>
      </trkpt>
      <trkpt lat="34.3443" lon="-118.53087">
        <ele>0</ele>
      </trkpt>
      <trkpt lat="34.34515" lon="-118.53162">
        <ele>0</ele>
      </trkpt>
      <trkpt lat="34.34542" lon="-118.53188">
        <ele>0</ele>
      </trkpt>
      <trkpt lat="34.34551" lon="-118.53196">
        <ele>0</ele>
      </trkpt>
      <trkpt lat="34.34567" lon="-118.53212">
        <ele>0</ele>
      </trkpt>
      <trkpt lat="34.34612" lon="-118.53263">
        <ele>0</ele>
      </trkpt>
      <trkpt lat="34.34648" lon="-118.53309">
        <ele>0</ele>
      </trkpt>
      <trkpt lat="34.34674" lon="-118.53349">
        <ele>0</ele>
      </trkpt>
      <trkpt lat="34.34675" lon="-118.53351">
        <ele>0</ele>
      </trkpt>
      <trkpt lat="34.34682" lon="-118.53362">
        <ele>0</ele>
      </trkpt>
      <trkpt lat="34.34687" lon="-118.53369">
        <ele>0</ele>
      </trkpt>
      <trkpt lat="34.34713" lon="-118.53416">
        <ele>0</ele>
      </trkpt>
      <trkpt lat="34.3474" lon="-118.53468">
        <ele>0</ele>
      </trkpt>
      <trkpt lat="34.34748" lon="-118.53489">
        <ele>0</ele>
      </trkpt>
      <trkpt lat="34.34768" lon="-118.53535">
        <ele>0</ele>
      </trkpt>
      <trkpt lat="34.34793" lon="-118.53601">
        <ele>0</ele>
      </trkpt>
      <trkpt lat="34.3481" lon="-118.53642">
        <ele>0</ele>
      </trkpt>
      <trkpt lat="34.34874" lon="-118.53807">
        <ele>0</ele>
      </trkpt>
      <trkpt lat="34.34963" lon="-118.54046">
        <ele>0</ele>
      </trkpt>
      <trkpt lat="34.35011" lon="-118.54166">
        <ele>0</ele>
      </trkpt>
      <trkpt lat="34.3516" lon="-118.54558">
        <ele>0</ele>
      </trkpt>
      <trkpt lat="34.35174" lon="-118.5459">
        <ele>0</ele>
      </trkpt>
      <trkpt lat="34.35184" lon="-118.54611">
        <ele>0</ele>
      </trkpt>
      <trkpt lat="34.35224" lon="-118.54687">
        <ele>0</ele>
      </trkpt>
      <trkpt lat="34.35231" lon="-118.54698">
        <ele>0</ele>
      </trkpt>
      <trkpt lat="34.35246" lon="-118.54719">
        <ele>0</ele>
      </trkpt>
      <trkpt lat="34.35258" lon="-118.54737">
        <ele>0</ele>
      </trkpt>
      <trkpt lat="34.35268" lon="-118.5475">
        <ele>0</ele>
      </trkpt>
      <trkpt lat="34.35277" lon="-118.54763">
        <ele>0</ele>
      </trkpt>
      <trkpt lat="34.35303" lon="-118.54797">
        <ele>0</ele>
      </trkpt>
      <trkpt lat="34.35338" lon="-118.54838">
        <ele>0</ele>
      </trkpt>
      <trkpt lat="34.3534" lon="-118.54841">
        <ele>0</ele>
      </trkpt>
      <trkpt lat="34.35357" lon="-118.5486">
        <ele>0</ele>
      </trkpt>
      <trkpt lat="34.3538" lon="-118.54884">
        <ele>0</ele>
      </trkpt>
      <trkpt lat="34.35566" lon="-118.55091">
        <ele>0</ele>
      </trkpt>
      <trkpt lat="34.35574" lon="-118.55099">
        <ele>0</ele>
      </trkpt>
      <trkpt lat="34.35692" lon="-118.55227">
        <ele>0</ele>
      </trkpt>
      <trkpt lat="34.35709" lon="-118.55244">
        <ele>0</ele>
      </trkpt>
      <trkpt lat="34.35724" lon="-118.55257">
        <ele>0</ele>
      </trkpt>
      <trkpt lat="34.35731" lon="-118.55264">
        <ele>0</ele>
      </trkpt>
      <trkpt lat="34.3574" lon="-118.55271">
        <ele>0</ele>
      </trkpt>
      <trkpt lat="34.3577" lon="-118.55297">
        <ele>0</ele>
      </trkpt>
      <trkpt lat="34.35798" lon="-118.55319">
        <ele>0</ele>
      </trkpt>
      <trkpt lat="34.35836" lon="-118.55344">
        <ele>0</ele>
      </trkpt>
      <trkpt lat="34.35906" lon="-118.55385">
        <ele>0</ele>
      </trkpt>
      <trkpt lat="34.35926" lon="-118.55395">
        <ele>0</ele>
      </trkpt>
      <trkpt lat="34.35968" lon="-118.55414">
        <ele>0</ele>
      </trkpt>
      <trkpt lat="34.35985" lon="-118.5542">
        <ele>0</ele>
      </trkpt>
      <trkpt lat="34.35989" lon="-118.55422">
        <ele>0</ele>
      </trkpt>
      <trkpt lat="34.36029" lon="-118.55434">
        <ele>0</ele>
      </trkpt>
      <trkpt lat="34.36037" lon="-118.55437">
        <ele>0</ele>
      </trkpt>
      <trkpt lat="34.3615" lon="-118.55473">
        <ele>0</ele>
      </trkpt>
      <trkpt lat="34.36197" lon="-118.55489">
        <ele>0</ele>
      </trkpt>
      <trkpt lat="34.36223" lon="-118.55497">
        <ele>0</ele>
      </trkpt>
      <trkpt lat="34.36277" lon="-118.55516">
        <ele>0</ele>
      </trkpt>
      <trkpt lat="34.36301" lon="-118.55523">
        <ele>0</ele>
      </trkpt>
      <trkpt lat="34.36345" lon="-118.55538">
        <ele>0</ele>
      </trkpt>
      <trkpt lat="34.36366" lon="-118.55546">
        <ele>0</ele>
      </trkpt>
      <trkpt lat="34.36371" lon="-118.55547">
        <ele>0</ele>
      </trkpt>
      <trkpt lat="34.36402" lon="-118.55559">
        <ele>0</ele>
      </trkpt>
      <trkpt lat="34.36409" lon="-118.55561">
        <ele>0</ele>
      </trkpt>
      <trkpt lat="34.3646" lon="-118.55585">
        <ele>0</ele>
      </trkpt>
      <trkpt lat="34.36519" lon="-118.55618">
        <ele>0</ele>
      </trkpt>
      <trkpt lat="34.3654" lon="-118.55631">
        <ele>0</ele>
      </trkpt>
      <trkpt lat="34.36587" lon="-118.55665">
        <ele>0</ele>
      </trkpt>
      <trkpt lat="34.36599" lon="-118.55675">
        <ele>0</ele>
      </trkpt>
      <trkpt lat="34.3663" lon="-118.55698">
        <ele>0</ele>
      </trkpt>
      <trkpt lat="34.36633" lon="-118.55701">
        <ele>0</ele>
      </trkpt>
      <trkpt lat="34.36777" lon="-118.55813">
        <ele>0</ele>
      </trkpt>
      <trkpt lat="34.36784" lon="-118.55819">
        <ele>0</ele>
      </trkpt>
      <trkpt lat="34.36831" lon="-118.55855">
        <ele>0</ele>
      </trkpt>
      <trkpt lat="34.36839" lon="-118.55862">
        <ele>0</ele>
      </trkpt>
      <trkpt lat="34.36854" lon="-118.55873">
        <ele>0</ele>
      </trkpt>
      <trkpt lat="34.3689" lon="-118.55902">
        <ele>0</ele>
      </trkpt>
      <trkpt lat="34.36971" lon="-118.55959">
        <ele>0</ele>
      </trkpt>
      <trkpt lat="34.37131" lon="-118.56063">
        <ele>0</ele>
      </trkpt>
      <trkpt lat="34.37156" lon="-118.56078">
        <ele>0</ele>
      </trkpt>
      <trkpt lat="34.37296" lon="-118.56168">
        <ele>0</ele>
      </trkpt>
      <trkpt lat="34.37303" lon="-118.56172">
        <ele>0</ele>
      </trkpt>
      <trkpt lat="34.37394" lon="-118.56231">
        <ele>0</ele>
      </trkpt>
      <trkpt lat="34.37466" lon="-118.56276">
        <ele>0</ele>
      </trkpt>
      <trkpt lat="34.3761" lon="-118.56369">
        <ele>0</ele>
      </trkpt>
      <trkpt lat="34.37614" lon="-118.56371">
        <ele>0</ele>
      </trkpt>
      <trkpt lat="34.37706" lon="-118.56429">
        <ele>0</ele>
      </trkpt>
      <trkpt lat="34.37719" lon="-118.56438">
        <ele>0</ele>
      </trkpt>
      <trkpt lat="34.37859" lon="-118.56527">
        <ele>0</ele>
      </trkpt>
      <trkpt lat="34.37875" lon="-118.56538">
        <ele>0</ele>
      </trkpt>
      <trkpt lat="34.37959" lon="-118.56591">
        <ele>0</ele>
      </trkpt>
      <trkpt lat="34.37968" lon="-118.56596">
        <ele>0</ele>
      </trkpt>
      <trkpt lat="34.37989" lon="-118.56609">
        <ele>0</ele>
      </trkpt>
      <trkpt lat="34.38021" lon="-118.56627">
        <ele>0</ele>
      </trkpt>
      <trkpt lat="34.38087" lon="-118.5666">
        <ele>0</ele>
      </trkpt>
      <trkpt lat="34.38099" lon="-118.56665">
        <ele>0</ele>
      </trkpt>
      <trkpt lat="34.38125" lon="-118.56677">
        <ele>0</ele>
      </trkpt>
      <trkpt lat="34.38163" lon="-118.56692">
        <ele>0</ele>
      </trkpt>
      <trkpt lat="34.38188" lon="-118.56703">
        <ele>0</ele>
      </trkpt>
      <trkpt lat="34.3821" lon="-118.56711">
        <ele>0</ele>
      </trkpt>
      <trkpt lat="34.38226" lon="-118.56718">
        <ele>0</ele>
      </trkpt>
      <trkpt lat="34.38239" lon="-118.56723">
        <ele>0</ele>
      </trkpt>
      <trkpt lat="34.38252" lon="-118.56729">
        <ele>0</ele>
      </trkpt>
      <trkpt lat="34.38295" lon="-118.56746">
        <ele>0</ele>
      </trkpt>
      <trkpt lat="34.38301" lon="-118.56749">
        <ele>0</ele>
      </trkpt>
      <trkpt lat="34.3834" lon="-118.56764">
        <ele>0</ele>
      </trkpt>
      <trkpt lat="34.3839" lon="-118.56785">
        <ele>0</ele>
      </trkpt>
      <trkpt lat="34.38441" lon="-118.56805">
        <ele>0</ele>
      </trkpt>
      <trkpt lat="34.38466" lon="-118.56816">
        <ele>0</ele>
      </trkpt>
      <trkpt lat="34.38547" lon="-118.56848">
        <ele>0</ele>
      </trkpt>
      <trkpt lat="34.38567" lon="-118.56857">
        <ele>0</ele>
      </trkpt>
      <trkpt lat="34.38618" lon="-118.56877">
        <ele>0</ele>
      </trkpt>
      <trkpt lat="34.38667" lon="-118.56898">
        <ele>0</ele>
      </trkpt>
      <trkpt lat="34.38681" lon="-118.56903">
        <ele>0</ele>
      </trkpt>
      <trkpt lat="34.38731" lon="-118.56923">
        <ele>0</ele>
      </trkpt>
      <trkpt lat="34.38743" lon="-118.56929">
        <ele>0</ele>
      </trkpt>
      <trkpt lat="34.38768" lon="-118.56939">
        <ele>0</ele>
      </trkpt>
      <trkpt lat="34.3878" lon="-118.56943">
        <ele>0</ele>
      </trkpt>
      <trkpt lat="34.38794" lon="-118.56949">
        <ele>0</ele>
      </trkpt>
      <trkpt lat="34.3882" lon="-118.56958">
        <ele>0</ele>
      </trkpt>
      <trkpt lat="34.38838" lon="-118.56965">
        <ele>0</ele>
      </trkpt>
      <trkpt lat="34.38883" lon="-118.56979">
        <ele>0</ele>
      </trkpt>
      <trkpt lat="34.38959" lon="-118.57">
        <ele>0</ele>
      </trkpt>
      <trkpt lat="34.39007" lon="-118.57011">
        <ele>0</ele>
      </trkpt>
      <trkpt lat="34.39026" lon="-118.57016">
        <ele>0</ele>
      </trkpt>
      <trkpt lat="34.39104" lon="-118.57034">
        <ele>0</ele>
      </trkpt>
      <trkpt lat="34.39154" lon="-118.57047">
        <ele>0</ele>
      </trkpt>
      <trkpt lat="34.39183" lon="-118.57053">
        <ele>0</ele>
      </trkpt>
      <trkpt lat="34.39189" lon="-118.57055">
        <ele>0</ele>
      </trkpt>
      <trkpt lat="34.39365" lon="-118.57097">
        <ele>0</ele>
      </trkpt>
      <trkpt lat="34.39375" lon="-118.571">
        <ele>0</ele>
      </trkpt>
      <trkpt lat="34.39539" lon="-118.57137">
        <ele>0</ele>
      </trkpt>
      <trkpt lat="34.39631" lon="-118.5716">
        <ele>0</ele>
      </trkpt>
      <trkpt lat="34.39659" lon="-118.57166">
        <ele>0</ele>
      </trkpt>
      <trkpt lat="34.3982" lon="-118.57205">
        <ele>0</ele>
      </trkpt>
      <trkpt lat="34.39821" lon="-118.57205">
        <ele>0</ele>
      </trkpt>
      <trkpt lat="34.39892" lon="-118.57222">
        <ele>0</ele>
      </trkpt>
      <trkpt lat="34.39971" lon="-118.57243">
        <ele>0</ele>
      </trkpt>
      <trkpt lat="34.40011" lon="-118.57255">
        <ele>0</ele>
      </trkpt>
      <trkpt lat="34.40013" lon="-118.57256">
        <ele>0</ele>
      </trkpt>
      <trkpt lat="34.4005" lon="-118.57269">
        <ele>0</ele>
      </trkpt>
      <trkpt lat="34.40078" lon="-118.5728">
        <ele>0</ele>
      </trkpt>
      <trkpt lat="34.40295" lon="-118.57376">
        <ele>0</ele>
      </trkpt>
      <trkpt lat="34.40301" lon="-118.57379">
        <ele>0</ele>
      </trkpt>
      <trkpt lat="34.40302" lon="-118.57379">
        <ele>0</ele>
      </trkpt>
      <trkpt lat="34.40545" lon="-118.57488">
        <ele>0</ele>
      </trkpt>
      <trkpt lat="34.40555" lon="-118.57493">
        <ele>0</ele>
      </trkpt>
      <trkpt lat="34.40563" lon="-118.57496">
        <ele>0</ele>
      </trkpt>
      <trkpt lat="34.40568" lon="-118.57499">
        <ele>0</ele>
      </trkpt>
      <trkpt lat="34.40581" lon="-118.57504">
        <ele>0</ele>
      </trkpt>
      <trkpt lat="34.40617" lon="-118.57521">
        <ele>0</ele>
      </trkpt>
      <trkpt lat="34.40634" lon="-118.57528">
        <ele>0</ele>
      </trkpt>
      <trkpt lat="34.40644" lon="-118.57533">
        <ele>0</ele>
      </trkpt>
      <trkpt lat="34.40656" lon="-118.57538">
        <ele>0</ele>
      </trkpt>
      <trkpt lat="34.40662" lon="-118.57541">
        <ele>0</ele>
      </trkpt>
      <trkpt lat="34.40673" lon="-118.57545">
        <ele>0</ele>
      </trkpt>
      <trkpt lat="34.40694" lon="-118.57555">
        <ele>0</ele>
      </trkpt>
      <trkpt lat="34.40713" lon="-118.57563">
        <ele>0</ele>
      </trkpt>
      <trkpt lat="34.40729" lon="-118.57571">
        <ele>0</ele>
      </trkpt>
      <trkpt lat="34.40742" lon="-118.57576">
        <ele>0</ele>
      </trkpt>
      <trkpt lat="34.4075" lon="-118.5758">
        <ele>0</ele>
      </trkpt>
      <trkpt lat="34.40757" lon="-118.57583">
        <ele>0</ele>
      </trkpt>
      <trkpt lat="34.40766" lon="-118.57588">
        <ele>0</ele>
      </trkpt>
      <trkpt lat="34.41083" lon="-118.57729">
        <ele>0</ele>
      </trkpt>
      <trkpt lat="34.41117" lon="-118.57745">
        <ele>0</ele>
      </trkpt>
      <trkpt lat="34.41221" lon="-118.5779">
        <ele>0</ele>
      </trkpt>
      <trkpt lat="34.4131" lon="-118.57824">
        <ele>0</ele>
      </trkpt>
      <trkpt lat="34.41324" lon="-118.5783">
        <ele>0</ele>
      </trkpt>
      <trkpt lat="34.4141" lon="-118.57862">
        <ele>0</ele>
      </trkpt>
      <trkpt lat="34.41421" lon="-118.57867">
        <ele>0</ele>
      </trkpt>
      <trkpt lat="34.41436" lon="-118.57872">
        <ele>0</ele>
      </trkpt>
      <trkpt lat="34.41489" lon="-118.57893">
        <ele>0</ele>
      </trkpt>
      <trkpt lat="34.41498" lon="-118.57897">
        <ele>0</ele>
      </trkpt>
      <trkpt lat="34.41511" lon="-118.57902">
        <ele>0</ele>
      </trkpt>
      <trkpt lat="34.41543" lon="-118.57916">
        <ele>0</ele>
      </trkpt>
      <trkpt lat="34.41549" lon="-118.57918">
        <ele>0</ele>
      </trkpt>
      <trkpt lat="34.41563" lon="-118.57924">
        <ele>0</ele>
      </trkpt>
      <trkpt lat="34.41577" lon="-118.57931">
        <ele>0</ele>
      </trkpt>
      <trkpt lat="34.41589" lon="-118.57936">
        <ele>0</ele>
      </trkpt>
      <trkpt lat="34.41664" lon="-118.57972">
        <ele>0</ele>
      </trkpt>
      <trkpt lat="34.41667" lon="-118.57974">
        <ele>0</ele>
      </trkpt>
      <trkpt lat="34.417" lon="-118.5799">
        <ele>0</ele>
      </trkpt>
      <trkpt lat="34.41784" lon="-118.58035">
        <ele>0</ele>
      </trkpt>
      <trkpt lat="34.41797" lon="-118.58041">
        <ele>0</ele>
      </trkpt>
      <trkpt lat="34.4204" lon="-118.58168">
        <ele>0</ele>
      </trkpt>
      <trkpt lat="34.4208" lon="-118.5819">
        <ele>0</ele>
      </trkpt>
      <trkpt lat="34.42114" lon="-118.58207">
        <ele>0</ele>
      </trkpt>
      <trkpt lat="34.42806" lon="-118.58571">
        <ele>0</ele>
      </trkpt>
      <trkpt lat="34.42833" lon="-118.58584">
        <ele>0</ele>
      </trkpt>
      <trkpt lat="34.42856" lon="-118.58597">
        <ele>0</ele>
      </trkpt>
      <trkpt lat="34.4288" lon="-118.58609">
        <ele>0</ele>
      </trkpt>
      <trkpt lat="34.42928" lon="-118.58637">
        <ele>0</ele>
      </trkpt>
      <trkpt lat="34.42939" lon="-118.58644">
        <ele>0</ele>
      </trkpt>
      <trkpt lat="34.42947" lon="-118.5865">
        <ele>0</ele>
      </trkpt>
      <trkpt lat="34.42948" lon="-118.5865">
        <ele>0</ele>
      </trkpt>
      <trkpt lat="34.42963" lon="-118.5866">
        <ele>0</ele>
      </trkpt>
      <trkpt lat="34.42997" lon="-118.58685">
        <ele>0</ele>
      </trkpt>
      <trkpt lat="34.43007" lon="-118.58694">
        <ele>0</ele>
      </trkpt>
      <trkpt lat="34.43009" lon="-118.58695">
        <ele>0</ele>
      </trkpt>
      <trkpt lat="34.43018" lon="-118.58703">
        <ele>0</ele>
      </trkpt>
      <trkpt lat="34.4303" lon="-118.58712">
        <ele>0</ele>
      </trkpt>
      <trkpt lat="34.43072" lon="-118.58751">
        <ele>0</ele>
      </trkpt>
      <trkpt lat="34.43109" lon="-118.5879">
        <ele>0</ele>
      </trkpt>
      <trkpt lat="34.43118" lon="-118.58801">
        <ele>0</ele>
      </trkpt>
      <trkpt lat="34.43129" lon="-118.58813">
        <ele>0</ele>
      </trkpt>
      <trkpt lat="34.43143" lon="-118.5883">
        <ele>0</ele>
      </trkpt>
      <trkpt lat="34.43151" lon="-118.58838">
        <ele>0</ele>
      </trkpt>
      <trkpt lat="34.43199" lon="-118.58897">
        <ele>0</ele>
      </trkpt>
      <trkpt lat="34.43205" lon="-118.58905">
        <ele>0</ele>
      </trkpt>
      <trkpt lat="34.43216" lon="-118.58918">
        <ele>0</ele>
      </trkpt>
      <trkpt lat="34.4322" lon="-118.58922">
        <ele>0</ele>
      </trkpt>
      <trkpt lat="34.43255" lon="-118.58964">
        <ele>0</ele>
      </trkpt>
      <trkpt lat="34.43271" lon="-118.58982">
        <ele>0</ele>
      </trkpt>
      <trkpt lat="34.4329" lon="-118.59005">
        <ele>0</ele>
      </trkpt>
      <trkpt lat="34.43294" lon="-118.59009">
        <ele>0</ele>
      </trkpt>
      <trkpt lat="34.43314" lon="-118.59033">
        <ele>0</ele>
      </trkpt>
      <trkpt lat="34.43316" lon="-118.59036">
        <ele>0</ele>
      </trkpt>
      <trkpt lat="34.43324" lon="-118.59044">
        <ele>0</ele>
      </trkpt>
      <trkpt lat="34.43396" lon="-118.59128">
        <ele>0</ele>
      </trkpt>
      <trkpt lat="34.43404" lon="-118.59139">
        <ele>0</ele>
      </trkpt>
      <trkpt lat="34.43414" lon="-118.5915">
        <ele>0</ele>
      </trkpt>
      <trkpt lat="34.43423" lon="-118.59161">
        <ele>0</ele>
      </trkpt>
      <trkpt lat="34.43432" lon="-118.59171">
        <ele>0</ele>
      </trkpt>
      <trkpt lat="34.43438" lon="-118.59179">
        <ele>0</ele>
      </trkpt>
      <trkpt lat="34.4346" lon="-118.59204">
        <ele>0</ele>
      </trkpt>
      <trkpt lat="34.43534" lon="-118.59292">
        <ele>0</ele>
      </trkpt>
      <trkpt lat="34.43545" lon="-118.59304">
        <ele>0</ele>
      </trkpt>
      <trkpt lat="34.43564" lon="-118.59327">
        <ele>0</ele>
      </trkpt>
      <trkpt lat="34.43573" lon="-118.59337">
        <ele>0</ele>
      </trkpt>
      <trkpt lat="34.43592" lon="-118.5936">
        <ele>0</ele>
      </trkpt>
      <trkpt lat="34.43596" lon="-118.59364">
        <ele>0</ele>
      </trkpt>
      <trkpt lat="34.43601" lon="-118.59371">
        <ele>0</ele>
      </trkpt>
      <trkpt lat="34.4363" lon="-118.59405">
        <ele>0</ele>
      </trkpt>
      <trkpt lat="34.43633" lon="-118.59409">
        <ele>0</ele>
      </trkpt>
      <trkpt lat="34.43637" lon="-118.59413">
        <ele>0</ele>
      </trkpt>
      <trkpt lat="34.43642" lon="-118.5942">
        <ele>0</ele>
      </trkpt>
      <trkpt lat="34.43658" lon="-118.59439">
        <ele>0</ele>
      </trkpt>
      <trkpt lat="34.43661" lon="-118.59442">
        <ele>0</ele>
      </trkpt>
      <trkpt lat="34.43666" lon="-118.59449">
        <ele>0</ele>
      </trkpt>
      <trkpt lat="34.43667" lon="-118.5945">
        <ele>0</ele>
      </trkpt>
      <trkpt lat="34.43725" lon="-118.5952">
        <ele>0</ele>
      </trkpt>
      <trkpt lat="34.43734" lon="-118.5953">
        <ele>0</ele>
      </trkpt>
      <trkpt lat="34.43738" lon="-118.59535">
        <ele>0</ele>
      </trkpt>
      <trkpt lat="34.4377" lon="-118.5957">
        <ele>0</ele>
      </trkpt>
      <trkpt lat="34.43792" lon="-118.59596">
        <ele>0</ele>
      </trkpt>
      <trkpt lat="34.43803" lon="-118.59608">
        <ele>0</ele>
      </trkpt>
      <trkpt lat="34.43811" lon="-118.59619">
        <ele>0</ele>
      </trkpt>
      <trkpt lat="34.4383" lon="-118.59641">
        <ele>0</ele>
      </trkpt>
      <trkpt lat="34.43846" lon="-118.59663">
        <ele>0</ele>
      </trkpt>
      <trkpt lat="34.43856" lon="-118.59674">
        <ele>0</ele>
      </trkpt>
      <trkpt lat="34.43858" lon="-118.59678">
        <ele>0</ele>
      </trkpt>
      <trkpt lat="34.43874" lon="-118.59699">
        <ele>0</ele>
      </trkpt>
      <trkpt lat="34.43884" lon="-118.59714">
        <ele>0</ele>
      </trkpt>
      <trkpt lat="34.43892" lon="-118.59724">
        <ele>0</ele>
      </trkpt>
      <trkpt lat="34.43932" lon="-118.59784">
        <ele>0</ele>
      </trkpt>
      <trkpt lat="34.4394" lon="-118.59797">
        <ele>0</ele>
      </trkpt>
      <trkpt lat="34.43947" lon="-118.5981">
        <ele>0</ele>
      </trkpt>
      <trkpt lat="34.43962" lon="-118.59835">
        <ele>0</ele>
      </trkpt>
      <trkpt lat="34.43963" lon="-118.59836">
        <ele>0</ele>
      </trkpt>
      <trkpt lat="34.43969" lon="-118.59847">
        <ele>0</ele>
      </trkpt>
      <trkpt lat="34.43971" lon="-118.59849">
        <ele>0</ele>
      </trkpt>
      <trkpt lat="34.43978" lon="-118.59862">
        <ele>0</ele>
      </trkpt>
      <trkpt lat="34.43984" lon="-118.59872">
        <ele>0</ele>
      </trkpt>
      <trkpt lat="34.44047" lon="-118.59993">
        <ele>0</ele>
      </trkpt>
      <trkpt lat="34.44049" lon="-118.59996">
        <ele>0</ele>
      </trkpt>
      <trkpt lat="34.44061" lon="-118.60019">
        <ele>0</ele>
      </trkpt>
      <trkpt lat="34.44065" lon="-118.60028">
        <ele>0</ele>
      </trkpt>
      <trkpt lat="34.44074" lon="-118.60044">
        <ele>0</ele>
      </trkpt>
      <trkpt lat="34.44082" lon="-118.60061">
        <ele>0</ele>
      </trkpt>
      <trkpt lat="34.44166" lon="-118.60223">
        <ele>0</ele>
      </trkpt>
      <trkpt lat="34.44181" lon="-118.6025">
        <ele>0</ele>
      </trkpt>
      <trkpt lat="34.442" lon="-118.60288">
        <ele>0</ele>
      </trkpt>
      <trkpt lat="34.44213" lon="-118.60312">
        <ele>0</ele>
      </trkpt>
      <trkpt lat="34.44227" lon="-118.6034">
        <ele>0</ele>
      </trkpt>
      <trkpt lat="34.44249" lon="-118.60381">
        <ele>0</ele>
      </trkpt>
      <trkpt lat="34.44304" lon="-118.60489">
        <ele>0</ele>
      </trkpt>
      <trkpt lat="34.44312" lon="-118.60503">
        <ele>0</ele>
      </trkpt>
      <trkpt lat="34.44345" lon="-118.60568">
        <ele>0</ele>
      </trkpt>
      <trkpt lat="34.44383" lon="-118.60639">
        <ele>0</ele>
      </trkpt>
      <trkpt lat="34.44474" lon="-118.60816">
        <ele>0</ele>
      </trkpt>
      <trkpt lat="34.44498" lon="-118.6086">
        <ele>0</ele>
      </trkpt>
      <trkpt lat="34.44514" lon="-118.60887">
        <ele>0</ele>
      </trkpt>
      <trkpt lat="34.4452" lon="-118.60899">
        <ele>0</ele>
      </trkpt>
      <trkpt lat="34.44521" lon="-118.609">
        <ele>0</ele>
      </trkpt>
      <trkpt lat="34.44569" lon="-118.6097">
        <ele>0</ele>
      </trkpt>
      <trkpt lat="34.44596" lon="-118.61005">
        <ele>0</ele>
      </trkpt>
      <trkpt lat="34.446" lon="-118.61009">
        <ele>0</ele>
      </trkpt>
      <trkpt lat="34.44616" lon="-118.61028">
        <ele>0</ele>
      </trkpt>
      <trkpt lat="34.44618" lon="-118.61031">
        <ele>0</ele>
      </trkpt>
      <trkpt lat="34.44627" lon="-118.61041">
        <ele>0</ele>
      </trkpt>
      <trkpt lat="34.44631" lon="-118.61046">
        <ele>0</ele>
      </trkpt>
      <trkpt lat="34.44673" lon="-118.61088">
        <ele>0</ele>
      </trkpt>
      <trkpt lat="34.44697" lon="-118.6111">
        <ele>0</ele>
      </trkpt>
      <trkpt lat="34.4472" lon="-118.61129">
        <ele>0</ele>
      </trkpt>
      <trkpt lat="34.44735" lon="-118.6114">
        <ele>0</ele>
      </trkpt>
      <trkpt lat="34.44762" lon="-118.61162">
        <ele>0</ele>
      </trkpt>
      <trkpt lat="34.44805" lon="-118.61194">
        <ele>0</ele>
      </trkpt>
      <trkpt lat="34.44806" lon="-118.61195">
        <ele>0</ele>
      </trkpt>
      <trkpt lat="34.44808" lon="-118.61196">
        <ele>0</ele>
      </trkpt>
      <trkpt lat="34.44818" lon="-118.61204">
        <ele>0</ele>
      </trkpt>
      <trkpt lat="34.44821" lon="-118.61206">
        <ele>0</ele>
      </trkpt>
      <trkpt lat="34.44891" lon="-118.6126">
        <ele>0</ele>
      </trkpt>
      <trkpt lat="34.44893" lon="-118.61262">
        <ele>0</ele>
      </trkpt>
      <trkpt lat="34.44905" lon="-118.61272">
        <ele>0</ele>
      </trkpt>
      <trkpt lat="34.4492" lon="-118.61283">
        <ele>0</ele>
      </trkpt>
      <trkpt lat="34.44935" lon="-118.61295">
        <ele>0</ele>
      </trkpt>
      <trkpt lat="34.44937" lon="-118.61296">
        <ele>0</ele>
      </trkpt>
      <trkpt lat="34.4494" lon="-118.61299">
        <ele>0</ele>
      </trkpt>
      <trkpt lat="34.44951" lon="-118.61307">
        <ele>0</ele>
      </trkpt>
      <trkpt lat="34.44954" lon="-118.6131">
        <ele>0</ele>
      </trkpt>
      <trkpt lat="34.4503" lon="-118.61369">
        <ele>0</ele>
      </trkpt>
      <trkpt lat="34.45039" lon="-118.61375">
        <ele>0</ele>
      </trkpt>
      <trkpt lat="34.45051" lon="-118.61384">
        <ele>0</ele>
      </trkpt>
      <trkpt lat="34.45062" lon="-118.61393">
        <ele>0</ele>
      </trkpt>
      <trkpt lat="34.45073" lon="-118.61401">
        <ele>0</ele>
      </trkpt>
      <trkpt lat="34.45076" lon="-118.61404">
        <ele>0</ele>
      </trkpt>
      <trkpt lat="34.45112" lon="-118.61431">
        <ele>0</ele>
      </trkpt>
      <trkpt lat="34.45128" lon="-118.61442">
        <ele>0</ele>
      </trkpt>
      <trkpt lat="34.45129" lon="-118.61442">
        <ele>0</ele>
      </trkpt>
      <trkpt lat="34.45131" lon="-118.61443">
        <ele>0</ele>
      </trkpt>
      <trkpt lat="34.4515" lon="-118.61456">
        <ele>0</ele>
      </trkpt>
      <trkpt lat="34.45171" lon="-118.61468">
        <ele>0</ele>
      </trkpt>
      <trkpt lat="34.45185" lon="-118.61477">
        <ele>0</ele>
      </trkpt>
      <trkpt lat="34.45236" lon="-118.61505">
        <ele>0</ele>
      </trkpt>
      <trkpt lat="34.45284" lon="-118.61526">
        <ele>0</ele>
      </trkpt>
      <trkpt lat="34.45287" lon="-118.61528">
        <ele>0</ele>
      </trkpt>
      <trkpt lat="34.45327" lon="-118.61543">
        <ele>0</ele>
      </trkpt>
      <trkpt lat="34.45354" lon="-118.61552">
        <ele>0</ele>
      </trkpt>
      <trkpt lat="34.45378" lon="-118.61558">
        <ele>0</ele>
      </trkpt>
      <trkpt lat="34.45388" lon="-118.61561">
        <ele>0</ele>
      </trkpt>
      <trkpt lat="34.45449" lon="-118.61575">
        <ele>0</ele>
      </trkpt>
      <trkpt lat="34.45456" lon="-118.61577">
        <ele>0</ele>
      </trkpt>
      <trkpt lat="34.45465" lon="-118.61578">
        <ele>0</ele>
      </trkpt>
      <trkpt lat="34.45486" lon="-118.61582">
        <ele>0</ele>
      </trkpt>
      <trkpt lat="34.455" lon="-118.61584">
        <ele>0</ele>
      </trkpt>
      <trkpt lat="34.45545" lon="-118.61588">
        <ele>0</ele>
      </trkpt>
      <trkpt lat="34.45594" lon="-118.6159">
        <ele>0</ele>
      </trkpt>
      <trkpt lat="34.45623" lon="-118.6159">
        <ele>0</ele>
      </trkpt>
      <trkpt lat="34.45631" lon="-118.61589">
        <ele>0</ele>
      </trkpt>
      <trkpt lat="34.45663" lon="-118.61587">
        <ele>0</ele>
      </trkpt>
      <trkpt lat="34.45693" lon="-118.61584">
        <ele>0</ele>
      </trkpt>
      <trkpt lat="34.45705" lon="-118.61582">
        <ele>0</ele>
      </trkpt>
      <trkpt lat="34.4571" lon="-118.61582">
        <ele>0</ele>
      </trkpt>
      <trkpt lat="34.45713" lon="-118.61581">
        <ele>0</ele>
      </trkpt>
      <trkpt lat="34.4573" lon="-118.61578">
        <ele>0</ele>
      </trkpt>
      <trkpt lat="34.45752" lon="-118.61575">
        <ele>0</ele>
      </trkpt>
      <trkpt lat="34.45816" lon="-118.61562">
        <ele>0</ele>
      </trkpt>
      <trkpt lat="34.45818" lon="-118.61562">
        <ele>0</ele>
      </trkpt>
      <trkpt lat="34.45836" lon="-118.61558">
        <ele>0</ele>
      </trkpt>
      <trkpt lat="34.45849" lon="-118.61556">
        <ele>0</ele>
      </trkpt>
      <trkpt lat="34.45861" lon="-118.61553">
        <ele>0</ele>
      </trkpt>
      <trkpt lat="34.45918" lon="-118.61542">
        <ele>0</ele>
      </trkpt>
      <trkpt lat="34.46002" lon="-118.61524">
        <ele>0</ele>
      </trkpt>
      <trkpt lat="34.46011" lon="-118.61523">
        <ele>0</ele>
      </trkpt>
      <trkpt lat="34.46018" lon="-118.61521">
        <ele>0</ele>
      </trkpt>
      <trkpt lat="34.46061" lon="-118.61514">
        <ele>0</ele>
      </trkpt>
      <trkpt lat="34.4607" lon="-118.61514">
        <ele>0</ele>
      </trkpt>
      <trkpt lat="34.46112" lon="-118.6151">
        <ele>0</ele>
      </trkpt>
      <trkpt lat="34.46159" lon="-118.6151">
        <ele>0</ele>
      </trkpt>
      <trkpt lat="34.46205" lon="-118.61512">
        <ele>0</ele>
      </trkpt>
      <trkpt lat="34.46238" lon="-118.61516">
        <ele>0</ele>
      </trkpt>
      <trkpt lat="34.46252" lon="-118.61517">
        <ele>0</ele>
      </trkpt>
      <trkpt lat="34.46302" lon="-118.61527">
        <ele>0</ele>
      </trkpt>
      <trkpt lat="34.46323" lon="-118.61532">
        <ele>0</ele>
      </trkpt>
      <trkpt lat="34.46324" lon="-118.61532">
        <ele>0</ele>
      </trkpt>
      <trkpt lat="34.46341" lon="-118.61536">
        <ele>0</ele>
      </trkpt>
      <trkpt lat="34.46356" lon="-118.61541">
        <ele>0</ele>
      </trkpt>
      <trkpt lat="34.46358" lon="-118.61542">
        <ele>0</ele>
      </trkpt>
      <trkpt lat="34.46384" lon="-118.6155">
        <ele>0</ele>
      </trkpt>
      <trkpt lat="34.46415" lon="-118.61562">
        <ele>0</ele>
      </trkpt>
      <trkpt lat="34.46419" lon="-118.61564">
        <ele>0</ele>
      </trkpt>
      <trkpt lat="34.46473" lon="-118.61585">
        <ele>0</ele>
      </trkpt>
      <trkpt lat="34.4652" lon="-118.61605">
        <ele>0</ele>
      </trkpt>
      <trkpt lat="34.46544" lon="-118.61613">
        <ele>0</ele>
      </trkpt>
      <trkpt lat="34.46562" lon="-118.6162">
        <ele>0</ele>
      </trkpt>
      <trkpt lat="34.46564" lon="-118.61621">
        <ele>0</ele>
      </trkpt>
      <trkpt lat="34.46574" lon="-118.61624">
        <ele>0</ele>
      </trkpt>
      <trkpt lat="34.46579" lon="-118.61625">
        <ele>0</ele>
      </trkpt>
      <trkpt lat="34.46593" lon="-118.6163">
        <ele>0</ele>
      </trkpt>
      <trkpt lat="34.46596" lon="-118.6163">
        <ele>0</ele>
      </trkpt>
      <trkpt lat="34.46623" lon="-118.61637">
        <ele>0</ele>
      </trkpt>
      <trkpt lat="34.46657" lon="-118.61644">
        <ele>0</ele>
      </trkpt>
      <trkpt lat="34.46692" lon="-118.6165">
        <ele>0</ele>
      </trkpt>
      <trkpt lat="34.46739" lon="-118.61655">
        <ele>0</ele>
      </trkpt>
      <trkpt lat="34.46757" lon="-118.61655">
        <ele>0</ele>
      </trkpt>
      <trkpt lat="34.46773" lon="-118.61656">
        <ele>0</ele>
      </trkpt>
      <trkpt lat="34.46792" lon="-118.61656">
        <ele>0</ele>
      </trkpt>
      <trkpt lat="34.46859" lon="-118.61651">
        <ele>0</ele>
      </trkpt>
      <trkpt lat="34.46911" lon="-118.61643">
        <ele>0</ele>
      </trkpt>
      <trkpt lat="34.47014" lon="-118.6162">
        <ele>0</ele>
      </trkpt>
      <trkpt lat="34.47024" lon="-118.61617">
        <ele>0</ele>
      </trkpt>
      <trkpt lat="34.47094" lon="-118.61602">
        <ele>0</ele>
      </trkpt>
      <trkpt lat="34.47095" lon="-118.61601">
        <ele>0</ele>
      </trkpt>
      <trkpt lat="34.47289" lon="-118.61557">
        <ele>0</ele>
      </trkpt>
      <trkpt lat="34.4729" lon="-118.61557">
        <ele>0</ele>
      </trkpt>
      <trkpt lat="34.47307" lon="-118.61553">
        <ele>0</ele>
      </trkpt>
      <trkpt lat="34.47313" lon="-118.61552">
        <ele>0</ele>
      </trkpt>
      <trkpt lat="34.47324" lon="-118.61549">
        <ele>0</ele>
      </trkpt>
      <trkpt lat="34.47325" lon="-118.61549">
        <ele>0</ele>
      </trkpt>
      <trkpt lat="34.47343" lon="-118.61545">
        <ele>0</ele>
      </trkpt>
      <trkpt lat="34.47345" lon="-118.61545">
        <ele>0</ele>
      </trkpt>
      <trkpt lat="34.47413" lon="-118.61529">
        <ele>0</ele>
      </trkpt>
      <trkpt lat="34.47461" lon="-118.61519">
        <ele>0</ele>
      </trkpt>
      <trkpt lat="34.47466" lon="-118.61517">
        <ele>0</ele>
      </trkpt>
      <trkpt lat="34.47734" lon="-118.61456">
        <ele>0</ele>
      </trkpt>
      <trkpt lat="34.47785" lon="-118.61446">
        <ele>0</ele>
      </trkpt>
      <trkpt lat="34.47863" lon="-118.61436">
        <ele>0</ele>
      </trkpt>
      <trkpt lat="34.47874" lon="-118.61434">
        <ele>0</ele>
      </trkpt>
      <trkpt lat="34.47909" lon="-118.61432">
        <ele>0</ele>
      </trkpt>
      <trkpt lat="34.47989" lon="-118.6143">
        <ele>0</ele>
      </trkpt>
      <trkpt lat="34.48063" lon="-118.61434">
        <ele>0</ele>
      </trkpt>
      <trkpt lat="34.48112" lon="-118.6144">
        <ele>0</ele>
      </trkpt>
      <trkpt lat="34.48114" lon="-118.6144">
        <ele>0</ele>
      </trkpt>
      <trkpt lat="34.48152" lon="-118.61446">
        <ele>0</ele>
      </trkpt>
      <trkpt lat="34.48189" lon="-118.61453">
        <ele>0</ele>
      </trkpt>
      <trkpt lat="34.48203" lon="-118.61457">
        <ele>0</ele>
      </trkpt>
      <trkpt lat="34.4822" lon="-118.6146">
        <ele>0</ele>
      </trkpt>
      <trkpt lat="34.48291" lon="-118.6148">
        <ele>0</ele>
      </trkpt>
      <trkpt lat="34.48368" lon="-118.61507">
        <ele>0</ele>
      </trkpt>
      <trkpt lat="34.48428" lon="-118.61533">
        <ele>0</ele>
      </trkpt>
      <trkpt lat="34.4849" lon="-118.61564">
        <ele>0</ele>
      </trkpt>
      <trkpt lat="34.48544" lon="-118.61595">
        <ele>0</ele>
      </trkpt>
      <trkpt lat="34.48551" lon="-118.616">
        <ele>0</ele>
      </trkpt>
      <trkpt lat="34.48595" lon="-118.61628">
        <ele>0</ele>
      </trkpt>
      <trkpt lat="34.48597" lon="-118.6163">
        <ele>0</ele>
      </trkpt>
      <trkpt lat="34.48608" lon="-118.61637">
        <ele>0</ele>
      </trkpt>
      <trkpt lat="34.4862" lon="-118.61646">
        <ele>0</ele>
      </trkpt>
      <trkpt lat="34.48626" lon="-118.6165">
        <ele>0</ele>
      </trkpt>
      <trkpt lat="34.48699" lon="-118.61705">
        <ele>0</ele>
      </trkpt>
      <trkpt lat="34.48707" lon="-118.6171">
        <ele>0</ele>
      </trkpt>
      <trkpt lat="34.48747" lon="-118.6174">
        <ele>0</ele>
      </trkpt>
      <trkpt lat="34.48767" lon="-118.61756">
        <ele>0</ele>
      </trkpt>
      <trkpt lat="34.48801" lon="-118.61781">
        <ele>0</ele>
      </trkpt>
      <trkpt lat="34.4881" lon="-118.61787">
        <ele>0</ele>
      </trkpt>
      <trkpt lat="34.48812" lon="-118.61789">
        <ele>0</ele>
      </trkpt>
      <trkpt lat="34.48908" lon="-118.61861">
        <ele>0</ele>
      </trkpt>
      <trkpt lat="34.48911" lon="-118.61862">
        <ele>0</ele>
      </trkpt>
      <trkpt lat="34.48913" lon="-118.61864">
        <ele>0</ele>
      </trkpt>
      <trkpt lat="34.48918" lon="-118.61868">
        <ele>0</ele>
      </trkpt>
      <trkpt lat="34.48923" lon="-118.61871">
        <ele>0</ele>
      </trkpt>
      <trkpt lat="34.48926" lon="-118.61874">
        <ele>0</ele>
      </trkpt>
      <trkpt lat="34.48992" lon="-118.61923">
        <ele>0</ele>
      </trkpt>
      <trkpt lat="34.49003" lon="-118.61932">
        <ele>0</ele>
      </trkpt>
      <trkpt lat="34.49023" lon="-118.61946">
        <ele>0</ele>
      </trkpt>
      <trkpt lat="34.49025" lon="-118.61948">
        <ele>0</ele>
      </trkpt>
      <trkpt lat="34.49054" lon="-118.61969">
        <ele>0</ele>
      </trkpt>
      <trkpt lat="34.49058" lon="-118.61973">
        <ele>0</ele>
      </trkpt>
      <trkpt lat="34.49104" lon="-118.62007">
        <ele>0</ele>
      </trkpt>
      <trkpt lat="34.49114" lon="-118.62015">
        <ele>0</ele>
      </trkpt>
      <trkpt lat="34.49148" lon="-118.6204">
        <ele>0</ele>
      </trkpt>
      <trkpt lat="34.49159" lon="-118.62049">
        <ele>0</ele>
      </trkpt>
      <trkpt lat="34.49182" lon="-118.62065">
        <ele>0</ele>
      </trkpt>
      <trkpt lat="34.49191" lon="-118.62073">
        <ele>0</ele>
      </trkpt>
      <trkpt lat="34.49203" lon="-118.62081">
        <ele>0</ele>
      </trkpt>
      <trkpt lat="34.49211" lon="-118.62088">
        <ele>0</ele>
      </trkpt>
      <trkpt lat="34.49215" lon="-118.6209">
        <ele>0</ele>
      </trkpt>
      <trkpt lat="34.49226" lon="-118.62098">
        <ele>0</ele>
      </trkpt>
      <trkpt lat="34.49246" lon="-118.62114">
        <ele>0</ele>
      </trkpt>
      <trkpt lat="34.49326" lon="-118.62173">
        <ele>0</ele>
      </trkpt>
      <trkpt lat="34.49336" lon="-118.62181">
        <ele>0</ele>
      </trkpt>
      <trkpt lat="34.49393" lon="-118.62223">
        <ele>0</ele>
      </trkpt>
      <trkpt lat="34.49404" lon="-118.62232">
        <ele>0</ele>
      </trkpt>
      <trkpt lat="34.49427" lon="-118.62249">
        <ele>0</ele>
      </trkpt>
      <trkpt lat="34.49437" lon="-118.62257">
        <ele>0</ele>
      </trkpt>
      <trkpt lat="34.49438" lon="-118.62258">
        <ele>0</ele>
      </trkpt>
      <trkpt lat="34.49443" lon="-118.62261">
        <ele>0</ele>
      </trkpt>
      <trkpt lat="34.49515" lon="-118.62315">
        <ele>0</ele>
      </trkpt>
      <trkpt lat="34.49527" lon="-118.62323">
        <ele>0</ele>
      </trkpt>
      <trkpt lat="34.49546" lon="-118.62338">
        <ele>0</ele>
      </trkpt>
      <trkpt lat="34.49551" lon="-118.62341">
        <ele>0</ele>
      </trkpt>
      <trkpt lat="34.49591" lon="-118.62372">
        <ele>0</ele>
      </trkpt>
      <trkpt lat="34.49623" lon="-118.62395">
        <ele>0</ele>
      </trkpt>
      <trkpt lat="34.49626" lon="-118.62398">
        <ele>0</ele>
      </trkpt>
      <trkpt lat="34.49695" lon="-118.62449">
        <ele>0</ele>
      </trkpt>
      <trkpt lat="34.49701" lon="-118.62454">
        <ele>0</ele>
      </trkpt>
      <trkpt lat="34.49706" lon="-118.62457">
        <ele>0</ele>
      </trkpt>
      <trkpt lat="34.49717" lon="-118.62466">
        <ele>0</ele>
      </trkpt>
      <trkpt lat="34.49728" lon="-118.62474">
        <ele>0</ele>
      </trkpt>
      <trkpt lat="34.49738" lon="-118.62482">
        <ele>0</ele>
      </trkpt>
      <trkpt lat="34.49771" lon="-118.62505">
        <ele>0</ele>
      </trkpt>
      <trkpt lat="34.49773" lon="-118.62506">
        <ele>0</ele>
      </trkpt>
      <trkpt lat="34.49794" lon="-118.6252">
        <ele>0</ele>
      </trkpt>
      <trkpt lat="34.49817" lon="-118.62534">
        <ele>0</ele>
      </trkpt>
      <trkpt lat="34.49837" lon="-118.62545">
        <ele>0</ele>
      </trkpt>
      <trkpt lat="34.49889" lon="-118.6257">
        <ele>0</ele>
      </trkpt>
      <trkpt lat="34.49892" lon="-118.62572">
        <ele>0</ele>
      </trkpt>
      <trkpt lat="34.49903" lon="-118.62576">
        <ele>0</ele>
      </trkpt>
      <trkpt lat="34.4994" lon="-118.62592">
        <ele>0</ele>
      </trkpt>
      <trkpt lat="34.49953" lon="-118.62597">
        <ele>0</ele>
      </trkpt>
      <trkpt lat="34.50001" lon="-118.62618">
        <ele>0</ele>
      </trkpt>
      <trkpt lat="34.50028" lon="-118.62629">
        <ele>0</ele>
      </trkpt>
      <trkpt lat="34.50055" lon="-118.62642">
        <ele>0</ele>
      </trkpt>
      <trkpt lat="34.50095" lon="-118.62663">
        <ele>0</ele>
      </trkpt>
      <trkpt lat="34.50132" lon="-118.62685">
        <ele>0</ele>
      </trkpt>
      <trkpt lat="34.50143" lon="-118.62693">
        <ele>0</ele>
      </trkpt>
      <trkpt lat="34.50157" lon="-118.62702">
        <ele>0</ele>
      </trkpt>
      <trkpt lat="34.50175" lon="-118.62715">
        <ele>0</ele>
      </trkpt>
      <trkpt lat="34.50193" lon="-118.62729">
        <ele>0</ele>
      </trkpt>
      <trkpt lat="34.50224" lon="-118.62755">
        <ele>0</ele>
      </trkpt>
      <trkpt lat="34.5026" lon="-118.62787">
        <ele>0</ele>
      </trkpt>
      <trkpt lat="34.5026" lon="-118.62788">
        <ele>0</ele>
      </trkpt>
      <trkpt lat="34.50288" lon="-118.62816">
        <ele>0</ele>
      </trkpt>
      <trkpt lat="34.5031" lon="-118.6284">
        <ele>0</ele>
      </trkpt>
      <trkpt lat="34.5039" lon="-118.62935">
        <ele>0</ele>
      </trkpt>
      <trkpt lat="34.5042" lon="-118.62973">
        <ele>0</ele>
      </trkpt>
      <trkpt lat="34.5044" lon="-118.62996">
        <ele>0</ele>
      </trkpt>
      <trkpt lat="34.50474" lon="-118.63033">
        <ele>0</ele>
      </trkpt>
      <trkpt lat="34.50475" lon="-118.63035">
        <ele>0</ele>
      </trkpt>
      <trkpt lat="34.50478" lon="-118.63037">
        <ele>0</ele>
      </trkpt>
      <trkpt lat="34.50492" lon="-118.63051">
        <ele>0</ele>
      </trkpt>
      <trkpt lat="34.50524" lon="-118.63081">
        <ele>0</ele>
      </trkpt>
      <trkpt lat="34.50573" lon="-118.63122">
        <ele>0</ele>
      </trkpt>
      <trkpt lat="34.50658" lon="-118.63186">
        <ele>0</ele>
      </trkpt>
      <trkpt lat="34.50659" lon="-118.63187">
        <ele>0</ele>
      </trkpt>
      <trkpt lat="34.50699" lon="-118.63218">
        <ele>0</ele>
      </trkpt>
      <trkpt lat="34.507" lon="-118.63218">
        <ele>0</ele>
      </trkpt>
      <trkpt lat="34.50727" lon="-118.63238">
        <ele>0</ele>
      </trkpt>
      <trkpt lat="34.50743" lon="-118.63249">
        <ele>0</ele>
      </trkpt>
      <trkpt lat="34.50781" lon="-118.63278">
        <ele>0</ele>
      </trkpt>
      <trkpt lat="34.50788" lon="-118.63284">
        <ele>0</ele>
      </trkpt>
      <trkpt lat="34.50859" lon="-118.63337">
        <ele>0</ele>
      </trkpt>
      <trkpt lat="34.50864" lon="-118.6334">
        <ele>0</ele>
      </trkpt>
      <trkpt lat="34.51008" lon="-118.63449">
        <ele>0</ele>
      </trkpt>
      <trkpt lat="34.51023" lon="-118.63461">
        <ele>0</ele>
      </trkpt>
      <trkpt lat="34.51079" lon="-118.635">
        <ele>0</ele>
      </trkpt>
      <trkpt lat="34.51095" lon="-118.63512">
        <ele>0</ele>
      </trkpt>
      <trkpt lat="34.51103" lon="-118.63517">
        <ele>0</ele>
      </trkpt>
      <trkpt lat="34.5111" lon="-118.63522">
        <ele>0</ele>
      </trkpt>
      <trkpt lat="34.51111" lon="-118.63522">
        <ele>0</ele>
      </trkpt>
      <trkpt lat="34.5112" lon="-118.63529">
        <ele>0</ele>
      </trkpt>
      <trkpt lat="34.5114" lon="-118.63542">
        <ele>0</ele>
      </trkpt>
      <trkpt lat="34.51142" lon="-118.63544">
        <ele>0</ele>
      </trkpt>
      <trkpt lat="34.51147" lon="-118.63547">
        <ele>0</ele>
      </trkpt>
      <trkpt lat="34.51157" lon="-118.63554">
        <ele>0</ele>
      </trkpt>
      <trkpt lat="34.51166" lon="-118.63561">
        <ele>0</ele>
      </trkpt>
      <trkpt lat="34.51173" lon="-118.63565">
        <ele>0</ele>
      </trkpt>
      <trkpt lat="34.51182" lon="-118.63571">
        <ele>0</ele>
      </trkpt>
      <trkpt lat="34.51186" lon="-118.63573">
        <ele>0</ele>
      </trkpt>
      <trkpt lat="34.51247" lon="-118.63614">
        <ele>0</ele>
      </trkpt>
      <trkpt lat="34.51268" lon="-118.63627">
        <ele>0</ele>
      </trkpt>
      <trkpt lat="34.51274" lon="-118.6363">
        <ele>0</ele>
      </trkpt>
      <trkpt lat="34.513" lon="-118.63648">
        <ele>0</ele>
      </trkpt>
      <trkpt lat="34.51332" lon="-118.63668">
        <ele>0</ele>
      </trkpt>
      <trkpt lat="34.51352" lon="-118.63682">
        <ele>0</ele>
      </trkpt>
      <trkpt lat="34.51406" lon="-118.63716">
        <ele>0</ele>
      </trkpt>
      <trkpt lat="34.51411" lon="-118.6372">
        <ele>0</ele>
      </trkpt>
      <trkpt lat="34.51588" lon="-118.63836">
        <ele>0</ele>
      </trkpt>
      <trkpt lat="34.516" lon="-118.63845">
        <ele>0</ele>
      </trkpt>
      <trkpt lat="34.51631" lon="-118.6387">
        <ele>0</ele>
      </trkpt>
      <trkpt lat="34.51665" lon="-118.63902">
        <ele>0</ele>
      </trkpt>
      <trkpt lat="34.51675" lon="-118.63913">
        <ele>0</ele>
      </trkpt>
      <trkpt lat="34.51682" lon="-118.6392">
        <ele>0</ele>
      </trkpt>
      <trkpt lat="34.5169" lon="-118.63929">
        <ele>0</ele>
      </trkpt>
      <trkpt lat="34.51711" lon="-118.63955">
        <ele>0</ele>
      </trkpt>
      <trkpt lat="34.51712" lon="-118.63956">
        <ele>0</ele>
      </trkpt>
      <trkpt lat="34.51719" lon="-118.63966">
        <ele>0</ele>
      </trkpt>
      <trkpt lat="34.51732" lon="-118.63983">
        <ele>0</ele>
      </trkpt>
      <trkpt lat="34.51745" lon="-118.64003">
        <ele>0</ele>
      </trkpt>
      <trkpt lat="34.5176" lon="-118.64028">
        <ele>0</ele>
      </trkpt>
      <trkpt lat="34.51775" lon="-118.64055">
        <ele>0</ele>
      </trkpt>
      <trkpt lat="34.51805" lon="-118.64119">
        <ele>0</ele>
      </trkpt>
      <trkpt lat="34.51816" lon="-118.64145">
        <ele>0</ele>
      </trkpt>
      <trkpt lat="34.51827" lon="-118.64167">
        <ele>0</ele>
      </trkpt>
      <trkpt lat="34.51833" lon="-118.64181">
        <ele>0</ele>
      </trkpt>
      <trkpt lat="34.51839" lon="-118.64193">
        <ele>0</ele>
      </trkpt>
      <trkpt lat="34.51842" lon="-118.64198">
        <ele>0</ele>
      </trkpt>
      <trkpt lat="34.51855" lon="-118.64224">
        <ele>0</ele>
      </trkpt>
      <trkpt lat="34.51868" lon="-118.64246">
        <ele>0</ele>
      </trkpt>
      <trkpt lat="34.5189" lon="-118.64276">
        <ele>0</ele>
      </trkpt>
      <trkpt lat="34.51894" lon="-118.64283">
        <ele>0</ele>
      </trkpt>
      <trkpt lat="34.51923" lon="-118.64324">
        <ele>0</ele>
      </trkpt>
      <trkpt lat="34.5193" lon="-118.64333">
        <ele>0</ele>
      </trkpt>
      <trkpt lat="34.51964" lon="-118.64382">
        <ele>0</ele>
      </trkpt>
      <trkpt lat="34.51992" lon="-118.64416">
        <ele>0</ele>
      </trkpt>
      <trkpt lat="34.51993" lon="-118.64418">
        <ele>0</ele>
      </trkpt>
      <trkpt lat="34.52048" lon="-118.64486">
        <ele>0</ele>
      </trkpt>
      <trkpt lat="34.52067" lon="-118.64507">
        <ele>0</ele>
      </trkpt>
      <trkpt lat="34.52071" lon="-118.64512">
        <ele>0</ele>
      </trkpt>
      <trkpt lat="34.52081" lon="-118.64522">
        <ele>0</ele>
      </trkpt>
      <trkpt lat="34.52085" lon="-118.64525">
        <ele>0</ele>
      </trkpt>
      <trkpt lat="34.52087" lon="-118.64528">
        <ele>0</ele>
      </trkpt>
      <trkpt lat="34.52108" lon="-118.64547">
        <ele>0</ele>
      </trkpt>
      <trkpt lat="34.52113" lon="-118.6455">
        <ele>0</ele>
      </trkpt>
      <trkpt lat="34.52118" lon="-118.64555">
        <ele>0</ele>
      </trkpt>
      <trkpt lat="34.52174" lon="-118.64595">
        <ele>0</ele>
      </trkpt>
      <trkpt lat="34.52176" lon="-118.64597">
        <ele>0</ele>
      </trkpt>
      <trkpt lat="34.52187" lon="-118.64604">
        <ele>0</ele>
      </trkpt>
      <trkpt lat="34.5221" lon="-118.64617">
        <ele>0</ele>
      </trkpt>
      <trkpt lat="34.52213" lon="-118.64618">
        <ele>0</ele>
      </trkpt>
      <trkpt lat="34.52308" lon="-118.64663">
        <ele>0</ele>
      </trkpt>
      <trkpt lat="34.52316" lon="-118.64666">
        <ele>0</ele>
      </trkpt>
      <trkpt lat="34.52346" lon="-118.64681">
        <ele>0</ele>
      </trkpt>
      <trkpt lat="34.52477" lon="-118.64742">
        <ele>0</ele>
      </trkpt>
      <trkpt lat="34.5248" lon="-118.64744">
        <ele>0</ele>
      </trkpt>
      <trkpt lat="34.52537" lon="-118.64771">
        <ele>0</ele>
      </trkpt>
      <trkpt lat="34.52553" lon="-118.64778">
        <ele>0</ele>
      </trkpt>
      <trkpt lat="34.52625" lon="-118.64812">
        <ele>0</ele>
      </trkpt>
      <trkpt lat="34.52638" lon="-118.64819">
        <ele>0</ele>
      </trkpt>
      <trkpt lat="34.52674" lon="-118.64836">
        <ele>0</ele>
      </trkpt>
      <trkpt lat="34.52686" lon="-118.64841">
        <ele>0</ele>
      </trkpt>
      <trkpt lat="34.5276" lon="-118.64876">
        <ele>0</ele>
      </trkpt>
      <trkpt lat="34.52761" lon="-118.64877">
        <ele>0</ele>
      </trkpt>
      <trkpt lat="34.52773" lon="-118.64882">
        <ele>0</ele>
      </trkpt>
      <trkpt lat="34.52915" lon="-118.6495">
        <ele>0</ele>
      </trkpt>
      <trkpt lat="34.52932" lon="-118.64957">
        <ele>0</ele>
      </trkpt>
      <trkpt lat="34.53199" lon="-118.65084">
        <ele>0</ele>
      </trkpt>
      <trkpt lat="34.53211" lon="-118.65089">
        <ele>0</ele>
      </trkpt>
      <trkpt lat="34.53311" lon="-118.65137">
        <ele>0</ele>
      </trkpt>
      <trkpt lat="34.53317" lon="-118.65141">
        <ele>0</ele>
      </trkpt>
      <trkpt lat="34.53327" lon="-118.65146">
        <ele>0</ele>
      </trkpt>
      <trkpt lat="34.53334" lon="-118.6515">
        <ele>0</ele>
      </trkpt>
      <trkpt lat="34.53348" lon="-118.65159">
        <ele>0</ele>
      </trkpt>
      <trkpt lat="34.53369" lon="-118.65174">
        <ele>0</ele>
      </trkpt>
      <trkpt lat="34.53379" lon="-118.65182">
        <ele>0</ele>
      </trkpt>
      <trkpt lat="34.53391" lon="-118.6519">
        <ele>0</ele>
      </trkpt>
      <trkpt lat="34.53403" lon="-118.65201">
        <ele>0</ele>
      </trkpt>
      <trkpt lat="34.53408" lon="-118.65205">
        <ele>0</ele>
      </trkpt>
      <trkpt lat="34.53414" lon="-118.65209">
        <ele>0</ele>
      </trkpt>
      <trkpt lat="34.53419" lon="-118.65214">
        <ele>0</ele>
      </trkpt>
      <trkpt lat="34.53435" lon="-118.65228">
        <ele>0</ele>
      </trkpt>
      <trkpt lat="34.53445" lon="-118.65239">
        <ele>0</ele>
      </trkpt>
      <trkpt lat="34.53455" lon="-118.65249">
        <ele>0</ele>
      </trkpt>
      <trkpt lat="34.53464" lon="-118.6526">
        <ele>0</ele>
      </trkpt>
      <trkpt lat="34.53474" lon="-118.65271">
        <ele>0</ele>
      </trkpt>
      <trkpt lat="34.5351" lon="-118.65318">
        <ele>0</ele>
      </trkpt>
      <trkpt lat="34.53519" lon="-118.65329">
        <ele>0</ele>
      </trkpt>
      <trkpt lat="34.53527" lon="-118.65341">
        <ele>0</ele>
      </trkpt>
      <trkpt lat="34.53545" lon="-118.65364">
        <ele>0</ele>
      </trkpt>
      <trkpt lat="34.53562" lon="-118.65388">
        <ele>0</ele>
      </trkpt>
      <trkpt lat="34.53582" lon="-118.65411">
        <ele>0</ele>
      </trkpt>
      <trkpt lat="34.53599" lon="-118.65432">
        <ele>0</ele>
      </trkpt>
      <trkpt lat="34.53631" lon="-118.65464">
        <ele>0</ele>
      </trkpt>
      <trkpt lat="34.53647" lon="-118.65478">
        <ele>0</ele>
      </trkpt>
      <trkpt lat="34.53668" lon="-118.65495">
        <ele>0</ele>
      </trkpt>
      <trkpt lat="34.53684" lon="-118.65507">
        <ele>0</ele>
      </trkpt>
      <trkpt lat="34.53708" lon="-118.65523">
        <ele>0</ele>
      </trkpt>
      <trkpt lat="34.53725" lon="-118.65533">
        <ele>0</ele>
      </trkpt>
      <trkpt lat="34.53742" lon="-118.65545">
        <ele>0</ele>
      </trkpt>
      <trkpt lat="34.53755" lon="-118.65553">
        <ele>0</ele>
      </trkpt>
      <trkpt lat="34.53776" lon="-118.65569">
        <ele>0</ele>
      </trkpt>
      <trkpt lat="34.53779" lon="-118.65571">
        <ele>0</ele>
      </trkpt>
      <trkpt lat="34.53787" lon="-118.65578">
        <ele>0</ele>
      </trkpt>
      <trkpt lat="34.53794" lon="-118.65583">
        <ele>0</ele>
      </trkpt>
      <trkpt lat="34.53809" lon="-118.65595">
        <ele>0</ele>
      </trkpt>
      <trkpt lat="34.5382" lon="-118.65605">
        <ele>0</ele>
      </trkpt>
      <trkpt lat="34.53841" lon="-118.65626">
        <ele>0</ele>
      </trkpt>
      <trkpt lat="34.5386" lon="-118.65647">
        <ele>0</ele>
      </trkpt>
      <trkpt lat="34.53886" lon="-118.65678">
        <ele>0</ele>
      </trkpt>
      <trkpt lat="34.53898" lon="-118.65694">
        <ele>0</ele>
      </trkpt>
      <trkpt lat="34.53906" lon="-118.65707">
        <ele>0</ele>
      </trkpt>
      <trkpt lat="34.53923" lon="-118.65731">
        <ele>0</ele>
      </trkpt>
      <trkpt lat="34.53924" lon="-118.65732">
        <ele>0</ele>
      </trkpt>
      <trkpt lat="34.5394" lon="-118.65756">
        <ele>0</ele>
      </trkpt>
      <trkpt lat="34.53966" lon="-118.65791">
        <ele>0</ele>
      </trkpt>
      <trkpt lat="34.53975" lon="-118.65802">
        <ele>0</ele>
      </trkpt>
      <trkpt lat="34.54013" lon="-118.65844">
        <ele>0</ele>
      </trkpt>
      <trkpt lat="34.54087" lon="-118.65914">
        <ele>0</ele>
      </trkpt>
      <trkpt lat="34.54128" lon="-118.65951">
        <ele>0</ele>
      </trkpt>
      <trkpt lat="34.5414" lon="-118.65961">
        <ele>0</ele>
      </trkpt>
      <trkpt lat="34.5415" lon="-118.65971">
        <ele>0</ele>
      </trkpt>
      <trkpt lat="34.54285" lon="-118.66094">
        <ele>0</ele>
      </trkpt>
      <trkpt lat="34.54403" lon="-118.66214">
        <ele>0</ele>
      </trkpt>
      <trkpt lat="34.54416" lon="-118.66229">
        <ele>0</ele>
      </trkpt>
      <trkpt lat="34.54447" lon="-118.6626">
        <ele>0</ele>
      </trkpt>
      <trkpt lat="34.54465" lon="-118.6628">
        <ele>0</ele>
      </trkpt>
      <trkpt lat="34.54474" lon="-118.66288">
        <ele>0</ele>
      </trkpt>
      <trkpt lat="34.54483" lon="-118.66298">
        <ele>0</ele>
      </trkpt>
      <trkpt lat="34.54486" lon="-118.66302">
        <ele>0</ele>
      </trkpt>
      <trkpt lat="34.54496" lon="-118.66313">
        <ele>0</ele>
      </trkpt>
      <trkpt lat="34.54514" lon="-118.66331">
        <ele>0</ele>
      </trkpt>
      <trkpt lat="34.54517" lon="-118.66335">
        <ele>0</ele>
      </trkpt>
      <trkpt lat="34.54534" lon="-118.66354">
        <ele>0</ele>
      </trkpt>
      <trkpt lat="34.54562" lon="-118.66389">
        <ele>0</ele>
      </trkpt>
      <trkpt lat="34.5457" lon="-118.664">
        <ele>0</ele>
      </trkpt>
      <trkpt lat="34.54579" lon="-118.66414">
        <ele>0</ele>
      </trkpt>
      <trkpt lat="34.54587" lon="-118.66425">
        <ele>0</ele>
      </trkpt>
      <trkpt lat="34.54612" lon="-118.66465">
        <ele>0</ele>
      </trkpt>
      <trkpt lat="34.54627" lon="-118.66487">
        <ele>0</ele>
      </trkpt>
      <trkpt lat="34.54636" lon="-118.66502">
        <ele>0</ele>
      </trkpt>
      <trkpt lat="34.54645" lon="-118.66515">
        <ele>0</ele>
      </trkpt>
      <trkpt lat="34.54652" lon="-118.66527">
        <ele>0</ele>
      </trkpt>
      <trkpt lat="34.54661" lon="-118.6654">
        <ele>0</ele>
      </trkpt>
      <trkpt lat="34.54709" lon="-118.66615">
        <ele>0</ele>
      </trkpt>
      <trkpt lat="34.54716" lon="-118.66627">
        <ele>0</ele>
      </trkpt>
      <trkpt lat="34.54718" lon="-118.66629">
        <ele>0</ele>
      </trkpt>
      <trkpt lat="34.54724" lon="-118.66639">
        <ele>0</ele>
      </trkpt>
      <trkpt lat="34.54726" lon="-118.66641">
        <ele>0</ele>
      </trkpt>
      <trkpt lat="34.54729" lon="-118.66646">
        <ele>0</ele>
      </trkpt>
      <trkpt lat="34.5476" lon="-118.6669">
        <ele>0</ele>
      </trkpt>
      <trkpt lat="34.54786" lon="-118.66724">
        <ele>0</ele>
      </trkpt>
      <trkpt lat="34.54814" lon="-118.66758">
        <ele>0</ele>
      </trkpt>
      <trkpt lat="34.54841" lon="-118.66788">
        <ele>0</ele>
      </trkpt>
      <trkpt lat="34.54892" lon="-118.66839">
        <ele>0</ele>
      </trkpt>
      <trkpt lat="34.54912" lon="-118.66857">
        <ele>0</ele>
      </trkpt>
      <trkpt lat="34.54924" lon="-118.66867">
        <ele>0</ele>
      </trkpt>
      <trkpt lat="34.54926" lon="-118.66869">
        <ele>0</ele>
      </trkpt>
      <trkpt lat="34.55042" lon="-118.66963">
        <ele>0</ele>
      </trkpt>
      <trkpt lat="34.5505" lon="-118.66969">
        <ele>0</ele>
      </trkpt>
      <trkpt lat="34.55053" lon="-118.66972">
        <ele>0</ele>
      </trkpt>
      <trkpt lat="34.55065" lon="-118.6698">
        <ele>0</ele>
      </trkpt>
      <trkpt lat="34.55077" lon="-118.66989">
        <ele>0</ele>
      </trkpt>
      <trkpt lat="34.551" lon="-118.67004">
        <ele>0</ele>
      </trkpt>
      <trkpt lat="34.55108" lon="-118.67008">
        <ele>0</ele>
      </trkpt>
      <trkpt lat="34.55109" lon="-118.67009">
        <ele>0</ele>
      </trkpt>
      <trkpt lat="34.55137" lon="-118.67024">
        <ele>0</ele>
      </trkpt>
      <trkpt lat="34.55148" lon="-118.67029">
        <ele>0</ele>
      </trkpt>
      <trkpt lat="34.55161" lon="-118.67036">
        <ele>0</ele>
      </trkpt>
      <trkpt lat="34.55186" lon="-118.67046">
        <ele>0</ele>
      </trkpt>
      <trkpt lat="34.55198" lon="-118.6705">
        <ele>0</ele>
      </trkpt>
      <trkpt lat="34.55211" lon="-118.67055">
        <ele>0</ele>
      </trkpt>
      <trkpt lat="34.55301" lon="-118.67079">
        <ele>0</ele>
      </trkpt>
      <trkpt lat="34.55333" lon="-118.67089">
        <ele>0</ele>
      </trkpt>
      <trkpt lat="34.55369" lon="-118.67102">
        <ele>0</ele>
      </trkpt>
      <trkpt lat="34.55392" lon="-118.67113">
        <ele>0</ele>
      </trkpt>
      <trkpt lat="34.55415" lon="-118.67125">
        <ele>0</ele>
      </trkpt>
      <trkpt lat="34.55443" lon="-118.67142">
        <ele>0</ele>
      </trkpt>
      <trkpt lat="34.55489" lon="-118.67174">
        <ele>0</ele>
      </trkpt>
      <trkpt lat="34.55502" lon="-118.67184">
        <ele>0</ele>
      </trkpt>
      <trkpt lat="34.55511" lon="-118.67192">
        <ele>0</ele>
      </trkpt>
      <trkpt lat="34.5555" lon="-118.67222">
        <ele>0</ele>
      </trkpt>
      <trkpt lat="34.55656" lon="-118.67308">
        <ele>0</ele>
      </trkpt>
      <trkpt lat="34.55685" lon="-118.6733">
        <ele>0</ele>
      </trkpt>
      <trkpt lat="34.55728" lon="-118.67368">
        <ele>0</ele>
      </trkpt>
      <trkpt lat="34.55748" lon="-118.67388">
        <ele>0</ele>
      </trkpt>
      <trkpt lat="34.5575" lon="-118.67391">
        <ele>0</ele>
      </trkpt>
      <trkpt lat="34.55759" lon="-118.674">
        <ele>0</ele>
      </trkpt>
      <trkpt lat="34.55769" lon="-118.67412">
        <ele>0</ele>
      </trkpt>
      <trkpt lat="34.55779" lon="-118.67423">
        <ele>0</ele>
      </trkpt>
      <trkpt lat="34.5578" lon="-118.67425">
        <ele>0</ele>
      </trkpt>
      <trkpt lat="34.55797" lon="-118.67446">
        <ele>0</ele>
      </trkpt>
      <trkpt lat="34.5583" lon="-118.67495">
        <ele>0</ele>
      </trkpt>
      <trkpt lat="34.55834" lon="-118.67503">
        <ele>0</ele>
      </trkpt>
      <trkpt lat="34.55845" lon="-118.67521">
        <ele>0</ele>
      </trkpt>
      <trkpt lat="34.55852" lon="-118.67534">
        <ele>0</ele>
      </trkpt>
      <trkpt lat="34.55862" lon="-118.67555">
        <ele>0</ele>
      </trkpt>
      <trkpt lat="34.55864" lon="-118.67558">
        <ele>0</ele>
      </trkpt>
      <trkpt lat="34.55916" lon="-118.67673">
        <ele>0</ele>
      </trkpt>
      <trkpt lat="34.55923" lon="-118.67687">
        <ele>0</ele>
      </trkpt>
      <trkpt lat="34.55936" lon="-118.67716">
        <ele>0</ele>
      </trkpt>
      <trkpt lat="34.55942" lon="-118.67731">
        <ele>0</ele>
      </trkpt>
      <trkpt lat="34.55955" lon="-118.67758">
        <ele>0</ele>
      </trkpt>
      <trkpt lat="34.55961" lon="-118.67772">
        <ele>0</ele>
      </trkpt>
      <trkpt lat="34.55975" lon="-118.67799">
        <ele>0</ele>
      </trkpt>
      <trkpt lat="34.55982" lon="-118.67811">
        <ele>0</ele>
      </trkpt>
      <trkpt lat="34.55988" lon="-118.67825">
        <ele>0</ele>
      </trkpt>
      <trkpt lat="34.5601" lon="-118.67865">
        <ele>0</ele>
      </trkpt>
      <trkpt lat="34.56057" lon="-118.67943">
        <ele>0</ele>
      </trkpt>
      <trkpt lat="34.56082" lon="-118.6798">
        <ele>0</ele>
      </trkpt>
      <trkpt lat="34.56142" lon="-118.68074">
        <ele>0</ele>
      </trkpt>
      <trkpt lat="34.56151" lon="-118.68087">
        <ele>0</ele>
      </trkpt>
      <trkpt lat="34.56267" lon="-118.68267">
        <ele>0</ele>
      </trkpt>
      <trkpt lat="34.56269" lon="-118.68269">
        <ele>0</ele>
      </trkpt>
      <trkpt lat="34.56291" lon="-118.68301">
        <ele>0</ele>
      </trkpt>
      <trkpt lat="34.56291" lon="-118.68302">
        <ele>0</ele>
      </trkpt>
      <trkpt lat="34.5633" lon="-118.68354">
        <ele>0</ele>
      </trkpt>
      <trkpt lat="34.56372" lon="-118.68402">
        <ele>0</ele>
      </trkpt>
      <trkpt lat="34.56409" lon="-118.68439">
        <ele>0</ele>
      </trkpt>
      <trkpt lat="34.5644" lon="-118.68467">
        <ele>0</ele>
      </trkpt>
      <trkpt lat="34.56443" lon="-118.68469">
        <ele>0</ele>
      </trkpt>
      <trkpt lat="34.56461" lon="-118.68484">
        <ele>0</ele>
      </trkpt>
      <trkpt lat="34.56492" lon="-118.68508">
        <ele>0</ele>
      </trkpt>
      <trkpt lat="34.56515" lon="-118.68524">
        <ele>0</ele>
      </trkpt>
      <trkpt lat="34.5656" lon="-118.68552">
        <ele>0</ele>
      </trkpt>
      <trkpt lat="34.56618" lon="-118.68583">
        <ele>0</ele>
      </trkpt>
      <trkpt lat="34.56713" lon="-118.6863">
        <ele>0</ele>
      </trkpt>
      <trkpt lat="34.56722" lon="-118.68635">
        <ele>0</ele>
      </trkpt>
      <trkpt lat="34.56727" lon="-118.68637">
        <ele>0</ele>
      </trkpt>
      <trkpt lat="34.56734" lon="-118.68641">
        <ele>0</ele>
      </trkpt>
      <trkpt lat="34.56831" lon="-118.6869">
        <ele>0</ele>
      </trkpt>
      <trkpt lat="34.56849" lon="-118.687">
        <ele>0</ele>
      </trkpt>
      <trkpt lat="34.56879" lon="-118.68715">
        <ele>0</ele>
      </trkpt>
      <trkpt lat="34.56895" lon="-118.68725">
        <ele>0</ele>
      </trkpt>
      <trkpt lat="34.56903" lon="-118.68729">
        <ele>0</ele>
      </trkpt>
      <trkpt lat="34.56932" lon="-118.68748">
        <ele>0</ele>
      </trkpt>
      <trkpt lat="34.56949" lon="-118.6876">
        <ele>0</ele>
      </trkpt>
      <trkpt lat="34.56954" lon="-118.68763">
        <ele>0</ele>
      </trkpt>
      <trkpt lat="34.57013" lon="-118.6881">
        <ele>0</ele>
      </trkpt>
      <trkpt lat="34.57037" lon="-118.68831">
        <ele>0</ele>
      </trkpt>
      <trkpt lat="34.57057" lon="-118.6885">
        <ele>0</ele>
      </trkpt>
      <trkpt lat="34.57086" lon="-118.68881">
        <ele>0</ele>
      </trkpt>
      <trkpt lat="34.57092" lon="-118.68886">
        <ele>0</ele>
      </trkpt>
      <trkpt lat="34.57115" lon="-118.68914">
        <ele>0</ele>
      </trkpt>
      <trkpt lat="34.5712" lon="-118.68919">
        <ele>0</ele>
      </trkpt>
      <trkpt lat="34.57125" lon="-118.68926">
        <ele>0</ele>
      </trkpt>
      <trkpt lat="34.57136" lon="-118.68939">
        <ele>0</ele>
      </trkpt>
      <trkpt lat="34.57169" lon="-118.68984">
        <ele>0</ele>
      </trkpt>
      <trkpt lat="34.57176" lon="-118.68995">
        <ele>0</ele>
      </trkpt>
      <trkpt lat="34.57182" lon="-118.69003">
        <ele>0</ele>
      </trkpt>
      <trkpt lat="34.57199" lon="-118.6903">
        <ele>0</ele>
      </trkpt>
      <trkpt lat="34.57206" lon="-118.69043">
        <ele>0</ele>
      </trkpt>
      <trkpt lat="34.57213" lon="-118.69053">
        <ele>0</ele>
      </trkpt>
      <trkpt lat="34.57214" lon="-118.69056">
        <ele>0</ele>
      </trkpt>
      <trkpt lat="34.57215" lon="-118.69058">
        <ele>0</ele>
      </trkpt>
      <trkpt lat="34.57219" lon="-118.69064">
        <ele>0</ele>
      </trkpt>
      <trkpt lat="34.57234" lon="-118.69092">
        <ele>0</ele>
      </trkpt>
      <trkpt lat="34.57247" lon="-118.69118">
        <ele>0</ele>
      </trkpt>
      <trkpt lat="34.5726" lon="-118.69146">
        <ele>0</ele>
      </trkpt>
      <trkpt lat="34.57278" lon="-118.69188">
        <ele>0</ele>
      </trkpt>
      <trkpt lat="34.57289" lon="-118.69216">
        <ele>0</ele>
      </trkpt>
      <trkpt lat="34.57294" lon="-118.69231">
        <ele>0</ele>
      </trkpt>
      <trkpt lat="34.573" lon="-118.69245">
        <ele>0</ele>
      </trkpt>
      <trkpt lat="34.57316" lon="-118.6929">
        <ele>0</ele>
      </trkpt>
      <trkpt lat="34.57322" lon="-118.69304">
        <ele>0</ele>
      </trkpt>
      <trkpt lat="34.57326" lon="-118.69316">
        <ele>0</ele>
      </trkpt>
      <trkpt lat="34.57327" lon="-118.6932">
        <ele>0</ele>
      </trkpt>
      <trkpt lat="34.57338" lon="-118.69348">
        <ele>0</ele>
      </trkpt>
      <trkpt lat="34.57342" lon="-118.6936">
        <ele>0</ele>
      </trkpt>
      <trkpt lat="34.57397" lon="-118.69508">
        <ele>0</ele>
      </trkpt>
      <trkpt lat="34.57407" lon="-118.69537">
        <ele>0</ele>
      </trkpt>
      <trkpt lat="34.57408" lon="-118.69539">
        <ele>0</ele>
      </trkpt>
      <trkpt lat="34.57444" lon="-118.69636">
        <ele>0</ele>
      </trkpt>
      <trkpt lat="34.57447" lon="-118.69643">
        <ele>0</ele>
      </trkpt>
      <trkpt lat="34.57449" lon="-118.6965">
        <ele>0</ele>
      </trkpt>
      <trkpt lat="34.57455" lon="-118.69667">
        <ele>0</ele>
      </trkpt>
      <trkpt lat="34.57478" lon="-118.69723">
        <ele>0</ele>
      </trkpt>
      <trkpt lat="34.57491" lon="-118.6975">
        <ele>0</ele>
      </trkpt>
      <trkpt lat="34.57491" lon="-118.69751">
        <ele>0</ele>
      </trkpt>
      <trkpt lat="34.57508" lon="-118.69785">
        <ele>0</ele>
      </trkpt>
      <trkpt lat="34.57533" lon="-118.69829">
        <ele>0</ele>
      </trkpt>
      <trkpt lat="34.57533" lon="-118.6983">
        <ele>0</ele>
      </trkpt>
      <trkpt lat="34.57541" lon="-118.69844">
        <ele>0</ele>
      </trkpt>
      <trkpt lat="34.5755" lon="-118.69857">
        <ele>0</ele>
      </trkpt>
      <trkpt lat="34.57566" lon="-118.69882">
        <ele>0</ele>
      </trkpt>
      <trkpt lat="34.57567" lon="-118.69884">
        <ele>0</ele>
      </trkpt>
      <trkpt lat="34.57574" lon="-118.69893">
        <ele>0</ele>
      </trkpt>
      <trkpt lat="34.57581" lon="-118.69905">
        <ele>0</ele>
      </trkpt>
      <trkpt lat="34.57583" lon="-118.69906">
        <ele>0</ele>
      </trkpt>
      <trkpt lat="34.5759" lon="-118.69917">
        <ele>0</ele>
      </trkpt>
      <trkpt lat="34.57599" lon="-118.69929">
        <ele>0</ele>
      </trkpt>
      <trkpt lat="34.57609" lon="-118.69941">
        <ele>0</ele>
      </trkpt>
      <trkpt lat="34.57611" lon="-118.69944">
        <ele>0</ele>
      </trkpt>
      <trkpt lat="34.57636" lon="-118.69974">
        <ele>0</ele>
      </trkpt>
      <trkpt lat="34.57671" lon="-118.70013">
        <ele>0</ele>
      </trkpt>
      <trkpt lat="34.57676" lon="-118.70017">
        <ele>0</ele>
      </trkpt>
      <trkpt lat="34.57684" lon="-118.70026">
        <ele>0</ele>
      </trkpt>
      <trkpt lat="34.57727" lon="-118.70065">
        <ele>0</ele>
      </trkpt>
      <trkpt lat="34.57749" lon="-118.70083">
        <ele>0</ele>
      </trkpt>
      <trkpt lat="34.57766" lon="-118.70098">
        <ele>0</ele>
      </trkpt>
      <trkpt lat="34.57771" lon="-118.70101">
        <ele>0</ele>
      </trkpt>
      <trkpt lat="34.57781" lon="-118.7011">
        <ele>0</ele>
      </trkpt>
      <trkpt lat="34.57804" lon="-118.70128">
        <ele>0</ele>
      </trkpt>
      <trkpt lat="34.57857" lon="-118.70174">
        <ele>0</ele>
      </trkpt>
      <trkpt lat="34.57863" lon="-118.70178">
        <ele>0</ele>
      </trkpt>
      <trkpt lat="34.5788" lon="-118.70192">
        <ele>0</ele>
      </trkpt>
      <trkpt lat="34.57886" lon="-118.70198">
        <ele>0</ele>
      </trkpt>
      <trkpt lat="34.579" lon="-118.70209">
        <ele>0</ele>
      </trkpt>
      <trkpt lat="34.5791" lon="-118.70218">
        <ele>0</ele>
      </trkpt>
      <trkpt lat="34.57927" lon="-118.70231">
        <ele>0</ele>
      </trkpt>
      <trkpt lat="34.57932" lon="-118.70234">
        <ele>0</ele>
      </trkpt>
      <trkpt lat="34.57943" lon="-118.70244">
        <ele>0</ele>
      </trkpt>
      <trkpt lat="34.57954" lon="-118.70253">
        <ele>0</ele>
      </trkpt>
      <trkpt lat="34.57986" lon="-118.70282">
        <ele>0</ele>
      </trkpt>
      <trkpt lat="34.58017" lon="-118.70313">
        <ele>0</ele>
      </trkpt>
      <trkpt lat="34.58046" lon="-118.70345">
        <ele>0</ele>
      </trkpt>
      <trkpt lat="34.58056" lon="-118.70357">
        <ele>0</ele>
      </trkpt>
      <trkpt lat="34.58066" lon="-118.70368">
        <ele>0</ele>
      </trkpt>
      <trkpt lat="34.58072" lon="-118.70377">
        <ele>0</ele>
      </trkpt>
      <trkpt lat="34.58075" lon="-118.7038">
        <ele>0</ele>
      </trkpt>
      <trkpt lat="34.58092" lon="-118.70403">
        <ele>0</ele>
      </trkpt>
      <trkpt lat="34.58101" lon="-118.70414">
        <ele>0</ele>
      </trkpt>
      <trkpt lat="34.58119" lon="-118.70439">
        <ele>0</ele>
      </trkpt>
      <trkpt lat="34.58135" lon="-118.70463">
        <ele>0</ele>
      </trkpt>
      <trkpt lat="34.58153" lon="-118.70487">
        <ele>0</ele>
      </trkpt>
      <trkpt lat="34.58161" lon="-118.70499">
        <ele>0</ele>
      </trkpt>
      <trkpt lat="34.58197" lon="-118.70548">
        <ele>0</ele>
      </trkpt>
      <trkpt lat="34.58217" lon="-118.70577">
        <ele>0</ele>
      </trkpt>
      <trkpt lat="34.5824" lon="-118.70608">
        <ele>0</ele>
      </trkpt>
      <trkpt lat="34.58258" lon="-118.70634">
        <ele>0</ele>
      </trkpt>
      <trkpt lat="34.58263" lon="-118.7064">
        <ele>0</ele>
      </trkpt>
      <trkpt lat="34.58266" lon="-118.70646">
        <ele>0</ele>
      </trkpt>
      <trkpt lat="34.58292" lon="-118.70681">
        <ele>0</ele>
      </trkpt>
      <trkpt lat="34.58308" lon="-118.70704">
        <ele>0</ele>
      </trkpt>
      <trkpt lat="34.58317" lon="-118.70716">
        <ele>0</ele>
      </trkpt>
      <trkpt lat="34.58327" lon="-118.70731">
        <ele>0</ele>
      </trkpt>
      <trkpt lat="34.58328" lon="-118.70731">
        <ele>0</ele>
      </trkpt>
      <trkpt lat="34.58388" lon="-118.70816">
        <ele>0</ele>
      </trkpt>
      <trkpt lat="34.58396" lon="-118.70826">
        <ele>0</ele>
      </trkpt>
      <trkpt lat="34.58405" lon="-118.70839">
        <ele>0</ele>
      </trkpt>
      <trkpt lat="34.58414" lon="-118.7085">
        <ele>0</ele>
      </trkpt>
      <trkpt lat="34.58423" lon="-118.70862">
        <ele>0</ele>
      </trkpt>
      <trkpt lat="34.58432" lon="-118.70873">
        <ele>0</ele>
      </trkpt>
      <trkpt lat="34.58435" lon="-118.70876">
        <ele>0</ele>
      </trkpt>
      <trkpt lat="34.58441" lon="-118.70884">
        <ele>0</ele>
      </trkpt>
      <trkpt lat="34.5848" lon="-118.70927">
        <ele>0</ele>
      </trkpt>
      <trkpt lat="34.58494" lon="-118.70941">
        <ele>0</ele>
      </trkpt>
      <trkpt lat="34.58511" lon="-118.70956">
        <ele>0</ele>
      </trkpt>
      <trkpt lat="34.58521" lon="-118.70966">
        <ele>0</ele>
      </trkpt>
      <trkpt lat="34.58532" lon="-118.70976">
        <ele>0</ele>
      </trkpt>
      <trkpt lat="34.58543" lon="-118.70984">
        <ele>0</ele>
      </trkpt>
      <trkpt lat="34.58553" lon="-118.70993">
        <ele>0</ele>
      </trkpt>
      <trkpt lat="34.58564" lon="-118.71001">
        <ele>0</ele>
      </trkpt>
      <trkpt lat="34.58576" lon="-118.71011">
        <ele>0</ele>
      </trkpt>
      <trkpt lat="34.58598" lon="-118.71027">
        <ele>0</ele>
      </trkpt>
      <trkpt lat="34.58633" lon="-118.7105">
        <ele>0</ele>
      </trkpt>
      <trkpt lat="34.58657" lon="-118.71064">
        <ele>0</ele>
      </trkpt>
      <trkpt lat="34.58668" lon="-118.71071">
        <ele>0</ele>
      </trkpt>
      <trkpt lat="34.58705" lon="-118.71089">
        <ele>0</ele>
      </trkpt>
      <trkpt lat="34.58716" lon="-118.71095">
        <ele>0</ele>
      </trkpt>
      <trkpt lat="34.58753" lon="-118.71111">
        <ele>0</ele>
      </trkpt>
      <trkpt lat="34.58766" lon="-118.71115">
        <ele>0</ele>
      </trkpt>
      <trkpt lat="34.58778" lon="-118.7112">
        <ele>0</ele>
      </trkpt>
      <trkpt lat="34.58829" lon="-118.71136">
        <ele>0</ele>
      </trkpt>
      <trkpt lat="34.58868" lon="-118.71145">
        <ele>0</ele>
      </trkpt>
      <trkpt lat="34.58881" lon="-118.71147">
        <ele>0</ele>
      </trkpt>
      <trkpt lat="34.58894" lon="-118.7115">
        <ele>0</ele>
      </trkpt>
      <trkpt lat="34.58907" lon="-118.71152">
        <ele>0</ele>
      </trkpt>
      <trkpt lat="34.58911" lon="-118.71152">
        <ele>0</ele>
      </trkpt>
      <trkpt lat="34.58934" lon="-118.71155">
        <ele>0</ele>
      </trkpt>
      <trkpt lat="34.5896" lon="-118.71157">
        <ele>0</ele>
      </trkpt>
      <trkpt lat="34.58968" lon="-118.71158">
        <ele>0</ele>
      </trkpt>
      <trkpt lat="34.58973" lon="-118.71158">
        <ele>0</ele>
      </trkpt>
      <trkpt lat="34.59065" lon="-118.71165">
        <ele>0</ele>
      </trkpt>
      <trkpt lat="34.59078" lon="-118.71165">
        <ele>0</ele>
      </trkpt>
      <trkpt lat="34.59091" lon="-118.71166">
        <ele>0</ele>
      </trkpt>
      <trkpt lat="34.59131" lon="-118.71166">
        <ele>0</ele>
      </trkpt>
      <trkpt lat="34.5917" lon="-118.71165">
        <ele>0</ele>
      </trkpt>
      <trkpt lat="34.5921" lon="-118.71162">
        <ele>0</ele>
      </trkpt>
      <trkpt lat="34.59223" lon="-118.7116">
        <ele>0</ele>
      </trkpt>
      <trkpt lat="34.59289" lon="-118.71154">
        <ele>0</ele>
      </trkpt>
      <trkpt lat="34.59319" lon="-118.7115">
        <ele>0</ele>
      </trkpt>
      <trkpt lat="34.59368" lon="-118.71146">
        <ele>0</ele>
      </trkpt>
      <trkpt lat="34.59381" lon="-118.71144">
        <ele>0</ele>
      </trkpt>
      <trkpt lat="34.59394" lon="-118.71143">
        <ele>0</ele>
      </trkpt>
      <trkpt lat="34.5941" lon="-118.71141">
        <ele>0</ele>
      </trkpt>
      <trkpt lat="34.59486" lon="-118.71134">
        <ele>0</ele>
      </trkpt>
      <trkpt lat="34.59499" lon="-118.71132">
        <ele>0</ele>
      </trkpt>
      <trkpt lat="34.59526" lon="-118.7113">
        <ele>0</ele>
      </trkpt>
      <trkpt lat="34.59539" lon="-118.71128">
        <ele>0</ele>
      </trkpt>
      <trkpt lat="34.59592" lon="-118.71123">
        <ele>0</ele>
      </trkpt>
      <trkpt lat="34.59604" lon="-118.71121">
        <ele>0</ele>
      </trkpt>
      <trkpt lat="34.59652" lon="-118.71117">
        <ele>0</ele>
      </trkpt>
      <trkpt lat="34.59658" lon="-118.71116">
        <ele>0</ele>
      </trkpt>
      <trkpt lat="34.59723" lon="-118.71109">
        <ele>0</ele>
      </trkpt>
      <trkpt lat="34.59729" lon="-118.71109">
        <ele>0</ele>
      </trkpt>
      <trkpt lat="34.59788" lon="-118.71103">
        <ele>0</ele>
      </trkpt>
      <trkpt lat="34.59801" lon="-118.71101">
        <ele>0</ele>
      </trkpt>
      <trkpt lat="34.59828" lon="-118.71099">
        <ele>0</ele>
      </trkpt>
      <trkpt lat="34.59894" lon="-118.71092">
        <ele>0</ele>
      </trkpt>
      <trkpt lat="34.59899" lon="-118.71091">
        <ele>0</ele>
      </trkpt>
      <trkpt lat="34.59936" lon="-118.71088">
        <ele>0</ele>
      </trkpt>
      <trkpt lat="34.59949" lon="-118.71086">
        <ele>0</ele>
      </trkpt>
      <trkpt lat="34.60029" lon="-118.7108">
        <ele>0</ele>
      </trkpt>
      <trkpt lat="34.60082" lon="-118.7108">
        <ele>0</ele>
      </trkpt>
      <trkpt lat="34.60095" lon="-118.71081">
        <ele>0</ele>
      </trkpt>
      <trkpt lat="34.601" lon="-118.71081">
        <ele>0</ele>
      </trkpt>
      <trkpt lat="34.60121" lon="-118.71083">
        <ele>0</ele>
      </trkpt>
      <trkpt lat="34.6016" lon="-118.71088">
        <ele>0</ele>
      </trkpt>
      <trkpt lat="34.60254" lon="-118.71108">
        <ele>0</ele>
      </trkpt>
      <trkpt lat="34.60267" lon="-118.7111">
        <ele>0</ele>
      </trkpt>
      <trkpt lat="34.60276" lon="-118.71113">
        <ele>0</ele>
      </trkpt>
      <trkpt lat="34.6028" lon="-118.71113">
        <ele>0</ele>
      </trkpt>
      <trkpt lat="34.60305" lon="-118.71119">
        <ele>0</ele>
      </trkpt>
      <trkpt lat="34.60321" lon="-118.71122">
        <ele>0</ele>
      </trkpt>
      <trkpt lat="34.60346" lon="-118.71128">
        <ele>0</ele>
      </trkpt>
      <trkpt lat="34.60364" lon="-118.71131">
        <ele>0</ele>
      </trkpt>
      <trkpt lat="34.60463" lon="-118.71154">
        <ele>0</ele>
      </trkpt>
      <trkpt lat="34.6049" lon="-118.71159">
        <ele>0</ele>
      </trkpt>
      <trkpt lat="34.60502" lon="-118.71162">
        <ele>0</ele>
      </trkpt>
      <trkpt lat="34.60528" lon="-118.71166">
        <ele>0</ele>
      </trkpt>
      <trkpt lat="34.60532" lon="-118.71167">
        <ele>0</ele>
      </trkpt>
      <trkpt lat="34.60588" lon="-118.71174">
        <ele>0</ele>
      </trkpt>
      <trkpt lat="34.60594" lon="-118.71174">
        <ele>0</ele>
      </trkpt>
      <trkpt lat="34.60646" lon="-118.71178">
        <ele>0</ele>
      </trkpt>
      <trkpt lat="34.60896" lon="-118.71178">
        <ele>0</ele>
      </trkpt>
      <trkpt lat="34.60914" lon="-118.71179">
        <ele>0</ele>
      </trkpt>
      <trkpt lat="34.60925" lon="-118.71179">
        <ele>0</ele>
      </trkpt>
      <trkpt lat="34.60939" lon="-118.71178">
        <ele>0</ele>
      </trkpt>
      <trkpt lat="34.60952" lon="-118.71179">
        <ele>0</ele>
      </trkpt>
      <trkpt lat="34.60979" lon="-118.71179">
        <ele>0</ele>
      </trkpt>
      <trkpt lat="34.60997" lon="-118.7118">
        <ele>0</ele>
      </trkpt>
      <trkpt lat="34.61006" lon="-118.7118">
        <ele>0</ele>
      </trkpt>
      <trkpt lat="34.6102" lon="-118.71181">
        <ele>0</ele>
      </trkpt>
      <trkpt lat="34.61075" lon="-118.7119">
        <ele>0</ele>
      </trkpt>
      <trkpt lat="34.61077" lon="-118.7119">
        <ele>0</ele>
      </trkpt>
      <trkpt lat="34.6108" lon="-118.71191">
        <ele>0</ele>
      </trkpt>
      <trkpt lat="34.61097" lon="-118.71194">
        <ele>0</ele>
      </trkpt>
      <trkpt lat="34.6111" lon="-118.71197">
        <ele>0</ele>
      </trkpt>
      <trkpt lat="34.6115" lon="-118.71208">
        <ele>0</ele>
      </trkpt>
      <trkpt lat="34.61162" lon="-118.71213">
        <ele>0</ele>
      </trkpt>
      <trkpt lat="34.61189" lon="-118.71221">
        <ele>0</ele>
      </trkpt>
      <trkpt lat="34.61241" lon="-118.71243">
        <ele>0</ele>
      </trkpt>
      <trkpt lat="34.61252" lon="-118.71249">
        <ele>0</ele>
      </trkpt>
      <trkpt lat="34.61266" lon="-118.71255">
        <ele>0</ele>
      </trkpt>
      <trkpt lat="34.61289" lon="-118.71268">
        <ele>0</ele>
      </trkpt>
      <trkpt lat="34.61302" lon="-118.71274">
        <ele>0</ele>
      </trkpt>
      <trkpt lat="34.61303" lon="-118.71275">
        <ele>0</ele>
      </trkpt>
      <trkpt lat="34.61313" lon="-118.71281">
        <ele>0</ele>
      </trkpt>
      <trkpt lat="34.61329" lon="-118.71289">
        <ele>0</ele>
      </trkpt>
      <trkpt lat="34.61337" lon="-118.71294">
        <ele>0</ele>
      </trkpt>
      <trkpt lat="34.61349" lon="-118.713">
        <ele>0</ele>
      </trkpt>
      <trkpt lat="34.61362" lon="-118.71308">
        <ele>0</ele>
      </trkpt>
      <trkpt lat="34.61374" lon="-118.71314">
        <ele>0</ele>
      </trkpt>
      <trkpt lat="34.6138" lon="-118.71318">
        <ele>0</ele>
      </trkpt>
      <trkpt lat="34.61398" lon="-118.71327">
        <ele>0</ele>
      </trkpt>
      <trkpt lat="34.61471" lon="-118.71368">
        <ele>0</ele>
      </trkpt>
      <trkpt lat="34.61507" lon="-118.71387">
        <ele>0</ele>
      </trkpt>
      <trkpt lat="34.6152" lon="-118.71395">
        <ele>0</ele>
      </trkpt>
      <trkpt lat="34.61545" lon="-118.71408">
        <ele>0</ele>
      </trkpt>
      <trkpt lat="34.61556" lon="-118.71415">
        <ele>0</ele>
      </trkpt>
      <trkpt lat="34.61569" lon="-118.71421">
        <ele>0</ele>
      </trkpt>
      <trkpt lat="34.61578" lon="-118.71426">
        <ele>0</ele>
      </trkpt>
      <trkpt lat="34.61582" lon="-118.71429">
        <ele>0</ele>
      </trkpt>
      <trkpt lat="34.61665" lon="-118.71474">
        <ele>0</ele>
      </trkpt>
      <trkpt lat="34.61675" lon="-118.7148">
        <ele>0</ele>
      </trkpt>
      <trkpt lat="34.61689" lon="-118.71487">
        <ele>0</ele>
      </trkpt>
      <trkpt lat="34.61723" lon="-118.71507">
        <ele>0</ele>
      </trkpt>
      <trkpt lat="34.61724" lon="-118.71507">
        <ele>0</ele>
      </trkpt>
      <trkpt lat="34.61738" lon="-118.71515">
        <ele>0</ele>
      </trkpt>
      <trkpt lat="34.61763" lon="-118.71528">
        <ele>0</ele>
      </trkpt>
      <trkpt lat="34.61773" lon="-118.71534">
        <ele>0</ele>
      </trkpt>
      <trkpt lat="34.61786" lon="-118.71541">
        <ele>0</ele>
      </trkpt>
      <trkpt lat="34.61797" lon="-118.71548">
        <ele>0</ele>
      </trkpt>
      <trkpt lat="34.61811" lon="-118.71555">
        <ele>0</ele>
      </trkpt>
      <trkpt lat="34.61851" lon="-118.71577">
        <ele>0</ele>
      </trkpt>
      <trkpt lat="34.61858" lon="-118.7158">
        <ele>0</ele>
      </trkpt>
      <trkpt lat="34.61872" lon="-118.71589">
        <ele>0</ele>
      </trkpt>
      <trkpt lat="34.61903" lon="-118.71605">
        <ele>0</ele>
      </trkpt>
      <trkpt lat="34.61907" lon="-118.71608">
        <ele>0</ele>
      </trkpt>
      <trkpt lat="34.61919" lon="-118.71615">
        <ele>0</ele>
      </trkpt>
      <trkpt lat="34.61929" lon="-118.7162">
        <ele>0</ele>
      </trkpt>
      <trkpt lat="34.62001" lon="-118.7166">
        <ele>0</ele>
      </trkpt>
      <trkpt lat="34.62015" lon="-118.71667">
        <ele>0</ele>
      </trkpt>
      <trkpt lat="34.62017" lon="-118.71669">
        <ele>0</ele>
      </trkpt>
      <trkpt lat="34.62025" lon="-118.71673">
        <ele>0</ele>
      </trkpt>
      <trkpt lat="34.62028" lon="-118.71674">
        <ele>0</ele>
      </trkpt>
      <trkpt lat="34.62039" lon="-118.7168">
        <ele>0</ele>
      </trkpt>
      <trkpt lat="34.6205" lon="-118.71687">
        <ele>0</ele>
      </trkpt>
      <trkpt lat="34.62051" lon="-118.71687">
        <ele>0</ele>
      </trkpt>
      <trkpt lat="34.62074" lon="-118.717">
        <ele>0</ele>
      </trkpt>
      <trkpt lat="34.62086" lon="-118.71706">
        <ele>0</ele>
      </trkpt>
      <trkpt lat="34.62114" lon="-118.71723">
        <ele>0</ele>
      </trkpt>
      <trkpt lat="34.62145" lon="-118.71739">
        <ele>0</ele>
      </trkpt>
      <trkpt lat="34.62161" lon="-118.71749">
        <ele>0</ele>
      </trkpt>
      <trkpt lat="34.62173" lon="-118.71755">
        <ele>0</ele>
      </trkpt>
      <trkpt lat="34.62181" lon="-118.7176">
        <ele>0</ele>
      </trkpt>
      <trkpt lat="34.62209" lon="-118.71775">
        <ele>0</ele>
      </trkpt>
      <trkpt lat="34.62221" lon="-118.71782">
        <ele>0</ele>
      </trkpt>
      <trkpt lat="34.62233" lon="-118.71788">
        <ele>0</ele>
      </trkpt>
      <trkpt lat="34.62269" lon="-118.71809">
        <ele>0</ele>
      </trkpt>
      <trkpt lat="34.62281" lon="-118.71815">
        <ele>0</ele>
      </trkpt>
      <trkpt lat="34.62329" lon="-118.71844">
        <ele>0</ele>
      </trkpt>
      <trkpt lat="34.62333" lon="-118.71846">
        <ele>0</ele>
      </trkpt>
      <trkpt lat="34.62364" lon="-118.71866">
        <ele>0</ele>
      </trkpt>
      <trkpt lat="34.62366" lon="-118.71868">
        <ele>0</ele>
      </trkpt>
      <trkpt lat="34.62375" lon="-118.71875">
        <ele>0</ele>
      </trkpt>
      <trkpt lat="34.62387" lon="-118.71883">
        <ele>0</ele>
      </trkpt>
      <trkpt lat="34.62399" lon="-118.71892">
        <ele>0</ele>
      </trkpt>
      <trkpt lat="34.6241" lon="-118.71901">
        <ele>0</ele>
      </trkpt>
      <trkpt lat="34.62421" lon="-118.71909">
        <ele>0</ele>
      </trkpt>
      <trkpt lat="34.62465" lon="-118.71946">
        <ele>0</ele>
      </trkpt>
      <trkpt lat="34.62479" lon="-118.71959">
        <ele>0</ele>
      </trkpt>
      <trkpt lat="34.62497" lon="-118.71974">
        <ele>0</ele>
      </trkpt>
      <trkpt lat="34.62535" lon="-118.72011">
        <ele>0</ele>
      </trkpt>
      <trkpt lat="34.62581" lon="-118.72062">
        <ele>0</ele>
      </trkpt>
      <trkpt lat="34.62611" lon="-118.72098">
        <ele>0</ele>
      </trkpt>
      <trkpt lat="34.62616" lon="-118.72105">
        <ele>0</ele>
      </trkpt>
      <trkpt lat="34.62621" lon="-118.7211">
        <ele>0</ele>
      </trkpt>
      <trkpt lat="34.62647" lon="-118.72145">
        <ele>0</ele>
      </trkpt>
      <trkpt lat="34.62648" lon="-118.72146">
        <ele>0</ele>
      </trkpt>
      <trkpt lat="34.62665" lon="-118.7217">
        <ele>0</ele>
      </trkpt>
      <trkpt lat="34.62708" lon="-118.72236">
        <ele>0</ele>
      </trkpt>
      <trkpt lat="34.62716" lon="-118.7225">
        <ele>0</ele>
      </trkpt>
      <trkpt lat="34.62748" lon="-118.72302">
        <ele>0</ele>
      </trkpt>
      <trkpt lat="34.62748" lon="-118.72303">
        <ele>0</ele>
      </trkpt>
      <trkpt lat="34.62778" lon="-118.72353">
        <ele>0</ele>
      </trkpt>
      <trkpt lat="34.62808" lon="-118.72399">
        <ele>0</ele>
      </trkpt>
      <trkpt lat="34.62827" lon="-118.72426">
        <ele>0</ele>
      </trkpt>
      <trkpt lat="34.62842" lon="-118.72444">
        <ele>0</ele>
      </trkpt>
      <trkpt lat="34.62857" lon="-118.72464">
        <ele>0</ele>
      </trkpt>
      <trkpt lat="34.62866" lon="-118.72473">
        <ele>0</ele>
      </trkpt>
      <trkpt lat="34.62876" lon="-118.72485">
        <ele>0</ele>
      </trkpt>
      <trkpt lat="34.62905" lon="-118.72517">
        <ele>0</ele>
      </trkpt>
      <trkpt lat="34.62925" lon="-118.72537">
        <ele>0</ele>
      </trkpt>
      <trkpt lat="34.62947" lon="-118.72557">
        <ele>0</ele>
      </trkpt>
      <trkpt lat="34.62958" lon="-118.72566">
        <ele>0</ele>
      </trkpt>
      <trkpt lat="34.62962" lon="-118.7257">
        <ele>0</ele>
      </trkpt>
      <trkpt lat="34.62977" lon="-118.72583">
        <ele>0</ele>
      </trkpt>
      <trkpt lat="34.6298" lon="-118.72585">
        <ele>0</ele>
      </trkpt>
      <trkpt lat="34.63079" lon="-118.72664">
        <ele>0</ele>
      </trkpt>
      <trkpt lat="34.63082" lon="-118.72667">
        <ele>0</ele>
      </trkpt>
      <trkpt lat="34.63102" lon="-118.72682">
        <ele>0</ele>
      </trkpt>
      <trkpt lat="34.63134" lon="-118.72708">
        <ele>0</ele>
      </trkpt>
      <trkpt lat="34.63166" lon="-118.72736">
        <ele>0</ele>
      </trkpt>
      <trkpt lat="34.63193" lon="-118.72762">
        <ele>0</ele>
      </trkpt>
      <trkpt lat="34.63221" lon="-118.72791">
        <ele>0</ele>
      </trkpt>
      <trkpt lat="34.6326" lon="-118.72836">
        <ele>0</ele>
      </trkpt>
      <trkpt lat="34.63268" lon="-118.72846">
        <ele>0</ele>
      </trkpt>
      <trkpt lat="34.63276" lon="-118.72858">
        <ele>0</ele>
      </trkpt>
      <trkpt lat="34.63285" lon="-118.72869">
        <ele>0</ele>
      </trkpt>
      <trkpt lat="34.63312" lon="-118.72908">
        <ele>0</ele>
      </trkpt>
      <trkpt lat="34.63343" lon="-118.72957">
        <ele>0</ele>
      </trkpt>
      <trkpt lat="34.63366" lon="-118.73">
        <ele>0</ele>
      </trkpt>
      <trkpt lat="34.6337" lon="-118.73009">
        <ele>0</ele>
      </trkpt>
      <trkpt lat="34.63371" lon="-118.73009">
        <ele>0</ele>
      </trkpt>
      <trkpt lat="34.63372" lon="-118.73012">
        <ele>0</ele>
      </trkpt>
      <trkpt lat="34.63379" lon="-118.73027">
        <ele>0</ele>
      </trkpt>
      <trkpt lat="34.6338" lon="-118.73028">
        <ele>0</ele>
      </trkpt>
      <trkpt lat="34.63386" lon="-118.73042">
        <ele>0</ele>
      </trkpt>
      <trkpt lat="34.63389" lon="-118.73047">
        <ele>0</ele>
      </trkpt>
      <trkpt lat="34.63392" lon="-118.73054">
        <ele>0</ele>
      </trkpt>
      <trkpt lat="34.63398" lon="-118.73066">
        <ele>0</ele>
      </trkpt>
      <trkpt lat="34.63414" lon="-118.73107">
        <ele>0</ele>
      </trkpt>
      <trkpt lat="34.63417" lon="-118.73112">
        <ele>0</ele>
      </trkpt>
      <trkpt lat="34.63438" lon="-118.73171">
        <ele>0</ele>
      </trkpt>
      <trkpt lat="34.63443" lon="-118.73187">
        <ele>0</ele>
      </trkpt>
      <trkpt lat="34.63447" lon="-118.73202">
        <ele>0</ele>
      </trkpt>
      <trkpt lat="34.63448" lon="-118.73204">
        <ele>0</ele>
      </trkpt>
      <trkpt lat="34.6347" lon="-118.73291">
        <ele>0</ele>
      </trkpt>
      <trkpt lat="34.63477" lon="-118.73326">
        <ele>0</ele>
      </trkpt>
      <trkpt lat="34.63484" lon="-118.73369">
        <ele>0</ele>
      </trkpt>
      <trkpt lat="34.63485" lon="-118.73383">
        <ele>0</ele>
      </trkpt>
      <trkpt lat="34.6349" lon="-118.73421">
        <ele>0</ele>
      </trkpt>
      <trkpt lat="34.63495" lon="-118.735">
        <ele>0</ele>
      </trkpt>
      <trkpt lat="34.63499" lon="-118.7361">
        <ele>0</ele>
      </trkpt>
      <trkpt lat="34.63499" lon="-118.73627">
        <ele>0</ele>
      </trkpt>
      <trkpt lat="34.63501" lon="-118.7366">
        <ele>0</ele>
      </trkpt>
      <trkpt lat="34.63502" lon="-118.73691">
        <ele>0</ele>
      </trkpt>
      <trkpt lat="34.63504" lon="-118.7372">
        <ele>0</ele>
      </trkpt>
      <trkpt lat="34.63506" lon="-118.73738">
        <ele>0</ele>
      </trkpt>
      <trkpt lat="34.63507" lon="-118.73754">
        <ele>0</ele>
      </trkpt>
      <trkpt lat="34.63511" lon="-118.73787">
        <ele>0</ele>
      </trkpt>
      <trkpt lat="34.63515" lon="-118.73812">
        <ele>0</ele>
      </trkpt>
      <trkpt lat="34.63516" lon="-118.73816">
        <ele>0</ele>
      </trkpt>
      <trkpt lat="34.63519" lon="-118.73833">
        <ele>0</ele>
      </trkpt>
      <trkpt lat="34.63519" lon="-118.73834">
        <ele>0</ele>
      </trkpt>
      <trkpt lat="34.63528" lon="-118.73879">
        <ele>0</ele>
      </trkpt>
      <trkpt lat="34.63539" lon="-118.73924">
        <ele>0</ele>
      </trkpt>
      <trkpt lat="34.63544" lon="-118.7394">
        <ele>0</ele>
      </trkpt>
      <trkpt lat="34.63547" lon="-118.73953">
        <ele>0</ele>
      </trkpt>
      <trkpt lat="34.63552" lon="-118.7397">
        <ele>0</ele>
      </trkpt>
      <trkpt lat="34.63565" lon="-118.74008">
        <ele>0</ele>
      </trkpt>
      <trkpt lat="34.63572" lon="-118.74026">
        <ele>0</ele>
      </trkpt>
      <trkpt lat="34.63577" lon="-118.74041">
        <ele>0</ele>
      </trkpt>
      <trkpt lat="34.63602" lon="-118.741">
        <ele>0</ele>
      </trkpt>
      <trkpt lat="34.63624" lon="-118.74143">
        <ele>0</ele>
      </trkpt>
      <trkpt lat="34.63625" lon="-118.74146">
        <ele>0</ele>
      </trkpt>
      <trkpt lat="34.63638" lon="-118.74171">
        <ele>0</ele>
      </trkpt>
      <trkpt lat="34.63643" lon="-118.74179">
        <ele>0</ele>
      </trkpt>
      <trkpt lat="34.6375" lon="-118.74377">
        <ele>0</ele>
      </trkpt>
      <trkpt lat="34.63757" lon="-118.74388">
        <ele>0</ele>
      </trkpt>
      <trkpt lat="34.63772" lon="-118.74417">
        <ele>0</ele>
      </trkpt>
      <trkpt lat="34.63779" lon="-118.74429">
        <ele>0</ele>
      </trkpt>
      <trkpt lat="34.6378" lon="-118.7443">
        <ele>0</ele>
      </trkpt>
      <trkpt lat="34.63801" lon="-118.7447">
        <ele>0</ele>
      </trkpt>
      <trkpt lat="34.63815" lon="-118.74494">
        <ele>0</ele>
      </trkpt>
      <trkpt lat="34.63836" lon="-118.74535">
        <ele>0</ele>
      </trkpt>
      <trkpt lat="34.63845" lon="-118.7455">
        <ele>0</ele>
      </trkpt>
      <trkpt lat="34.6385" lon="-118.7456">
        <ele>0</ele>
      </trkpt>
      <trkpt lat="34.63852" lon="-118.74562">
        <ele>0</ele>
      </trkpt>
      <trkpt lat="34.6386" lon="-118.74578">
        <ele>0</ele>
      </trkpt>
      <trkpt lat="34.63873" lon="-118.74601">
        <ele>0</ele>
      </trkpt>
      <trkpt lat="34.6388" lon="-118.74615">
        <ele>0</ele>
      </trkpt>
      <trkpt lat="34.63888" lon="-118.74629">
        <ele>0</ele>
      </trkpt>
      <trkpt lat="34.63894" lon="-118.74641">
        <ele>0</ele>
      </trkpt>
      <trkpt lat="34.6391" lon="-118.74668">
        <ele>0</ele>
      </trkpt>
      <trkpt lat="34.63921" lon="-118.74688">
        <ele>0</ele>
      </trkpt>
      <trkpt lat="34.63921" lon="-118.74689">
        <ele>0</ele>
      </trkpt>
      <trkpt lat="34.6394" lon="-118.74719">
        <ele>0</ele>
      </trkpt>
      <trkpt lat="34.63955" lon="-118.74741">
        <ele>0</ele>
      </trkpt>
      <trkpt lat="34.63982" lon="-118.74778">
        <ele>0</ele>
      </trkpt>
      <trkpt lat="34.64" lon="-118.74801">
        <ele>0</ele>
      </trkpt>
      <trkpt lat="34.64019" lon="-118.74823">
        <ele>0</ele>
      </trkpt>
      <trkpt lat="34.64027" lon="-118.74833">
        <ele>0</ele>
      </trkpt>
      <trkpt lat="34.64038" lon="-118.74844">
        <ele>0</ele>
      </trkpt>
      <trkpt lat="34.64041" lon="-118.74848">
        <ele>0</ele>
      </trkpt>
      <trkpt lat="34.64048" lon="-118.74856">
        <ele>0</ele>
      </trkpt>
      <trkpt lat="34.64051" lon="-118.74859">
        <ele>0</ele>
      </trkpt>
      <trkpt lat="34.64056" lon="-118.74863">
        <ele>0</ele>
      </trkpt>
      <trkpt lat="34.64088" lon="-118.74895">
        <ele>0</ele>
      </trkpt>
      <trkpt lat="34.64089" lon="-118.74895">
        <ele>0</ele>
      </trkpt>
      <trkpt lat="34.64093" lon="-118.749">
        <ele>0</ele>
      </trkpt>
      <trkpt lat="34.64108" lon="-118.74912">
        <ele>0</ele>
      </trkpt>
      <trkpt lat="34.64119" lon="-118.74922">
        <ele>0</ele>
      </trkpt>
      <trkpt lat="34.64121" lon="-118.74923">
        <ele>0</ele>
      </trkpt>
      <trkpt lat="34.6413" lon="-118.74931">
        <ele>0</ele>
      </trkpt>
      <trkpt lat="34.64141" lon="-118.74939">
        <ele>0</ele>
      </trkpt>
      <trkpt lat="34.64151" lon="-118.74947">
        <ele>0</ele>
      </trkpt>
      <trkpt lat="34.64184" lon="-118.74971">
        <ele>0</ele>
      </trkpt>
      <trkpt lat="34.64185" lon="-118.74972">
        <ele>0</ele>
      </trkpt>
      <trkpt lat="34.64197" lon="-118.74979">
        <ele>0</ele>
      </trkpt>
      <trkpt lat="34.64211" lon="-118.74988">
        <ele>0</ele>
      </trkpt>
      <trkpt lat="34.6422" lon="-118.74993">
        <ele>0</ele>
      </trkpt>
      <trkpt lat="34.64227" lon="-118.74998">
        <ele>0</ele>
      </trkpt>
      <trkpt lat="34.64246" lon="-118.75009">
        <ele>0</ele>
      </trkpt>
      <trkpt lat="34.6426" lon="-118.75016">
        <ele>0</ele>
      </trkpt>
      <trkpt lat="34.64282" lon="-118.75026">
        <ele>0</ele>
      </trkpt>
      <trkpt lat="34.64316" lon="-118.75043">
        <ele>0</ele>
      </trkpt>
      <trkpt lat="34.64349" lon="-118.75057">
        <ele>0</ele>
      </trkpt>
      <trkpt lat="34.64355" lon="-118.7506">
        <ele>0</ele>
      </trkpt>
      <trkpt lat="34.64397" lon="-118.75078">
        <ele>0</ele>
      </trkpt>
      <trkpt lat="34.6442" lon="-118.75089">
        <ele>0</ele>
      </trkpt>
      <trkpt lat="34.64428" lon="-118.75092">
        <ele>0</ele>
      </trkpt>
      <trkpt lat="34.64451" lon="-118.75102">
        <ele>0</ele>
      </trkpt>
      <trkpt lat="34.64459" lon="-118.75106">
        <ele>0</ele>
      </trkpt>
      <trkpt lat="34.64482" lon="-118.75116">
        <ele>0</ele>
      </trkpt>
      <trkpt lat="34.64484" lon="-118.75116">
        <ele>0</ele>
      </trkpt>
      <trkpt lat="34.64503" lon="-118.75125">
        <ele>0</ele>
      </trkpt>
      <trkpt lat="34.64534" lon="-118.75138">
        <ele>0</ele>
      </trkpt>
      <trkpt lat="34.64539" lon="-118.75141">
        <ele>0</ele>
      </trkpt>
      <trkpt lat="34.64543" lon="-118.75142">
        <ele>0</ele>
      </trkpt>
      <trkpt lat="34.64603" lon="-118.75168">
        <ele>0</ele>
      </trkpt>
      <trkpt lat="34.64606" lon="-118.7517">
        <ele>0</ele>
      </trkpt>
      <trkpt lat="34.64619" lon="-118.75175">
        <ele>0</ele>
      </trkpt>
      <trkpt lat="34.64629" lon="-118.7518">
        <ele>0</ele>
      </trkpt>
      <trkpt lat="34.64632" lon="-118.75181">
        <ele>0</ele>
      </trkpt>
      <trkpt lat="34.64633" lon="-118.75182">
        <ele>0</ele>
      </trkpt>
      <trkpt lat="34.64657" lon="-118.75192">
        <ele>0</ele>
      </trkpt>
      <trkpt lat="34.64667" lon="-118.75197">
        <ele>0</ele>
      </trkpt>
      <trkpt lat="34.64668" lon="-118.75197">
        <ele>0</ele>
      </trkpt>
      <trkpt lat="34.64675" lon="-118.75201">
        <ele>0</ele>
      </trkpt>
      <trkpt lat="34.64689" lon="-118.75206">
        <ele>0</ele>
      </trkpt>
      <trkpt lat="34.647" lon="-118.75211">
        <ele>0</ele>
      </trkpt>
      <trkpt lat="34.64701" lon="-118.75211">
        <ele>0</ele>
      </trkpt>
      <trkpt lat="34.64722" lon="-118.75221">
        <ele>0</ele>
      </trkpt>
      <trkpt lat="34.6473" lon="-118.75224">
        <ele>0</ele>
      </trkpt>
      <trkpt lat="34.6474" lon="-118.75229">
        <ele>0</ele>
      </trkpt>
      <trkpt lat="34.64757" lon="-118.75236">
        <ele>0</ele>
      </trkpt>
      <trkpt lat="34.64768" lon="-118.75242">
        <ele>0</ele>
      </trkpt>
      <trkpt lat="34.64815" lon="-118.75261">
        <ele>0</ele>
      </trkpt>
      <trkpt lat="34.64817" lon="-118.75263">
        <ele>0</ele>
      </trkpt>
      <trkpt lat="34.64853" lon="-118.75278">
        <ele>0</ele>
      </trkpt>
      <trkpt lat="34.64858" lon="-118.75281">
        <ele>0</ele>
      </trkpt>
      <trkpt lat="34.64873" lon="-118.75287">
        <ele>0</ele>
      </trkpt>
      <trkpt lat="34.64879" lon="-118.75289">
        <ele>0</ele>
      </trkpt>
      <trkpt lat="34.64893" lon="-118.75295">
        <ele>0</ele>
      </trkpt>
      <trkpt lat="34.64909" lon="-118.75303">
        <ele>0</ele>
      </trkpt>
      <trkpt lat="34.64918" lon="-118.75307">
        <ele>0</ele>
      </trkpt>
      <trkpt lat="34.64926" lon="-118.7531">
        <ele>0</ele>
      </trkpt>
      <trkpt lat="34.65078" lon="-118.75377">
        <ele>0</ele>
      </trkpt>
      <trkpt lat="34.65081" lon="-118.75379">
        <ele>0</ele>
      </trkpt>
      <trkpt lat="34.65092" lon="-118.75384">
        <ele>0</ele>
      </trkpt>
      <trkpt lat="34.65107" lon="-118.7539">
        <ele>0</ele>
      </trkpt>
      <trkpt lat="34.65108" lon="-118.75391">
        <ele>0</ele>
      </trkpt>
      <trkpt lat="34.65115" lon="-118.75394">
        <ele>0</ele>
      </trkpt>
      <trkpt lat="34.65116" lon="-118.75394">
        <ele>0</ele>
      </trkpt>
      <trkpt lat="34.65153" lon="-118.7541">
        <ele>0</ele>
      </trkpt>
      <trkpt lat="34.65179" lon="-118.7542">
        <ele>0</ele>
      </trkpt>
      <trkpt lat="34.65183" lon="-118.75421">
        <ele>0</ele>
      </trkpt>
      <trkpt lat="34.65192" lon="-118.75424">
        <ele>0</ele>
      </trkpt>
      <trkpt lat="34.65197" lon="-118.75425">
        <ele>0</ele>
      </trkpt>
      <trkpt lat="34.65217" lon="-118.75432">
        <ele>0</ele>
      </trkpt>
      <trkpt lat="34.65227" lon="-118.75435">
        <ele>0</ele>
      </trkpt>
      <trkpt lat="34.65228" lon="-118.75435">
        <ele>0</ele>
      </trkpt>
      <trkpt lat="34.65273" lon="-118.75446">
        <ele>0</ele>
      </trkpt>
      <trkpt lat="34.65294" lon="-118.75449">
        <ele>0</ele>
      </trkpt>
      <trkpt lat="34.65296" lon="-118.7545">
        <ele>0</ele>
      </trkpt>
      <trkpt lat="34.65343" lon="-118.75455">
        <ele>0</ele>
      </trkpt>
      <trkpt lat="34.65384" lon="-118.75458">
        <ele>0</ele>
      </trkpt>
      <trkpt lat="34.65462" lon="-118.75457">
        <ele>0</ele>
      </trkpt>
      <trkpt lat="34.65486" lon="-118.75456">
        <ele>0</ele>
      </trkpt>
      <trkpt lat="34.65529" lon="-118.75456">
        <ele>0</ele>
      </trkpt>
      <trkpt lat="34.6556" lon="-118.75455">
        <ele>0</ele>
      </trkpt>
      <trkpt lat="34.65654" lon="-118.75455">
        <ele>0</ele>
      </trkpt>
      <trkpt lat="34.65684" lon="-118.75458">
        <ele>0</ele>
      </trkpt>
      <trkpt lat="34.65687" lon="-118.75458">
        <ele>0</ele>
      </trkpt>
      <trkpt lat="34.65708" lon="-118.7546">
        <ele>0</ele>
      </trkpt>
      <trkpt lat="34.65725" lon="-118.75463">
        <ele>0</ele>
      </trkpt>
      <trkpt lat="34.65771" lon="-118.75473">
        <ele>0</ele>
      </trkpt>
      <trkpt lat="34.65775" lon="-118.75473">
        <ele>0</ele>
      </trkpt>
      <trkpt lat="34.6582" lon="-118.75486">
        <ele>0</ele>
      </trkpt>
      <trkpt lat="34.65848" lon="-118.75495">
        <ele>0</ele>
      </trkpt>
      <trkpt lat="34.65903" lon="-118.75517">
        <ele>0</ele>
      </trkpt>
      <trkpt lat="34.65955" lon="-118.75543">
        <ele>0</ele>
      </trkpt>
      <trkpt lat="34.66005" lon="-118.75573">
        <ele>0</ele>
      </trkpt>
      <trkpt lat="34.66049" lon="-118.75603">
        <ele>0</ele>
      </trkpt>
      <trkpt lat="34.66081" lon="-118.75627">
        <ele>0</ele>
      </trkpt>
      <trkpt lat="34.66116" lon="-118.75657">
        <ele>0</ele>
      </trkpt>
      <trkpt lat="34.6613" lon="-118.7567">
        <ele>0</ele>
      </trkpt>
      <trkpt lat="34.66168" lon="-118.75708">
        <ele>0</ele>
      </trkpt>
      <trkpt lat="34.66172" lon="-118.75713">
        <ele>0</ele>
      </trkpt>
      <trkpt lat="34.66174" lon="-118.75715">
        <ele>0</ele>
      </trkpt>
      <trkpt lat="34.66209" lon="-118.75756">
        <ele>0</ele>
      </trkpt>
      <trkpt lat="34.66211" lon="-118.75758">
        <ele>0</ele>
      </trkpt>
      <trkpt lat="34.66211" lon="-118.75759">
        <ele>0</ele>
      </trkpt>
      <trkpt lat="34.66248" lon="-118.75807">
        <ele>0</ele>
      </trkpt>
      <trkpt lat="34.66279" lon="-118.75853">
        <ele>0</ele>
      </trkpt>
      <trkpt lat="34.66301" lon="-118.75888">
        <ele>0</ele>
      </trkpt>
      <trkpt lat="34.66306" lon="-118.75895">
        <ele>0</ele>
      </trkpt>
      <trkpt lat="34.66314" lon="-118.75909">
        <ele>0</ele>
      </trkpt>
      <trkpt lat="34.66373" lon="-118.76001">
        <ele>0</ele>
      </trkpt>
      <trkpt lat="34.66378" lon="-118.76008">
        <ele>0</ele>
      </trkpt>
      <trkpt lat="34.66405" lon="-118.76051">
        <ele>0</ele>
      </trkpt>
      <trkpt lat="34.66444" lon="-118.76104">
        <ele>0</ele>
      </trkpt>
      <trkpt lat="34.66455" lon="-118.76117">
        <ele>0</ele>
      </trkpt>
      <trkpt lat="34.66465" lon="-118.7613">
        <ele>0</ele>
      </trkpt>
      <trkpt lat="34.66479" lon="-118.76146">
        <ele>0</ele>
      </trkpt>
      <trkpt lat="34.66485" lon="-118.76152">
        <ele>0</ele>
      </trkpt>
      <trkpt lat="34.66498" lon="-118.76167">
        <ele>0</ele>
      </trkpt>
      <trkpt lat="34.66531" lon="-118.762">
        <ele>0</ele>
      </trkpt>
      <trkpt lat="34.66554" lon="-118.7622">
        <ele>0</ele>
      </trkpt>
      <trkpt lat="34.66566" lon="-118.76232">
        <ele>0</ele>
      </trkpt>
      <trkpt lat="34.66609" lon="-118.76265">
        <ele>0</ele>
      </trkpt>
      <trkpt lat="34.66609" lon="-118.76266">
        <ele>0</ele>
      </trkpt>
      <trkpt lat="34.66641" lon="-118.76288">
        <ele>0</ele>
      </trkpt>
      <trkpt lat="34.66645" lon="-118.7629">
        <ele>0</ele>
      </trkpt>
      <trkpt lat="34.66657" lon="-118.76298">
        <ele>0</ele>
      </trkpt>
      <trkpt lat="34.66659" lon="-118.763">
        <ele>0</ele>
      </trkpt>
      <trkpt lat="34.66667" lon="-118.76304">
        <ele>0</ele>
      </trkpt>
      <trkpt lat="34.66678" lon="-118.76311">
        <ele>0</ele>
      </trkpt>
      <trkpt lat="34.66751" lon="-118.76352">
        <ele>0</ele>
      </trkpt>
      <trkpt lat="34.66769" lon="-118.76363">
        <ele>0</ele>
      </trkpt>
      <trkpt lat="34.66777" lon="-118.76367">
        <ele>0</ele>
      </trkpt>
      <trkpt lat="34.66785" lon="-118.76372">
        <ele>0</ele>
      </trkpt>
      <trkpt lat="34.66788" lon="-118.76373">
        <ele>0</ele>
      </trkpt>
      <trkpt lat="34.66807" lon="-118.76383">
        <ele>0</ele>
      </trkpt>
      <trkpt lat="34.6681" lon="-118.76385">
        <ele>0</ele>
      </trkpt>
      <trkpt lat="34.66845" lon="-118.76404">
        <ele>0</ele>
      </trkpt>
      <trkpt lat="34.66881" lon="-118.76425">
        <ele>0</ele>
      </trkpt>
      <trkpt lat="34.6692" lon="-118.76449">
        <ele>0</ele>
      </trkpt>
      <trkpt lat="34.66942" lon="-118.76464">
        <ele>0</ele>
      </trkpt>
      <trkpt lat="34.66978" lon="-118.76491">
        <ele>0</ele>
      </trkpt>
      <trkpt lat="34.6698" lon="-118.76493">
        <ele>0</ele>
      </trkpt>
      <trkpt lat="34.66989" lon="-118.765">
        <ele>0</ele>
      </trkpt>
      <trkpt lat="34.67043" lon="-118.76548">
        <ele>0</ele>
      </trkpt>
      <trkpt lat="34.67075" lon="-118.76581">
        <ele>0</ele>
      </trkpt>
      <trkpt lat="34.67117" lon="-118.76629">
        <ele>0</ele>
      </trkpt>
      <trkpt lat="34.67132" lon="-118.76648">
        <ele>0</ele>
      </trkpt>
      <trkpt lat="34.67136" lon="-118.76655">
        <ele>0</ele>
      </trkpt>
      <trkpt lat="34.67157" lon="-118.76682">
        <ele>0</ele>
      </trkpt>
      <trkpt lat="34.67168" lon="-118.76699">
        <ele>0</ele>
      </trkpt>
      <trkpt lat="34.67174" lon="-118.76707">
        <ele>0</ele>
      </trkpt>
      <trkpt lat="34.67185" lon="-118.76724">
        <ele>0</ele>
      </trkpt>
      <trkpt lat="34.67187" lon="-118.76728">
        <ele>0</ele>
      </trkpt>
      <trkpt lat="34.67206" lon="-118.7676">
        <ele>0</ele>
      </trkpt>
      <trkpt lat="34.67214" lon="-118.76775">
        <ele>0</ele>
      </trkpt>
      <trkpt lat="34.67222" lon="-118.76788">
        <ele>0</ele>
      </trkpt>
      <trkpt lat="34.67235" lon="-118.76813">
        <ele>0</ele>
      </trkpt>
      <trkpt lat="34.67235" lon="-118.76815">
        <ele>0</ele>
      </trkpt>
      <trkpt lat="34.67241" lon="-118.76827">
        <ele>0</ele>
      </trkpt>
      <trkpt lat="34.67245" lon="-118.76833">
        <ele>0</ele>
      </trkpt>
      <trkpt lat="34.67249" lon="-118.76844">
        <ele>0</ele>
      </trkpt>
      <trkpt lat="34.67262" lon="-118.76872">
        <ele>0</ele>
      </trkpt>
      <trkpt lat="34.67263" lon="-118.76873">
        <ele>0</ele>
      </trkpt>
      <trkpt lat="34.67263" lon="-118.76874">
        <ele>0</ele>
      </trkpt>
      <trkpt lat="34.67285" lon="-118.76931">
        <ele>0</ele>
      </trkpt>
      <trkpt lat="34.67287" lon="-118.76935">
        <ele>0</ele>
      </trkpt>
      <trkpt lat="34.67293" lon="-118.76952">
        <ele>0</ele>
      </trkpt>
      <trkpt lat="34.67316" lon="-118.77029">
        <ele>0</ele>
      </trkpt>
      <trkpt lat="34.67329" lon="-118.7708">
        <ele>0</ele>
      </trkpt>
      <trkpt lat="34.67334" lon="-118.77096">
        <ele>0</ele>
      </trkpt>
      <trkpt lat="34.6734" lon="-118.77121">
        <ele>0</ele>
      </trkpt>
      <trkpt lat="34.67341" lon="-118.77124">
        <ele>0</ele>
      </trkpt>
      <trkpt lat="34.67349" lon="-118.77155">
        <ele>0</ele>
      </trkpt>
      <trkpt lat="34.67354" lon="-118.77171">
        <ele>0</ele>
      </trkpt>
      <trkpt lat="34.67369" lon="-118.7723">
        <ele>0</ele>
      </trkpt>
      <trkpt lat="34.67372" lon="-118.77238">
        <ele>0</ele>
      </trkpt>
      <trkpt lat="34.67376" lon="-118.77256">
        <ele>0</ele>
      </trkpt>
      <trkpt lat="34.67395" lon="-118.77321">
        <ele>0</ele>
      </trkpt>
      <trkpt lat="34.67396" lon="-118.77322">
        <ele>0</ele>
      </trkpt>
      <trkpt lat="34.67402" lon="-118.77341">
        <ele>0</ele>
      </trkpt>
      <trkpt lat="34.67409" lon="-118.7736">
        <ele>0</ele>
      </trkpt>
      <trkpt lat="34.67417" lon="-118.77378">
        <ele>0</ele>
      </trkpt>
      <trkpt lat="34.67424" lon="-118.77398">
        <ele>0</ele>
      </trkpt>
      <trkpt lat="34.67429" lon="-118.77409">
        <ele>0</ele>
      </trkpt>
      <trkpt lat="34.6743" lon="-118.77413">
        <ele>0</ele>
      </trkpt>
      <trkpt lat="34.67432" lon="-118.77417">
        <ele>0</ele>
      </trkpt>
      <trkpt lat="34.67433" lon="-118.7742">
        <ele>0</ele>
      </trkpt>
      <trkpt lat="34.6744" lon="-118.77434">
        <ele>0</ele>
      </trkpt>
      <trkpt lat="34.6744" lon="-118.77435">
        <ele>0</ele>
      </trkpt>
      <trkpt lat="34.6746" lon="-118.77475">
        <ele>0</ele>
      </trkpt>
      <trkpt lat="34.67494" lon="-118.77537">
        <ele>0</ele>
      </trkpt>
      <trkpt lat="34.67499" lon="-118.77544">
        <ele>0</ele>
      </trkpt>
      <trkpt lat="34.67533" lon="-118.77596">
        <ele>0</ele>
      </trkpt>
      <trkpt lat="34.67539" lon="-118.77603">
        <ele>0</ele>
      </trkpt>
      <trkpt lat="34.67552" lon="-118.77622">
        <ele>0</ele>
      </trkpt>
      <trkpt lat="34.67572" lon="-118.77648">
        <ele>0</ele>
      </trkpt>
      <trkpt lat="34.67582" lon="-118.7766">
        <ele>0</ele>
      </trkpt>
      <trkpt lat="34.67621" lon="-118.77703">
        <ele>0</ele>
      </trkpt>
      <trkpt lat="34.67635" lon="-118.77716">
        <ele>0</ele>
      </trkpt>
      <trkpt lat="34.67646" lon="-118.77728">
        <ele>0</ele>
      </trkpt>
      <trkpt lat="34.67656" lon="-118.77737">
        <ele>0</ele>
      </trkpt>
      <trkpt lat="34.67662" lon="-118.77743">
        <ele>0</ele>
      </trkpt>
      <trkpt lat="34.67672" lon="-118.77752">
        <ele>0</ele>
      </trkpt>
      <trkpt lat="34.67679" lon="-118.77757">
        <ele>0</ele>
      </trkpt>
      <trkpt lat="34.67687" lon="-118.77765">
        <ele>0</ele>
      </trkpt>
      <trkpt lat="34.67703" lon="-118.77778">
        <ele>0</ele>
      </trkpt>
      <trkpt lat="34.67731" lon="-118.77799">
        <ele>0</ele>
      </trkpt>
      <trkpt lat="34.67733" lon="-118.77801">
        <ele>0</ele>
      </trkpt>
      <trkpt lat="34.6777" lon="-118.77826">
        <ele>0</ele>
      </trkpt>
      <trkpt lat="34.67803" lon="-118.77846">
        <ele>0</ele>
      </trkpt>
      <trkpt lat="34.67835" lon="-118.77863">
        <ele>0</ele>
      </trkpt>
      <trkpt lat="34.67903" lon="-118.77897">
        <ele>0</ele>
      </trkpt>
      <trkpt lat="34.67908" lon="-118.77899">
        <ele>0</ele>
      </trkpt>
      <trkpt lat="34.67948" lon="-118.77918">
        <ele>0</ele>
      </trkpt>
      <trkpt lat="34.68002" lon="-118.77947">
        <ele>0</ele>
      </trkpt>
      <trkpt lat="34.68058" lon="-118.77984">
        <ele>0</ele>
      </trkpt>
      <trkpt lat="34.68072" lon="-118.77994">
        <ele>0</ele>
      </trkpt>
      <trkpt lat="34.68074" lon="-118.77996">
        <ele>0</ele>
      </trkpt>
      <trkpt lat="34.68091" lon="-118.78009">
        <ele>0</ele>
      </trkpt>
      <trkpt lat="34.68105" lon="-118.78021">
        <ele>0</ele>
      </trkpt>
      <trkpt lat="34.68117" lon="-118.7803">
        <ele>0</ele>
      </trkpt>
      <trkpt lat="34.68165" lon="-118.78073">
        <ele>0</ele>
      </trkpt>
      <trkpt lat="34.68169" lon="-118.78077">
        <ele>0</ele>
      </trkpt>
      <trkpt lat="34.68184" lon="-118.7809">
        <ele>0</ele>
      </trkpt>
      <trkpt lat="34.68189" lon="-118.78095">
        <ele>0</ele>
      </trkpt>
      <trkpt lat="34.6819" lon="-118.78095">
        <ele>0</ele>
      </trkpt>
      <trkpt lat="34.68196" lon="-118.78101">
        <ele>0</ele>
      </trkpt>
      <trkpt lat="34.68309" lon="-118.782">
        <ele>0</ele>
      </trkpt>
      <trkpt lat="34.68311" lon="-118.78203">
        <ele>0</ele>
      </trkpt>
      <trkpt lat="34.68351" lon="-118.78237">
        <ele>0</ele>
      </trkpt>
      <trkpt lat="34.68407" lon="-118.78288">
        <ele>0</ele>
      </trkpt>
      <trkpt lat="34.6842" lon="-118.78298">
        <ele>0</ele>
      </trkpt>
      <trkpt lat="34.68424" lon="-118.78302">
        <ele>0</ele>
      </trkpt>
      <trkpt lat="34.68713" lon="-118.78557">
        <ele>0</ele>
      </trkpt>
      <trkpt lat="34.68713" lon="-118.78558">
        <ele>0</ele>
      </trkpt>
      <trkpt lat="34.68727" lon="-118.7857">
        <ele>0</ele>
      </trkpt>
      <trkpt lat="34.68735" lon="-118.78578">
        <ele>0</ele>
      </trkpt>
      <trkpt lat="34.68755" lon="-118.78595">
        <ele>0</ele>
      </trkpt>
      <trkpt lat="34.68795" lon="-118.78631">
        <ele>0</ele>
      </trkpt>
      <trkpt lat="34.68806" lon="-118.7864">
        <ele>0</ele>
      </trkpt>
      <trkpt lat="34.68826" lon="-118.78658">
        <ele>0</ele>
      </trkpt>
      <trkpt lat="34.68832" lon="-118.78662">
        <ele>0</ele>
      </trkpt>
      <trkpt lat="34.68839" lon="-118.78669">
        <ele>0</ele>
      </trkpt>
      <trkpt lat="34.68849" lon="-118.78677">
        <ele>0</ele>
      </trkpt>
      <trkpt lat="34.68859" lon="-118.78684">
        <ele>0</ele>
      </trkpt>
      <trkpt lat="34.68871" lon="-118.78694">
        <ele>0</ele>
      </trkpt>
      <trkpt lat="34.68882" lon="-118.78701">
        <ele>0</ele>
      </trkpt>
      <trkpt lat="34.68894" lon="-118.7871">
        <ele>0</ele>
      </trkpt>
      <trkpt lat="34.68905" lon="-118.78717">
        <ele>0</ele>
      </trkpt>
      <trkpt lat="34.68915" lon="-118.78724">
        <ele>0</ele>
      </trkpt>
      <trkpt lat="34.68929" lon="-118.78732">
        <ele>0</ele>
      </trkpt>
      <trkpt lat="34.6894" lon="-118.78739">
        <ele>0</ele>
      </trkpt>
      <trkpt lat="34.68944" lon="-118.78742">
        <ele>0</ele>
      </trkpt>
      <trkpt lat="34.68953" lon="-118.78746">
        <ele>0</ele>
      </trkpt>
      <trkpt lat="34.68964" lon="-118.78752">
        <ele>0</ele>
      </trkpt>
      <trkpt lat="34.68975" lon="-118.78759">
        <ele>0</ele>
      </trkpt>
      <trkpt lat="34.68987" lon="-118.78765">
        <ele>0</ele>
      </trkpt>
      <trkpt lat="34.68999" lon="-118.78772">
        <ele>0</ele>
      </trkpt>
      <trkpt lat="34.69011" lon="-118.78778">
        <ele>0</ele>
      </trkpt>
      <trkpt lat="34.69019" lon="-118.78783">
        <ele>0</ele>
      </trkpt>
      <trkpt lat="34.69048" lon="-118.78798">
        <ele>0</ele>
      </trkpt>
      <trkpt lat="34.69072" lon="-118.78812">
        <ele>0</ele>
      </trkpt>
      <trkpt lat="34.69125" lon="-118.78841">
        <ele>0</ele>
      </trkpt>
      <trkpt lat="34.69156" lon="-118.78857">
        <ele>0</ele>
      </trkpt>
      <trkpt lat="34.69159" lon="-118.78859">
        <ele>0</ele>
      </trkpt>
      <trkpt lat="34.69252" lon="-118.7891">
        <ele>0</ele>
      </trkpt>
      <trkpt lat="34.69262" lon="-118.78916">
        <ele>0</ele>
      </trkpt>
      <trkpt lat="34.69287" lon="-118.78929">
        <ele>0</ele>
      </trkpt>
      <trkpt lat="34.69299" lon="-118.78936">
        <ele>0</ele>
      </trkpt>
      <trkpt lat="34.69311" lon="-118.78942">
        <ele>0</ele>
      </trkpt>
      <trkpt lat="34.69371" lon="-118.78976">
        <ele>0</ele>
      </trkpt>
      <trkpt lat="34.69385" lon="-118.78983">
        <ele>0</ele>
      </trkpt>
      <trkpt lat="34.69503" lon="-118.79047">
        <ele>0</ele>
      </trkpt>
      <trkpt lat="34.69516" lon="-118.79055">
        <ele>0</ele>
      </trkpt>
      <trkpt lat="34.69528" lon="-118.79061">
        <ele>0</ele>
      </trkpt>
      <trkpt lat="34.69611" lon="-118.79106">
        <ele>0</ele>
      </trkpt>
      <trkpt lat="34.69635" lon="-118.7912">
        <ele>0</ele>
      </trkpt>
      <trkpt lat="34.69647" lon="-118.79126">
        <ele>0</ele>
      </trkpt>
      <trkpt lat="34.69664" lon="-118.79136">
        <ele>0</ele>
      </trkpt>
      <trkpt lat="34.69671" lon="-118.79139">
        <ele>0</ele>
      </trkpt>
      <trkpt lat="34.69683" lon="-118.79145">
        <ele>0</ele>
      </trkpt>
      <trkpt lat="34.69695" lon="-118.79152">
        <ele>0</ele>
      </trkpt>
      <trkpt lat="34.69705" lon="-118.79157">
        <ele>0</ele>
      </trkpt>
      <trkpt lat="34.69707" lon="-118.79159">
        <ele>0</ele>
      </trkpt>
      <trkpt lat="34.69756" lon="-118.79185">
        <ele>0</ele>
      </trkpt>
      <trkpt lat="34.69763" lon="-118.79188">
        <ele>0</ele>
      </trkpt>
      <trkpt lat="34.6978" lon="-118.79197">
        <ele>0</ele>
      </trkpt>
      <trkpt lat="34.69787" lon="-118.792">
        <ele>0</ele>
      </trkpt>
      <trkpt lat="34.69793" lon="-118.79202">
        <ele>0</ele>
      </trkpt>
      <trkpt lat="34.69805" lon="-118.79208">
        <ele>0</ele>
      </trkpt>
      <trkpt lat="34.69847" lon="-118.79225">
        <ele>0</ele>
      </trkpt>
      <trkpt lat="34.69854" lon="-118.79227">
        <ele>0</ele>
      </trkpt>
      <trkpt lat="34.69868" lon="-118.79232">
        <ele>0</ele>
      </trkpt>
      <trkpt lat="34.6988" lon="-118.79237">
        <ele>0</ele>
      </trkpt>
      <trkpt lat="34.69944" lon="-118.79257">
        <ele>0</ele>
      </trkpt>
      <trkpt lat="34.69958" lon="-118.79262">
        <ele>0</ele>
      </trkpt>
      <trkpt lat="34.69968" lon="-118.79265">
        <ele>0</ele>
      </trkpt>
      <trkpt lat="34.69979" lon="-118.79269">
        <ele>0</ele>
      </trkpt>
      <trkpt lat="34.69996" lon="-118.79274">
        <ele>0</ele>
      </trkpt>
      <trkpt lat="34.70007" lon="-118.79278">
        <ele>0</ele>
      </trkpt>
      <trkpt lat="34.70045" lon="-118.7929">
        <ele>0</ele>
      </trkpt>
      <trkpt lat="34.7007" lon="-118.79299">
        <ele>0</ele>
      </trkpt>
      <trkpt lat="34.70083" lon="-118.79302">
        <ele>0</ele>
      </trkpt>
      <trkpt lat="34.70121" lon="-118.79315">
        <ele>0</ele>
      </trkpt>
      <trkpt lat="34.70135" lon="-118.79319">
        <ele>0</ele>
      </trkpt>
      <trkpt lat="34.70196" lon="-118.7934">
        <ele>0</ele>
      </trkpt>
      <trkpt lat="34.70197" lon="-118.79341">
        <ele>0</ele>
      </trkpt>
      <trkpt lat="34.7021" lon="-118.79345">
        <ele>0</ele>
      </trkpt>
      <trkpt lat="34.70236" lon="-118.79355">
        <ele>0</ele>
      </trkpt>
      <trkpt lat="34.70247" lon="-118.7936">
        <ele>0</ele>
      </trkpt>
      <trkpt lat="34.70275" lon="-118.7937">
        <ele>0</ele>
      </trkpt>
      <trkpt lat="34.70312" lon="-118.79386">
        <ele>0</ele>
      </trkpt>
      <trkpt lat="34.70318" lon="-118.79388">
        <ele>0</ele>
      </trkpt>
      <trkpt lat="34.7069" lon="-118.79552">
        <ele>0</ele>
      </trkpt>
      <trkpt lat="34.70691" lon="-118.79552">
        <ele>0</ele>
      </trkpt>
      <trkpt lat="34.70811" lon="-118.79605">
        <ele>0</ele>
      </trkpt>
      <trkpt lat="34.70814" lon="-118.79606">
        <ele>0</ele>
      </trkpt>
      <trkpt lat="34.70815" lon="-118.79607">
        <ele>0</ele>
      </trkpt>
      <trkpt lat="34.71071" lon="-118.79719">
        <ele>0</ele>
      </trkpt>
      <trkpt lat="34.71086" lon="-118.79724">
        <ele>0</ele>
      </trkpt>
      <trkpt lat="34.71127" lon="-118.79742">
        <ele>0</ele>
      </trkpt>
      <trkpt lat="34.71134" lon="-118.79746">
        <ele>0</ele>
      </trkpt>
      <trkpt lat="34.71155" lon="-118.79756">
        <ele>0</ele>
      </trkpt>
      <trkpt lat="34.71199" lon="-118.79775">
        <ele>0</ele>
      </trkpt>
      <trkpt lat="34.71254" lon="-118.79793">
        <ele>0</ele>
      </trkpt>
      <trkpt lat="34.71271" lon="-118.79798">
        <ele>0</ele>
      </trkpt>
      <trkpt lat="34.71317" lon="-118.79808">
        <ele>0</ele>
      </trkpt>
      <trkpt lat="34.71364" lon="-118.79816">
        <ele>0</ele>
      </trkpt>
      <trkpt lat="34.7176" lon="-118.79846">
        <ele>0</ele>
      </trkpt>
      <trkpt lat="34.71778" lon="-118.79848">
        <ele>0</ele>
      </trkpt>
      <trkpt lat="34.7185" lon="-118.79853">
        <ele>0</ele>
      </trkpt>
      <trkpt lat="34.71937" lon="-118.79861">
        <ele>0</ele>
      </trkpt>
      <trkpt lat="34.72334" lon="-118.79891">
        <ele>0</ele>
      </trkpt>
      <trkpt lat="34.72354" lon="-118.79892">
        <ele>0</ele>
      </trkpt>
      <trkpt lat="34.72399" lon="-118.79896">
        <ele>0</ele>
      </trkpt>
      <trkpt lat="34.72504" lon="-118.799">
        <ele>0</ele>
      </trkpt>
      <trkpt lat="34.72571" lon="-118.799">
        <ele>0</ele>
      </trkpt>
      <trkpt lat="34.72641" lon="-118.79898">
        <ele>0</ele>
      </trkpt>
      <trkpt lat="34.72735" lon="-118.79892">
        <ele>0</ele>
      </trkpt>
      <trkpt lat="34.72781" lon="-118.79888">
        <ele>0</ele>
      </trkpt>
      <trkpt lat="34.72803" lon="-118.79885">
        <ele>0</ele>
      </trkpt>
      <trkpt lat="34.72818" lon="-118.79884">
        <ele>0</ele>
      </trkpt>
      <trkpt lat="34.72868" lon="-118.79877">
        <ele>0</ele>
      </trkpt>
      <trkpt lat="34.7296" lon="-118.79861">
        <ele>0</ele>
      </trkpt>
      <trkpt lat="34.72981" lon="-118.79858">
        <ele>0</ele>
      </trkpt>
      <trkpt lat="34.73051" lon="-118.79845">
        <ele>0</ele>
      </trkpt>
      <trkpt lat="34.73052" lon="-118.79845">
        <ele>0</ele>
      </trkpt>
      <trkpt lat="34.7323" lon="-118.79813">
        <ele>0</ele>
      </trkpt>
      <trkpt lat="34.73244" lon="-118.79811">
        <ele>0</ele>
      </trkpt>
      <trkpt lat="34.73344" lon="-118.79792">
        <ele>0</ele>
      </trkpt>
      <trkpt lat="34.73443" lon="-118.79775">
        <ele>0</ele>
      </trkpt>
      <trkpt lat="34.73444" lon="-118.79775">
        <ele>0</ele>
      </trkpt>
      <trkpt lat="34.73729" lon="-118.79724">
        <ele>0</ele>
      </trkpt>
      <trkpt lat="34.73764" lon="-118.79717">
        <ele>0</ele>
      </trkpt>
      <trkpt lat="34.73889" lon="-118.79695">
        <ele>0</ele>
      </trkpt>
      <trkpt lat="34.73924" lon="-118.79688">
        <ele>0</ele>
      </trkpt>
      <trkpt lat="34.74082" lon="-118.7966">
        <ele>0</ele>
      </trkpt>
      <trkpt lat="34.74085" lon="-118.7966">
        <ele>0</ele>
      </trkpt>
      <trkpt lat="34.74114" lon="-118.79654">
        <ele>0</ele>
      </trkpt>
      <trkpt lat="34.74339" lon="-118.79614">
        <ele>0</ele>
      </trkpt>
      <trkpt lat="34.74362" lon="-118.79609">
        <ele>0</ele>
      </trkpt>
      <trkpt lat="34.74394" lon="-118.79604">
        <ele>0</ele>
      </trkpt>
      <trkpt lat="34.74398" lon="-118.79603">
        <ele>0</ele>
      </trkpt>
      <trkpt lat="34.74597" lon="-118.79569">
        <ele>0</ele>
      </trkpt>
      <trkpt lat="34.74647" lon="-118.79562">
        <ele>0</ele>
      </trkpt>
      <trkpt lat="34.7466" lon="-118.79561">
        <ele>0</ele>
      </trkpt>
      <trkpt lat="34.74672" lon="-118.79559">
        <ele>0</ele>
      </trkpt>
      <trkpt lat="34.74753" lon="-118.79552">
        <ele>0</ele>
      </trkpt>
      <trkpt lat="34.74758" lon="-118.79552">
        <ele>0</ele>
      </trkpt>
      <trkpt lat="34.74789" lon="-118.79549">
        <ele>0</ele>
      </trkpt>
      <trkpt lat="34.74837" lon="-118.79548">
        <ele>0</ele>
      </trkpt>
      <trkpt lat="34.74871" lon="-118.79546">
        <ele>0</ele>
      </trkpt>
      <trkpt lat="34.74939" lon="-118.79546">
        <ele>0</ele>
      </trkpt>
      <trkpt lat="34.75367" lon="-118.79555">
        <ele>0</ele>
      </trkpt>
      <trkpt lat="34.75385" lon="-118.79556">
        <ele>0</ele>
      </trkpt>
      <trkpt lat="34.75665" lon="-118.79562">
        <ele>0</ele>
      </trkpt>
      <trkpt lat="34.75685" lon="-118.79563">
        <ele>0</ele>
      </trkpt>
      <trkpt lat="34.75733" lon="-118.79564">
        <ele>0</ele>
      </trkpt>
      <trkpt lat="34.7578" lon="-118.79567">
        <ele>0</ele>
      </trkpt>
      <trkpt lat="34.75862" lon="-118.79578">
        <ele>0</ele>
      </trkpt>
      <trkpt lat="34.75897" lon="-118.79584">
        <ele>0</ele>
      </trkpt>
      <trkpt lat="34.75925" lon="-118.7959">
        <ele>0</ele>
      </trkpt>
      <trkpt lat="34.75925" lon="-118.79591">
        <ele>0</ele>
      </trkpt>
      <trkpt lat="34.75932" lon="-118.79592">
        <ele>0</ele>
      </trkpt>
      <trkpt lat="34.75975" lon="-118.79603">
        <ele>0</ele>
      </trkpt>
      <trkpt lat="34.76042" lon="-118.79625">
        <ele>0</ele>
      </trkpt>
      <trkpt lat="34.76084" lon="-118.79641">
        <ele>0</ele>
      </trkpt>
      <trkpt lat="34.76115" lon="-118.79654">
        <ele>0</ele>
      </trkpt>
      <trkpt lat="34.76118" lon="-118.79656">
        <ele>0</ele>
      </trkpt>
      <trkpt lat="34.76154" lon="-118.79672">
        <ele>0</ele>
      </trkpt>
      <trkpt lat="34.76218" lon="-118.79706">
        <ele>0</ele>
      </trkpt>
      <trkpt lat="34.76238" lon="-118.79718">
        <ele>0</ele>
      </trkpt>
      <trkpt lat="34.76578" lon="-118.7991">
        <ele>0</ele>
      </trkpt>
      <trkpt lat="34.7665" lon="-118.79954">
        <ele>0</ele>
      </trkpt>
      <trkpt lat="34.7665" lon="-118.79955">
        <ele>0</ele>
      </trkpt>
      <trkpt lat="34.76687" lon="-118.79978">
        <ele>0</ele>
      </trkpt>
      <trkpt lat="34.76739" lon="-118.80013">
        <ele>0</ele>
      </trkpt>
      <trkpt lat="34.7674" lon="-118.80014">
        <ele>0</ele>
      </trkpt>
      <trkpt lat="34.76795" lon="-118.80053">
        <ele>0</ele>
      </trkpt>
      <trkpt lat="34.76802" lon="-118.80059">
        <ele>0</ele>
      </trkpt>
      <trkpt lat="34.76842" lon="-118.80088">
        <ele>0</ele>
      </trkpt>
      <trkpt lat="34.76871" lon="-118.80112">
        <ele>0</ele>
      </trkpt>
      <trkpt lat="34.76937" lon="-118.80164">
        <ele>0</ele>
      </trkpt>
      <trkpt lat="34.76973" lon="-118.80195">
        <ele>0</ele>
      </trkpt>
      <trkpt lat="34.7705" lon="-118.80265">
        <ele>0</ele>
      </trkpt>
      <trkpt lat="34.77133" lon="-118.80344">
        <ele>0</ele>
      </trkpt>
      <trkpt lat="34.77163" lon="-118.80374">
        <ele>0</ele>
      </trkpt>
      <trkpt lat="34.7724" lon="-118.80456">
        <ele>0</ele>
      </trkpt>
      <trkpt lat="34.77306" lon="-118.80532">
        <ele>0</ele>
      </trkpt>
      <trkpt lat="34.77314" lon="-118.8054">
        <ele>0</ele>
      </trkpt>
      <trkpt lat="34.77337" lon="-118.80569">
        <ele>0</ele>
      </trkpt>
      <trkpt lat="34.77355" lon="-118.8059">
        <ele>0</ele>
      </trkpt>
      <trkpt lat="34.77388" lon="-118.80631">
        <ele>0</ele>
      </trkpt>
      <trkpt lat="34.77396" lon="-118.80643">
        <ele>0</ele>
      </trkpt>
      <trkpt lat="34.77409" lon="-118.80659">
        <ele>0</ele>
      </trkpt>
      <trkpt lat="34.77455" lon="-118.80719">
        <ele>0</ele>
      </trkpt>
      <trkpt lat="34.7747" lon="-118.80741">
        <ele>0</ele>
      </trkpt>
      <trkpt lat="34.77491" lon="-118.80769">
        <ele>0</ele>
      </trkpt>
      <trkpt lat="34.77563" lon="-118.80876">
        <ele>0</ele>
      </trkpt>
      <trkpt lat="34.77634" lon="-118.80989">
        <ele>0</ele>
      </trkpt>
      <trkpt lat="34.77648" lon="-118.81013">
        <ele>0</ele>
      </trkpt>
      <trkpt lat="34.7765" lon="-118.81015">
        <ele>0</ele>
      </trkpt>
      <trkpt lat="34.77659" lon="-118.81031">
        <ele>0</ele>
      </trkpt>
      <trkpt lat="34.77898" lon="-118.81428">
        <ele>0</ele>
      </trkpt>
      <trkpt lat="34.77903" lon="-118.81438">
        <ele>0</ele>
      </trkpt>
      <trkpt lat="34.77908" lon="-118.81445">
        <ele>0</ele>
      </trkpt>
      <trkpt lat="34.7794" lon="-118.81498">
        <ele>0</ele>
      </trkpt>
      <trkpt lat="34.77944" lon="-118.81506">
        <ele>0</ele>
      </trkpt>
      <trkpt lat="34.77952" lon="-118.81518">
        <ele>0</ele>
      </trkpt>
      <trkpt lat="34.77967" lon="-118.81544">
        <ele>0</ele>
      </trkpt>
      <trkpt lat="34.77972" lon="-118.81551">
        <ele>0</ele>
      </trkpt>
      <trkpt lat="34.77974" lon="-118.81555">
        <ele>0</ele>
      </trkpt>
      <trkpt lat="34.78028" lon="-118.81646">
        <ele>0</ele>
      </trkpt>
      <trkpt lat="34.78037" lon="-118.8166">
        <ele>0</ele>
      </trkpt>
      <trkpt lat="34.78159" lon="-118.81864">
        <ele>0</ele>
      </trkpt>
      <trkpt lat="34.78168" lon="-118.81877">
        <ele>0</ele>
      </trkpt>
      <trkpt lat="34.78191" lon="-118.81916">
        <ele>0</ele>
      </trkpt>
      <trkpt lat="34.78198" lon="-118.81929">
        <ele>0</ele>
      </trkpt>
      <trkpt lat="34.78304" lon="-118.82105">
        <ele>0</ele>
      </trkpt>
      <trkpt lat="34.78308" lon="-118.82111">
        <ele>0</ele>
      </trkpt>
      <trkpt lat="34.78586" lon="-118.82575">
        <ele>0</ele>
      </trkpt>
      <trkpt lat="34.78594" lon="-118.82587">
        <ele>0</ele>
      </trkpt>
      <trkpt lat="34.7861" lon="-118.82615">
        <ele>0</ele>
      </trkpt>
      <trkpt lat="34.78634" lon="-118.82653">
        <ele>0</ele>
      </trkpt>
      <trkpt lat="34.7865" lon="-118.82681">
        <ele>0</ele>
      </trkpt>
      <trkpt lat="34.7869" lon="-118.82743">
        <ele>0</ele>
      </trkpt>
      <trkpt lat="34.78723" lon="-118.82792">
        <ele>0</ele>
      </trkpt>
      <trkpt lat="34.78725" lon="-118.82796">
        <ele>0</ele>
      </trkpt>
      <trkpt lat="34.7873" lon="-118.82802">
        <ele>0</ele>
      </trkpt>
      <trkpt lat="34.7874" lon="-118.82817">
        <ele>0</ele>
      </trkpt>
      <trkpt lat="34.78749" lon="-118.82829">
        <ele>0</ele>
      </trkpt>
      <trkpt lat="34.78757" lon="-118.82842">
        <ele>0</ele>
      </trkpt>
      <trkpt lat="34.7881" lon="-118.82914">
        <ele>0</ele>
      </trkpt>
      <trkpt lat="34.78819" lon="-118.82925">
        <ele>0</ele>
      </trkpt>
      <trkpt lat="34.78865" lon="-118.82986">
        <ele>0</ele>
      </trkpt>
      <trkpt lat="34.78872" lon="-118.82996">
        <ele>0</ele>
      </trkpt>
      <trkpt lat="34.78881" lon="-118.83007">
        <ele>0</ele>
      </trkpt>
      <trkpt lat="34.78951" lon="-118.831">
        <ele>0</ele>
      </trkpt>
      <trkpt lat="34.78961" lon="-118.83112">
        <ele>0</ele>
      </trkpt>
      <trkpt lat="34.78964" lon="-118.83117">
        <ele>0</ele>
      </trkpt>
      <trkpt lat="34.7897" lon="-118.83124">
        <ele>0</ele>
      </trkpt>
      <trkpt lat="34.78976" lon="-118.83133">
        <ele>0</ele>
      </trkpt>
      <trkpt lat="34.7898" lon="-118.83137">
        <ele>0</ele>
      </trkpt>
      <trkpt lat="34.78998" lon="-118.83161">
        <ele>0</ele>
      </trkpt>
      <trkpt lat="34.79006" lon="-118.83173">
        <ele>0</ele>
      </trkpt>
      <trkpt lat="34.79036" lon="-118.83211">
        <ele>0</ele>
      </trkpt>
      <trkpt lat="34.79042" lon="-118.8322">
        <ele>0</ele>
      </trkpt>
      <trkpt lat="34.79051" lon="-118.83231">
        <ele>0</ele>
      </trkpt>
      <trkpt lat="34.79114" lon="-118.83315">
        <ele>0</ele>
      </trkpt>
      <trkpt lat="34.79153" lon="-118.83371">
        <ele>0</ele>
      </trkpt>
      <trkpt lat="34.79161" lon="-118.83385">
        <ele>0</ele>
      </trkpt>
      <trkpt lat="34.79166" lon="-118.83392">
        <ele>0</ele>
      </trkpt>
      <trkpt lat="34.792" lon="-118.83449">
        <ele>0</ele>
      </trkpt>
      <trkpt lat="34.7922" lon="-118.83488">
        <ele>0</ele>
      </trkpt>
      <trkpt lat="34.79226" lon="-118.83498">
        <ele>0</ele>
      </trkpt>
      <trkpt lat="34.79251" lon="-118.83551">
        <ele>0</ele>
      </trkpt>
      <trkpt lat="34.79268" lon="-118.8359">
        <ele>0</ele>
      </trkpt>
      <trkpt lat="34.79271" lon="-118.83599">
        <ele>0</ele>
      </trkpt>
      <trkpt lat="34.79286" lon="-118.83635">
        <ele>0</ele>
      </trkpt>
      <trkpt lat="34.79289" lon="-118.83645">
        <ele>0</ele>
      </trkpt>
      <trkpt lat="34.79295" lon="-118.83661">
        <ele>0</ele>
      </trkpt>
      <trkpt lat="34.79299" lon="-118.83674">
        <ele>0</ele>
      </trkpt>
      <trkpt lat="34.79304" lon="-118.83687">
        <ele>0</ele>
      </trkpt>
      <trkpt lat="34.79307" lon="-118.837">
        <ele>0</ele>
      </trkpt>
      <trkpt lat="34.79326" lon="-118.83767">
        <ele>0</ele>
      </trkpt>
      <trkpt lat="34.79329" lon="-118.83782">
        <ele>0</ele>
      </trkpt>
      <trkpt lat="34.79331" lon="-118.83788">
        <ele>0</ele>
      </trkpt>
      <trkpt lat="34.79333" lon="-118.83797">
        <ele>0</ele>
      </trkpt>
      <trkpt lat="34.79335" lon="-118.83811">
        <ele>0</ele>
      </trkpt>
      <trkpt lat="34.79342" lon="-118.83845">
        <ele>0</ele>
      </trkpt>
      <trkpt lat="34.79349" lon="-118.83895">
        <ele>0</ele>
      </trkpt>
      <trkpt lat="34.7935" lon="-118.83897">
        <ele>0</ele>
      </trkpt>
      <trkpt lat="34.79352" lon="-118.83919">
        <ele>0</ele>
      </trkpt>
      <trkpt lat="34.79378" lon="-118.84134">
        <ele>0</ele>
      </trkpt>
      <trkpt lat="34.7938" lon="-118.84157">
        <ele>0</ele>
      </trkpt>
      <trkpt lat="34.79388" lon="-118.8422">
        <ele>0</ele>
      </trkpt>
      <trkpt lat="34.7939" lon="-118.84242">
        <ele>0</ele>
      </trkpt>
      <trkpt lat="34.79392" lon="-118.84252">
        <ele>0</ele>
      </trkpt>
      <trkpt lat="34.79401" lon="-118.84334">
        <ele>0</ele>
      </trkpt>
      <trkpt lat="34.79404" lon="-118.8435">
        <ele>0</ele>
      </trkpt>
      <trkpt lat="34.79417" lon="-118.84459">
        <ele>0</ele>
      </trkpt>
      <trkpt lat="34.79423" lon="-118.84497">
        <ele>0</ele>
      </trkpt>
      <trkpt lat="34.79423" lon="-118.84502">
        <ele>0</ele>
      </trkpt>
      <trkpt lat="34.79432" lon="-118.84566">
        <ele>0</ele>
      </trkpt>
      <trkpt lat="34.79432" lon="-118.84567">
        <ele>0</ele>
      </trkpt>
      <trkpt lat="34.79436" lon="-118.84596">
        <ele>0</ele>
      </trkpt>
      <trkpt lat="34.79437" lon="-118.8461">
        <ele>0</ele>
      </trkpt>
      <trkpt lat="34.79447" lon="-118.84681">
        <ele>0</ele>
      </trkpt>
      <trkpt lat="34.79449" lon="-118.847">
        <ele>0</ele>
      </trkpt>
      <trkpt lat="34.79451" lon="-118.84712">
        <ele>0</ele>
      </trkpt>
      <trkpt lat="34.79457" lon="-118.84761">
        <ele>0</ele>
      </trkpt>
      <trkpt lat="34.79459" lon="-118.84772">
        <ele>0</ele>
      </trkpt>
      <trkpt lat="34.79459" lon="-118.84775">
        <ele>0</ele>
      </trkpt>
      <trkpt lat="34.79471" lon="-118.84864">
        <ele>0</ele>
      </trkpt>
      <trkpt lat="34.79472" lon="-118.84869">
        <ele>0</ele>
      </trkpt>
      <trkpt lat="34.79478" lon="-118.84915">
        <ele>0</ele>
      </trkpt>
      <trkpt lat="34.79479" lon="-118.84926">
        <ele>0</ele>
      </trkpt>
      <trkpt lat="34.7948" lon="-118.84931">
        <ele>0</ele>
      </trkpt>
      <trkpt lat="34.79492" lon="-118.85025">
        <ele>0</ele>
      </trkpt>
      <trkpt lat="34.79494" lon="-118.85035">
        <ele>0</ele>
      </trkpt>
      <trkpt lat="34.79496" lon="-118.85056">
        <ele>0</ele>
      </trkpt>
      <trkpt lat="34.79511" lon="-118.85164">
        <ele>0</ele>
      </trkpt>
      <trkpt lat="34.79513" lon="-118.85186">
        <ele>0</ele>
      </trkpt>
      <trkpt lat="34.79521" lon="-118.85241">
        <ele>0</ele>
      </trkpt>
      <trkpt lat="34.79522" lon="-118.85255">
        <ele>0</ele>
      </trkpt>
      <trkpt lat="34.79527" lon="-118.85288">
        <ele>0</ele>
      </trkpt>
      <trkpt lat="34.79536" lon="-118.85361">
        <ele>0</ele>
      </trkpt>
      <trkpt lat="34.79536" lon="-118.85362">
        <ele>0</ele>
      </trkpt>
      <trkpt lat="34.79549" lon="-118.85455">
        <ele>0</ele>
      </trkpt>
      <trkpt lat="34.79549" lon="-118.8546">
        <ele>0</ele>
      </trkpt>
      <trkpt lat="34.7959" lon="-118.85777">
        <ele>0</ele>
      </trkpt>
      <trkpt lat="34.79592" lon="-118.85798">
        <ele>0</ele>
      </trkpt>
      <trkpt lat="34.79594" lon="-118.85809">
        <ele>0</ele>
      </trkpt>
      <trkpt lat="34.79597" lon="-118.85841">
        <ele>0</ele>
      </trkpt>
      <trkpt lat="34.79609" lon="-118.85935">
        <ele>0</ele>
      </trkpt>
      <trkpt lat="34.7961" lon="-118.85951">
        <ele>0</ele>
      </trkpt>
      <trkpt lat="34.79654" lon="-118.86317">
        <ele>0</ele>
      </trkpt>
      <trkpt lat="34.79654" lon="-118.86321">
        <ele>0</ele>
      </trkpt>
      <trkpt lat="34.79657" lon="-118.86343">
        <ele>0</ele>
      </trkpt>
      <trkpt lat="34.79657" lon="-118.86346">
        <ele>0</ele>
      </trkpt>
      <trkpt lat="34.79659" lon="-118.86365">
        <ele>0</ele>
      </trkpt>
      <trkpt lat="34.79662" lon="-118.86386">
        <ele>0</ele>
      </trkpt>
      <trkpt lat="34.79669" lon="-118.86448">
        <ele>0</ele>
      </trkpt>
      <trkpt lat="34.79669" lon="-118.86453">
        <ele>0</ele>
      </trkpt>
      <trkpt lat="34.79682" lon="-118.86556">
        <ele>0</ele>
      </trkpt>
      <trkpt lat="34.79683" lon="-118.86571">
        <ele>0</ele>
      </trkpt>
      <trkpt lat="34.79692" lon="-118.86644">
        <ele>0</ele>
      </trkpt>
      <trkpt lat="34.79694" lon="-118.86665">
        <ele>0</ele>
      </trkpt>
      <trkpt lat="34.79704" lon="-118.86742">
        <ele>0</ele>
      </trkpt>
      <trkpt lat="34.79704" lon="-118.86747">
        <ele>0</ele>
      </trkpt>
      <trkpt lat="34.79708" lon="-118.86774">
        <ele>0</ele>
      </trkpt>
      <trkpt lat="34.7971" lon="-118.86783">
        <ele>0</ele>
      </trkpt>
      <trkpt lat="34.79714" lon="-118.86811">
        <ele>0</ele>
      </trkpt>
      <trkpt lat="34.79717" lon="-118.86823">
        <ele>0</ele>
      </trkpt>
      <trkpt lat="34.7972" lon="-118.86838">
        <ele>0</ele>
      </trkpt>
      <trkpt lat="34.7972" lon="-118.86839">
        <ele>0</ele>
      </trkpt>
      <trkpt lat="34.79724" lon="-118.86853">
        <ele>0</ele>
      </trkpt>
      <trkpt lat="34.79727" lon="-118.86869">
        <ele>0</ele>
      </trkpt>
      <trkpt lat="34.79729" lon="-118.86874">
        <ele>0</ele>
      </trkpt>
      <trkpt lat="34.79731" lon="-118.86883">
        <ele>0</ele>
      </trkpt>
      <trkpt lat="34.79738" lon="-118.86906">
        <ele>0</ele>
      </trkpt>
      <trkpt lat="34.7974" lon="-118.86914">
        <ele>0</ele>
      </trkpt>
      <trkpt lat="34.79754" lon="-118.86958">
        <ele>0</ele>
      </trkpt>
      <trkpt lat="34.79774" lon="-118.8701">
        <ele>0</ele>
      </trkpt>
      <trkpt lat="34.79784" lon="-118.87032">
        <ele>0</ele>
      </trkpt>
      <trkpt lat="34.7981" lon="-118.87085">
        <ele>0</ele>
      </trkpt>
      <trkpt lat="34.79829" lon="-118.87119">
        <ele>0</ele>
      </trkpt>
      <trkpt lat="34.79857" lon="-118.87164">
        <ele>0</ele>
      </trkpt>
      <trkpt lat="34.79866" lon="-118.87176">
        <ele>0</ele>
      </trkpt>
      <trkpt lat="34.79867" lon="-118.87177">
        <ele>0</ele>
      </trkpt>
      <trkpt lat="34.79902" lon="-118.87225">
        <ele>0</ele>
      </trkpt>
      <trkpt lat="34.7991" lon="-118.87234">
        <ele>0</ele>
      </trkpt>
      <trkpt lat="34.79918" lon="-118.87244">
        <ele>0</ele>
      </trkpt>
      <trkpt lat="34.80007" lon="-118.87346">
        <ele>0</ele>
      </trkpt>
      <trkpt lat="34.80018" lon="-118.8736">
        <ele>0</ele>
      </trkpt>
      <trkpt lat="34.8004" lon="-118.87386">
        <ele>0</ele>
      </trkpt>
      <trkpt lat="34.80043" lon="-118.87389">
        <ele>0</ele>
      </trkpt>
      <trkpt lat="34.80054" lon="-118.87402">
        <ele>0</ele>
      </trkpt>
      <trkpt lat="34.80058" lon="-118.87406">
        <ele>0</ele>
      </trkpt>
      <trkpt lat="34.80069" lon="-118.8742">
        <ele>0</ele>
      </trkpt>
      <trkpt lat="34.80316" lon="-118.87708">
        <ele>0</ele>
      </trkpt>
      <trkpt lat="34.80318" lon="-118.87711">
        <ele>0</ele>
      </trkpt>
      <trkpt lat="34.80322" lon="-118.87715">
        <ele>0</ele>
      </trkpt>
      <trkpt lat="34.80393" lon="-118.87799">
        <ele>0</ele>
      </trkpt>
      <trkpt lat="34.804" lon="-118.87806">
        <ele>0</ele>
      </trkpt>
      <trkpt lat="34.80457" lon="-118.87874">
        <ele>0</ele>
      </trkpt>
      <trkpt lat="34.80461" lon="-118.87878">
        <ele>0</ele>
      </trkpt>
      <trkpt lat="34.8057" lon="-118.88006">
        <ele>0</ele>
      </trkpt>
      <trkpt lat="34.80584" lon="-118.88021">
        <ele>0</ele>
      </trkpt>
      <trkpt lat="34.80618" lon="-118.88062">
        <ele>0</ele>
      </trkpt>
      <trkpt lat="34.80656" lon="-118.88105">
        <ele>0</ele>
      </trkpt>
      <trkpt lat="34.80668" lon="-118.8812">
        <ele>0</ele>
      </trkpt>
      <trkpt lat="34.80746" lon="-118.8821">
        <ele>0</ele>
      </trkpt>
      <trkpt lat="34.80755" lon="-118.88222">
        <ele>0</ele>
      </trkpt>
      <trkpt lat="34.80759" lon="-118.88225">
        <ele>0</ele>
      </trkpt>
      <trkpt lat="34.80772" lon="-118.8824">
        <ele>0</ele>
      </trkpt>
      <trkpt lat="34.80797" lon="-118.88266">
        <ele>0</ele>
      </trkpt>
      <trkpt lat="34.808" lon="-118.88268">
        <ele>0</ele>
      </trkpt>
      <trkpt lat="34.80806" lon="-118.88275">
        <ele>0</ele>
      </trkpt>
      <trkpt lat="34.80817" lon="-118.88284">
        <ele>0</ele>
      </trkpt>
      <trkpt lat="34.80843" lon="-118.88307">
        <ele>0</ele>
      </trkpt>
      <trkpt lat="34.80869" lon="-118.88328">
        <ele>0</ele>
      </trkpt>
      <trkpt lat="34.80873" lon="-118.8833">
        <ele>0</ele>
      </trkpt>
      <trkpt lat="34.80881" lon="-118.88336">
        <ele>0</ele>
      </trkpt>
      <trkpt lat="34.809" lon="-118.88349">
        <ele>0</ele>
      </trkpt>
      <trkpt lat="34.80932" lon="-118.88369">
        <ele>0</ele>
      </trkpt>
      <trkpt lat="34.80957" lon="-118.88383">
        <ele>0</ele>
      </trkpt>
      <trkpt lat="34.81016" lon="-118.88411">
        <ele>0</ele>
      </trkpt>
      <trkpt lat="34.81065" lon="-118.88428">
        <ele>0</ele>
      </trkpt>
      <trkpt lat="34.81107" lon="-118.88439">
        <ele>0</ele>
      </trkpt>
      <trkpt lat="34.81139" lon="-118.88446">
        <ele>0</ele>
      </trkpt>
      <trkpt lat="34.8114" lon="-118.88446">
        <ele>0</ele>
      </trkpt>
      <trkpt lat="34.81164" lon="-118.8845">
        <ele>0</ele>
      </trkpt>
      <trkpt lat="34.81177" lon="-118.88451">
        <ele>0</ele>
      </trkpt>
      <trkpt lat="34.81193" lon="-118.88453">
        <ele>0</ele>
      </trkpt>
      <trkpt lat="34.81206" lon="-118.88453">
        <ele>0</ele>
      </trkpt>
      <trkpt lat="34.81212" lon="-118.88454">
        <ele>0</ele>
      </trkpt>
      <trkpt lat="34.81239" lon="-118.88454">
        <ele>0</ele>
      </trkpt>
      <trkpt lat="34.81242" lon="-118.88455">
        <ele>0</ele>
      </trkpt>
      <trkpt lat="34.81283" lon="-118.88453">
        <ele>0</ele>
      </trkpt>
      <trkpt lat="34.81336" lon="-118.88447">
        <ele>0</ele>
      </trkpt>
      <trkpt lat="34.81341" lon="-118.88446">
        <ele>0</ele>
      </trkpt>
      <trkpt lat="34.81371" lon="-118.88438">
        <ele>0</ele>
      </trkpt>
      <trkpt lat="34.81375" lon="-118.88436">
        <ele>0</ele>
      </trkpt>
      <trkpt lat="34.8142" lon="-118.88423">
        <ele>0</ele>
      </trkpt>
      <trkpt lat="34.81445" lon="-118.88415">
        <ele>0</ele>
      </trkpt>
      <trkpt lat="34.81456" lon="-118.88411">
        <ele>0</ele>
      </trkpt>
      <trkpt lat="34.81485" lon="-118.88399">
        <ele>0</ele>
      </trkpt>
      <trkpt lat="34.81489" lon="-118.88398">
        <ele>0</ele>
      </trkpt>
      <trkpt lat="34.81503" lon="-118.88392">
        <ele>0</ele>
      </trkpt>
      <trkpt lat="34.81525" lon="-118.8838">
        <ele>0</ele>
      </trkpt>
      <trkpt lat="34.81528" lon="-118.88379">
        <ele>0</ele>
      </trkpt>
      <trkpt lat="34.81552" lon="-118.88365">
        <ele>0</ele>
      </trkpt>
      <trkpt lat="34.81585" lon="-118.88343">
        <ele>0</ele>
      </trkpt>
      <trkpt lat="34.81599" lon="-118.88333">
        <ele>0</ele>
      </trkpt>
      <trkpt lat="34.816" lon="-118.88332">
        <ele>0</ele>
      </trkpt>
      <trkpt lat="34.81617" lon="-118.88319">
        <ele>0</ele>
      </trkpt>
      <trkpt lat="34.8162" lon="-118.88317">
        <ele>0</ele>
      </trkpt>
      <trkpt lat="34.81644" lon="-118.88297">
        <ele>0</ele>
      </trkpt>
      <trkpt lat="34.81676" lon="-118.88267">
        <ele>0</ele>
      </trkpt>
      <trkpt lat="34.81696" lon="-118.88247">
        <ele>0</ele>
      </trkpt>
      <trkpt lat="34.81709" lon="-118.88233">
        <ele>0</ele>
      </trkpt>
      <trkpt lat="34.81732" lon="-118.8821">
        <ele>0</ele>
      </trkpt>
      <trkpt lat="34.8176" lon="-118.8818">
        <ele>0</ele>
      </trkpt>
      <trkpt lat="34.81831" lon="-118.88107">
        <ele>0</ele>
      </trkpt>
      <trkpt lat="34.81859" lon="-118.88077">
        <ele>0</ele>
      </trkpt>
      <trkpt lat="34.81883" lon="-118.88053">
        <ele>0</ele>
      </trkpt>
      <trkpt lat="34.81978" lon="-118.87953">
        <ele>0</ele>
      </trkpt>
      <trkpt lat="34.82069" lon="-118.8786">
        <ele>0</ele>
      </trkpt>
      <trkpt lat="34.82078" lon="-118.8785">
        <ele>0</ele>
      </trkpt>
      <trkpt lat="34.82285" lon="-118.87635">
        <ele>0</ele>
      </trkpt>
      <trkpt lat="34.82309" lon="-118.87609">
        <ele>0</ele>
      </trkpt>
      <trkpt lat="34.8232" lon="-118.87598">
        <ele>0</ele>
      </trkpt>
      <trkpt lat="34.8233" lon="-118.87587">
        <ele>0</ele>
      </trkpt>
      <trkpt lat="34.82597" lon="-118.8731">
        <ele>0</ele>
      </trkpt>
      <trkpt lat="34.82602" lon="-118.87304">
        <ele>0</ele>
      </trkpt>
      <trkpt lat="34.82682" lon="-118.87222">
        <ele>0</ele>
      </trkpt>
      <trkpt lat="34.82694" lon="-118.87208">
        <ele>0</ele>
      </trkpt>
      <trkpt lat="34.82735" lon="-118.87167">
        <ele>0</ele>
      </trkpt>
      <trkpt lat="34.82818" lon="-118.8708">
        <ele>0</ele>
      </trkpt>
      <trkpt lat="34.82894" lon="-118.87003">
        <ele>0</ele>
      </trkpt>
      <trkpt lat="34.82922" lon="-118.86972">
        <ele>0</ele>
      </trkpt>
      <trkpt lat="34.82934" lon="-118.86961">
        <ele>0</ele>
      </trkpt>
      <trkpt lat="34.82939" lon="-118.86955">
        <ele>0</ele>
      </trkpt>
      <trkpt lat="34.83316" lon="-118.86565">
        <ele>0</ele>
      </trkpt>
      <trkpt lat="34.83344" lon="-118.86535">
        <ele>0</ele>
      </trkpt>
      <trkpt lat="34.83363" lon="-118.86516">
        <ele>0</ele>
      </trkpt>
      <trkpt lat="34.83387" lon="-118.8649">
        <ele>0</ele>
      </trkpt>
      <trkpt lat="34.83397" lon="-118.86481">
        <ele>0</ele>
      </trkpt>
      <trkpt lat="34.83409" lon="-118.86467">
        <ele>0</ele>
      </trkpt>
      <trkpt lat="34.83447" lon="-118.86429">
        <ele>0</ele>
      </trkpt>
      <trkpt lat="34.83459" lon="-118.86418">
        <ele>0</ele>
      </trkpt>
      <trkpt lat="34.8347" lon="-118.86407">
        <ele>0</ele>
      </trkpt>
      <trkpt lat="34.83478" lon="-118.86401">
        <ele>0</ele>
      </trkpt>
      <trkpt lat="34.83491" lon="-118.8639">
        <ele>0</ele>
      </trkpt>
      <trkpt lat="34.83514" lon="-118.86373">
        <ele>0</ele>
      </trkpt>
      <trkpt lat="34.8356" lon="-118.86343">
        <ele>0</ele>
      </trkpt>
      <trkpt lat="34.83585" lon="-118.8633">
        <ele>0</ele>
      </trkpt>
      <trkpt lat="34.83586" lon="-118.8633">
        <ele>0</ele>
      </trkpt>
      <trkpt lat="34.836" lon="-118.86323">
        <ele>0</ele>
      </trkpt>
      <trkpt lat="34.83621" lon="-118.86314">
        <ele>0</ele>
      </trkpt>
      <trkpt lat="34.8366" lon="-118.863">
        <ele>0</ele>
      </trkpt>
      <trkpt lat="34.83673" lon="-118.86296">
        <ele>0</ele>
      </trkpt>
      <trkpt lat="34.83698" lon="-118.8629">
        <ele>0</ele>
      </trkpt>
      <trkpt lat="34.83724" lon="-118.86285">
        <ele>0</ele>
      </trkpt>
      <trkpt lat="34.83778" lon="-118.8628">
        <ele>0</ele>
      </trkpt>
      <trkpt lat="34.83819" lon="-118.8628">
        <ele>0</ele>
      </trkpt>
      <trkpt lat="34.83846" lon="-118.86282">
        <ele>0</ele>
      </trkpt>
      <trkpt lat="34.8385" lon="-118.86282">
        <ele>0</ele>
      </trkpt>
      <trkpt lat="34.83868" lon="-118.86284">
        <ele>0</ele>
      </trkpt>
      <trkpt lat="34.8387" lon="-118.86285">
        <ele>0</ele>
      </trkpt>
      <trkpt lat="34.83895" lon="-118.86289">
        <ele>0</ele>
      </trkpt>
      <trkpt lat="34.83946" lon="-118.86303">
        <ele>0</ele>
      </trkpt>
      <trkpt lat="34.83986" lon="-118.86318">
        <ele>0</ele>
      </trkpt>
      <trkpt lat="34.84024" lon="-118.86337">
        <ele>0</ele>
      </trkpt>
      <trkpt lat="34.84031" lon="-118.86342">
        <ele>0</ele>
      </trkpt>
      <trkpt lat="34.84034" lon="-118.86343">
        <ele>0</ele>
      </trkpt>
      <trkpt lat="34.84037" lon="-118.86345">
        <ele>0</ele>
      </trkpt>
      <trkpt lat="34.8404" lon="-118.86346">
        <ele>0</ele>
      </trkpt>
      <trkpt lat="34.84051" lon="-118.86353">
        <ele>0</ele>
      </trkpt>
      <trkpt lat="34.84065" lon="-118.86361">
        <ele>0</ele>
      </trkpt>
      <trkpt lat="34.84087" lon="-118.86377">
        <ele>0</ele>
      </trkpt>
      <trkpt lat="34.84094" lon="-118.86381">
        <ele>0</ele>
      </trkpt>
      <trkpt lat="34.84152" lon="-118.86423">
        <ele>0</ele>
      </trkpt>
      <trkpt lat="34.84162" lon="-118.86431">
        <ele>0</ele>
      </trkpt>
      <trkpt lat="34.84541" lon="-118.86707">
        <ele>0</ele>
      </trkpt>
      <trkpt lat="34.84557" lon="-118.8672">
        <ele>0</ele>
      </trkpt>
      <trkpt lat="34.84573" lon="-118.86731">
        <ele>0</ele>
      </trkpt>
      <trkpt lat="34.84578" lon="-118.86735">
        <ele>0</ele>
      </trkpt>
      <trkpt lat="34.84603" lon="-118.86753">
        <ele>0</ele>
      </trkpt>
      <trkpt lat="34.84625" lon="-118.8677">
        <ele>0</ele>
      </trkpt>
      <trkpt lat="34.84641" lon="-118.86781">
        <ele>0</ele>
      </trkpt>
      <trkpt lat="34.84663" lon="-118.86798">
        <ele>0</ele>
      </trkpt>
      <trkpt lat="34.84679" lon="-118.86809">
        <ele>0</ele>
      </trkpt>
      <trkpt lat="34.84688" lon="-118.86816">
        <ele>0</ele>
      </trkpt>
      <trkpt lat="34.847" lon="-118.86824">
        <ele>0</ele>
      </trkpt>
      <trkpt lat="34.84722" lon="-118.8684">
        <ele>0</ele>
      </trkpt>
      <trkpt lat="34.84725" lon="-118.86843">
        <ele>0</ele>
      </trkpt>
      <trkpt lat="34.84744" lon="-118.86856">
        <ele>0</ele>
      </trkpt>
      <trkpt lat="34.84882" lon="-118.86957">
        <ele>0</ele>
      </trkpt>
      <trkpt lat="34.84892" lon="-118.86965">
        <ele>0</ele>
      </trkpt>
      <trkpt lat="34.84927" lon="-118.8699">
        <ele>0</ele>
      </trkpt>
      <trkpt lat="34.84972" lon="-118.87024">
        <ele>0</ele>
      </trkpt>
      <trkpt lat="34.84974" lon="-118.87025">
        <ele>0</ele>
      </trkpt>
      <trkpt lat="34.84995" lon="-118.87041">
        <ele>0</ele>
      </trkpt>
      <trkpt lat="34.85018" lon="-118.87057">
        <ele>0</ele>
      </trkpt>
      <trkpt lat="34.85029" lon="-118.87066">
        <ele>0</ele>
      </trkpt>
      <trkpt lat="34.85063" lon="-118.87091">
        <ele>0</ele>
      </trkpt>
      <trkpt lat="34.85075" lon="-118.87099">
        <ele>0</ele>
      </trkpt>
      <trkpt lat="34.85224" lon="-118.87208">
        <ele>0</ele>
      </trkpt>
      <trkpt lat="34.85239" lon="-118.8722">
        <ele>0</ele>
      </trkpt>
      <trkpt lat="34.85269" lon="-118.87241">
        <ele>0</ele>
      </trkpt>
      <trkpt lat="34.85382" lon="-118.87325">
        <ele>0</ele>
      </trkpt>
      <trkpt lat="34.85409" lon="-118.87344">
        <ele>0</ele>
      </trkpt>
      <trkpt lat="34.85439" lon="-118.87367">
        <ele>0</ele>
      </trkpt>
      <trkpt lat="34.8544" lon="-118.87367">
        <ele>0</ele>
      </trkpt>
      <trkpt lat="34.85622" lon="-118.87501">
        <ele>0</ele>
      </trkpt>
      <trkpt lat="34.85632" lon="-118.87507">
        <ele>0</ele>
      </trkpt>
      <trkpt lat="34.85793" lon="-118.87626">
        <ele>0</ele>
      </trkpt>
      <trkpt lat="34.85815" lon="-118.87641">
        <ele>0</ele>
      </trkpt>
      <trkpt lat="34.85851" lon="-118.87668">
        <ele>0</ele>
      </trkpt>
      <trkpt lat="34.85874" lon="-118.87684">
        <ele>0</ele>
      </trkpt>
      <trkpt lat="34.85923" lon="-118.8772">
        <ele>0</ele>
      </trkpt>
      <trkpt lat="34.8593" lon="-118.87726">
        <ele>0</ele>
      </trkpt>
      <trkpt lat="34.85938" lon="-118.87731">
        <ele>0</ele>
      </trkpt>
      <trkpt lat="34.86151" lon="-118.87889">
        <ele>0</ele>
      </trkpt>
      <trkpt lat="34.86157" lon="-118.87895">
        <ele>0</ele>
      </trkpt>
      <trkpt lat="34.86169" lon="-118.87904">
        <ele>0</ele>
      </trkpt>
      <trkpt lat="34.8619" lon="-118.87921">
        <ele>0</ele>
      </trkpt>
      <trkpt lat="34.86199" lon="-118.87929">
        <ele>0</ele>
      </trkpt>
      <trkpt lat="34.86201" lon="-118.8793">
        <ele>0</ele>
      </trkpt>
      <trkpt lat="34.86212" lon="-118.87939">
        <ele>0</ele>
      </trkpt>
      <trkpt lat="34.86214" lon="-118.87941">
        <ele>0</ele>
      </trkpt>
      <trkpt lat="34.86224" lon="-118.87949">
        <ele>0</ele>
      </trkpt>
      <trkpt lat="34.86229" lon="-118.87954">
        <ele>0</ele>
      </trkpt>
      <trkpt lat="34.86244" lon="-118.87966">
        <ele>0</ele>
      </trkpt>
      <trkpt lat="34.86258" lon="-118.87979">
        <ele>0</ele>
      </trkpt>
      <trkpt lat="34.86277" lon="-118.87995">
        <ele>0</ele>
      </trkpt>
      <trkpt lat="34.86287" lon="-118.88005">
        <ele>0</ele>
      </trkpt>
      <trkpt lat="34.86299" lon="-118.88015">
        <ele>0</ele>
      </trkpt>
      <trkpt lat="34.86362" lon="-118.88075">
        <ele>0</ele>
      </trkpt>
      <trkpt lat="34.86384" lon="-118.88095">
        <ele>0</ele>
      </trkpt>
      <trkpt lat="34.86387" lon="-118.88099">
        <ele>0</ele>
      </trkpt>
      <trkpt lat="34.86392" lon="-118.88104">
        <ele>0</ele>
      </trkpt>
      <trkpt lat="34.86394" lon="-118.88105">
        <ele>0</ele>
      </trkpt>
      <trkpt lat="34.86404" lon="-118.88115">
        <ele>0</ele>
      </trkpt>
      <trkpt lat="34.86406" lon="-118.88118">
        <ele>0</ele>
      </trkpt>
      <trkpt lat="34.86414" lon="-118.88125">
        <ele>0</ele>
      </trkpt>
      <trkpt lat="34.8642" lon="-118.88132">
        <ele>0</ele>
      </trkpt>
      <trkpt lat="34.86475" lon="-118.88187">
        <ele>0</ele>
      </trkpt>
      <trkpt lat="34.86485" lon="-118.88198">
        <ele>0</ele>
      </trkpt>
      <trkpt lat="34.86535" lon="-118.88248">
        <ele>0</ele>
      </trkpt>
      <trkpt lat="34.86544" lon="-118.88258">
        <ele>0</ele>
      </trkpt>
      <trkpt lat="34.86555" lon="-118.88269">
        <ele>0</ele>
      </trkpt>
      <trkpt lat="34.86566" lon="-118.88279">
        <ele>0</ele>
      </trkpt>
      <trkpt lat="34.86581" lon="-118.88295">
        <ele>0</ele>
      </trkpt>
      <trkpt lat="34.866" lon="-118.88314">
        <ele>0</ele>
      </trkpt>
      <trkpt lat="34.86648" lon="-118.88365">
        <ele>0</ele>
      </trkpt>
      <trkpt lat="34.8665" lon="-118.88366">
        <ele>0</ele>
      </trkpt>
      <trkpt lat="34.86663" lon="-118.8838">
        <ele>0</ele>
      </trkpt>
      <trkpt lat="34.86738" lon="-118.88455">
        <ele>0</ele>
      </trkpt>
      <trkpt lat="34.86831" lon="-118.88551">
        <ele>0</ele>
      </trkpt>
      <trkpt lat="34.86871" lon="-118.8859">
        <ele>0</ele>
      </trkpt>
      <trkpt lat="34.86878" lon="-118.88598">
        <ele>0</ele>
      </trkpt>
      <trkpt lat="34.86904" lon="-118.88624">
        <ele>0</ele>
      </trkpt>
      <trkpt lat="34.86912" lon="-118.88633">
        <ele>0</ele>
      </trkpt>
      <trkpt lat="34.87031" lon="-118.88754">
        <ele>0</ele>
      </trkpt>
      <trkpt lat="34.87058" lon="-118.88783">
        <ele>0</ele>
      </trkpt>
      <trkpt lat="34.8707" lon="-118.88794">
        <ele>0</ele>
      </trkpt>
      <trkpt lat="34.87083" lon="-118.88808">
        <ele>0</ele>
      </trkpt>
      <trkpt lat="34.87201" lon="-118.88927">
        <ele>0</ele>
      </trkpt>
      <trkpt lat="34.87204" lon="-118.88931">
        <ele>0</ele>
      </trkpt>
      <trkpt lat="34.87296" lon="-118.89024">
        <ele>0</ele>
      </trkpt>
      <trkpt lat="34.87345" lon="-118.89077">
        <ele>0</ele>
      </trkpt>
      <trkpt lat="34.87355" lon="-118.89086">
        <ele>0</ele>
      </trkpt>
      <trkpt lat="34.8737" lon="-118.89103">
        <ele>0</ele>
      </trkpt>
      <trkpt lat="34.8745" lon="-118.89184">
        <ele>0</ele>
      </trkpt>
      <trkpt lat="34.87519" lon="-118.89257">
        <ele>0</ele>
      </trkpt>
      <trkpt lat="34.87559" lon="-118.89301">
        <ele>0</ele>
      </trkpt>
      <trkpt lat="34.87615" lon="-118.8937">
        <ele>0</ele>
      </trkpt>
      <trkpt lat="34.87617" lon="-118.89372">
        <ele>0</ele>
      </trkpt>
      <trkpt lat="34.87668" lon="-118.89442">
        <ele>0</ele>
      </trkpt>
      <trkpt lat="34.87671" lon="-118.89445">
        <ele>0</ele>
      </trkpt>
      <trkpt lat="34.87735" lon="-118.89535">
        <ele>0</ele>
      </trkpt>
      <trkpt lat="34.87739" lon="-118.89542">
        <ele>0</ele>
      </trkpt>
      <trkpt lat="34.87749" lon="-118.89554">
        <ele>0</ele>
      </trkpt>
      <trkpt lat="34.87802" lon="-118.89629">
        <ele>0</ele>
      </trkpt>
      <trkpt lat="34.87844" lon="-118.89685">
        <ele>0</ele>
      </trkpt>
      <trkpt lat="34.87857" lon="-118.89701">
        <ele>0</ele>
      </trkpt>
      <trkpt lat="34.87859" lon="-118.89702">
        <ele>0</ele>
      </trkpt>
      <trkpt lat="34.87883" lon="-118.8973">
        <ele>0</ele>
      </trkpt>
      <trkpt lat="34.87887" lon="-118.89734">
        <ele>0</ele>
      </trkpt>
      <trkpt lat="34.87898" lon="-118.89747">
        <ele>0</ele>
      </trkpt>
      <trkpt lat="34.87905" lon="-118.89753">
        <ele>0</ele>
      </trkpt>
      <trkpt lat="34.87914" lon="-118.89762">
        <ele>0</ele>
      </trkpt>
      <trkpt lat="34.87924" lon="-118.89771">
        <ele>0</ele>
      </trkpt>
      <trkpt lat="34.87942" lon="-118.89789">
        <ele>0</ele>
      </trkpt>
      <trkpt lat="34.87953" lon="-118.89798">
        <ele>0</ele>
      </trkpt>
      <trkpt lat="34.87959" lon="-118.89804">
        <ele>0</ele>
      </trkpt>
      <trkpt lat="34.87973" lon="-118.89816">
        <ele>0</ele>
      </trkpt>
      <trkpt lat="34.87975" lon="-118.89817">
        <ele>0</ele>
      </trkpt>
      <trkpt lat="34.87987" lon="-118.89827">
        <ele>0</ele>
      </trkpt>
      <trkpt lat="34.88021" lon="-118.89852">
        <ele>0</ele>
      </trkpt>
      <trkpt lat="34.88024" lon="-118.89853">
        <ele>0</ele>
      </trkpt>
      <trkpt lat="34.8804" lon="-118.89864">
        <ele>0</ele>
      </trkpt>
      <trkpt lat="34.88045" lon="-118.89867">
        <ele>0</ele>
      </trkpt>
      <trkpt lat="34.88055" lon="-118.89874">
        <ele>0</ele>
      </trkpt>
      <trkpt lat="34.88079" lon="-118.89889">
        <ele>0</ele>
      </trkpt>
      <trkpt lat="34.88087" lon="-118.89893">
        <ele>0</ele>
      </trkpt>
      <trkpt lat="34.8809" lon="-118.89895">
        <ele>0</ele>
      </trkpt>
      <trkpt lat="34.88119" lon="-118.8991">
        <ele>0</ele>
      </trkpt>
      <trkpt lat="34.88132" lon="-118.89916">
        <ele>0</ele>
      </trkpt>
      <trkpt lat="34.88139" lon="-118.8992">
        <ele>0</ele>
      </trkpt>
      <trkpt lat="34.88143" lon="-118.89921">
        <ele>0</ele>
      </trkpt>
      <trkpt lat="34.88168" lon="-118.89934">
        <ele>0</ele>
      </trkpt>
      <trkpt lat="34.88192" lon="-118.89945">
        <ele>0</ele>
      </trkpt>
      <trkpt lat="34.88205" lon="-118.89952">
        <ele>0</ele>
      </trkpt>
      <trkpt lat="34.88257" lon="-118.89976">
        <ele>0</ele>
      </trkpt>
      <trkpt lat="34.88306" lon="-118.90001">
        <ele>0</ele>
      </trkpt>
      <trkpt lat="34.88318" lon="-118.90008">
        <ele>0</ele>
      </trkpt>
      <trkpt lat="34.88338" lon="-118.90018">
        <ele>0</ele>
      </trkpt>
      <trkpt lat="34.88376" lon="-118.90041">
        <ele>0</ele>
      </trkpt>
      <trkpt lat="34.88436" lon="-118.90088">
        <ele>0</ele>
      </trkpt>
      <trkpt lat="34.88478" lon="-118.90127">
        <ele>0</ele>
      </trkpt>
      <trkpt lat="34.88498" lon="-118.90148">
        <ele>0</ele>
      </trkpt>
      <trkpt lat="34.88521" lon="-118.90174">
        <ele>0</ele>
      </trkpt>
      <trkpt lat="34.88537" lon="-118.90194">
        <ele>0</ele>
      </trkpt>
      <trkpt lat="34.88572" lon="-118.90241">
        <ele>0</ele>
      </trkpt>
      <trkpt lat="34.88588" lon="-118.90265">
        <ele>0</ele>
      </trkpt>
      <trkpt lat="34.88606" lon="-118.90295">
        <ele>0</ele>
      </trkpt>
      <trkpt lat="34.88769" lon="-118.90626">
        <ele>0</ele>
      </trkpt>
      <trkpt lat="34.88788" lon="-118.90661">
        <ele>0</ele>
      </trkpt>
      <trkpt lat="34.88842" lon="-118.90768">
        <ele>0</ele>
      </trkpt>
      <trkpt lat="34.889" lon="-118.90888">
        <ele>0</ele>
      </trkpt>
      <trkpt lat="34.88911" lon="-118.90914">
        <ele>0</ele>
      </trkpt>
      <trkpt lat="34.89024" lon="-118.9114">
        <ele>0</ele>
      </trkpt>
      <trkpt lat="34.89031" lon="-118.91153">
        <ele>0</ele>
      </trkpt>
      <trkpt lat="34.89038" lon="-118.91168">
        <ele>0</ele>
      </trkpt>
      <trkpt lat="34.89045" lon="-118.9118">
        <ele>0</ele>
      </trkpt>
      <trkpt lat="34.89048" lon="-118.91186">
        <ele>0</ele>
      </trkpt>
      <trkpt lat="34.89053" lon="-118.91194">
        <ele>0</ele>
      </trkpt>
      <trkpt lat="34.89059" lon="-118.91206">
        <ele>0</ele>
      </trkpt>
      <trkpt lat="34.89071" lon="-118.91226">
        <ele>0</ele>
      </trkpt>
      <trkpt lat="34.89078" lon="-118.91239">
        <ele>0</ele>
      </trkpt>
      <trkpt lat="34.89097" lon="-118.91271">
        <ele>0</ele>
      </trkpt>
      <trkpt lat="34.89228" lon="-118.9146">
        <ele>0</ele>
      </trkpt>
      <trkpt lat="34.89329" lon="-118.91613">
        <ele>0</ele>
      </trkpt>
      <trkpt lat="34.89369" lon="-118.91671">
        <ele>0</ele>
      </trkpt>
      <trkpt lat="34.89399" lon="-118.91717">
        <ele>0</ele>
      </trkpt>
      <trkpt lat="34.89403" lon="-118.91724">
        <ele>0</ele>
      </trkpt>
      <trkpt lat="34.89418" lon="-118.91746">
        <ele>0</ele>
      </trkpt>
      <trkpt lat="34.89442" lon="-118.91784">
        <ele>0</ele>
      </trkpt>
      <trkpt lat="34.8947" lon="-118.91825">
        <ele>0</ele>
      </trkpt>
      <trkpt lat="34.89476" lon="-118.91835">
        <ele>0</ele>
      </trkpt>
      <trkpt lat="34.89483" lon="-118.91845">
        <ele>0</ele>
      </trkpt>
      <trkpt lat="34.89501" lon="-118.91873">
        <ele>0</ele>
      </trkpt>
      <trkpt lat="34.89538" lon="-118.91926">
        <ele>0</ele>
      </trkpt>
      <trkpt lat="34.89573" lon="-118.91971">
        <ele>0</ele>
      </trkpt>
      <trkpt lat="34.89582" lon="-118.91981">
        <ele>0</ele>
      </trkpt>
      <trkpt lat="34.8959" lon="-118.91989">
        <ele>0</ele>
      </trkpt>
      <trkpt lat="34.89645" lon="-118.92049">
        <ele>0</ele>
      </trkpt>
      <trkpt lat="34.89673" lon="-118.92074">
        <ele>0</ele>
      </trkpt>
      <trkpt lat="34.89678" lon="-118.92078">
        <ele>0</ele>
      </trkpt>
      <trkpt lat="34.8969" lon="-118.92089">
        <ele>0</ele>
      </trkpt>
      <trkpt lat="34.89717" lon="-118.92111">
        <ele>0</ele>
      </trkpt>
      <trkpt lat="34.89727" lon="-118.92118">
        <ele>0</ele>
      </trkpt>
      <trkpt lat="34.89742" lon="-118.9213">
        <ele>0</ele>
      </trkpt>
      <trkpt lat="34.89754" lon="-118.92138">
        <ele>0</ele>
      </trkpt>
      <trkpt lat="34.89758" lon="-118.9214">
        <ele>0</ele>
      </trkpt>
      <trkpt lat="34.89773" lon="-118.92151">
        <ele>0</ele>
      </trkpt>
      <trkpt lat="34.89797" lon="-118.92167">
        <ele>0</ele>
      </trkpt>
      <trkpt lat="34.89802" lon="-118.92169">
        <ele>0</ele>
      </trkpt>
      <trkpt lat="34.89836" lon="-118.92188">
        <ele>0</ele>
      </trkpt>
      <trkpt lat="34.89858" lon="-118.92197">
        <ele>0</ele>
      </trkpt>
      <trkpt lat="34.89863" lon="-118.922">
        <ele>0</ele>
      </trkpt>
      <trkpt lat="34.89897" lon="-118.92215">
        <ele>0</ele>
      </trkpt>
      <trkpt lat="34.89902" lon="-118.92218">
        <ele>0</ele>
      </trkpt>
      <trkpt lat="34.89933" lon="-118.92228">
        <ele>0</ele>
      </trkpt>
      <trkpt lat="34.89947" lon="-118.92234">
        <ele>0</ele>
      </trkpt>
      <trkpt lat="34.9002" lon="-118.92253">
        <ele>0</ele>
      </trkpt>
      <trkpt lat="34.90089" lon="-118.92266">
        <ele>0</ele>
      </trkpt>
      <trkpt lat="34.90099" lon="-118.92267">
        <ele>0</ele>
      </trkpt>
      <trkpt lat="34.90136" lon="-118.92274">
        <ele>0</ele>
      </trkpt>
      <trkpt lat="34.90143" lon="-118.92275">
        <ele>0</ele>
      </trkpt>
      <trkpt lat="34.90172" lon="-118.92281">
        <ele>0</ele>
      </trkpt>
      <trkpt lat="34.90182" lon="-118.92282">
        <ele>0</ele>
      </trkpt>
      <trkpt lat="34.90241" lon="-118.92294">
        <ele>0</ele>
      </trkpt>
      <trkpt lat="34.9025" lon="-118.92295">
        <ele>0</ele>
      </trkpt>
      <trkpt lat="34.90383" lon="-118.9232">
        <ele>0</ele>
      </trkpt>
      <trkpt lat="34.90395" lon="-118.92323">
        <ele>0</ele>
      </trkpt>
      <trkpt lat="34.90405" lon="-118.92324">
        <ele>0</ele>
      </trkpt>
      <trkpt lat="34.90413" lon="-118.92326">
        <ele>0</ele>
      </trkpt>
      <trkpt lat="34.90523" lon="-118.92344">
        <ele>0</ele>
      </trkpt>
      <trkpt lat="34.90535" lon="-118.92347">
        <ele>0</ele>
      </trkpt>
      <trkpt lat="34.90544" lon="-118.92348">
        <ele>0</ele>
      </trkpt>
      <trkpt lat="34.9056" lon="-118.92351">
        <ele>0</ele>
      </trkpt>
      <trkpt lat="34.90588" lon="-118.92355">
        <ele>0</ele>
      </trkpt>
      <trkpt lat="34.90664" lon="-118.92368">
        <ele>0</ele>
      </trkpt>
      <trkpt lat="34.90675" lon="-118.92369">
        <ele>0</ele>
      </trkpt>
      <trkpt lat="34.90681" lon="-118.9237">
        <ele>0</ele>
      </trkpt>
      <trkpt lat="34.907" lon="-118.92372">
        <ele>0</ele>
      </trkpt>
      <trkpt lat="34.90736" lon="-118.92373">
        <ele>0</ele>
      </trkpt>
      <trkpt lat="34.9079" lon="-118.92373">
        <ele>0</ele>
      </trkpt>
      <trkpt lat="34.90806" lon="-118.92372">
        <ele>0</ele>
      </trkpt>
      <trkpt lat="34.90825" lon="-118.9237">
        <ele>0</ele>
      </trkpt>
      <trkpt lat="34.9085" lon="-118.92366">
        <ele>0</ele>
      </trkpt>
      <trkpt lat="34.90887" lon="-118.92363">
        <ele>0</ele>
      </trkpt>
      <trkpt lat="34.90913" lon="-118.92359">
        <ele>0</ele>
      </trkpt>
      <trkpt lat="34.90924" lon="-118.92358">
        <ele>0</ele>
      </trkpt>
      <trkpt lat="34.9093" lon="-118.92357">
        <ele>0</ele>
      </trkpt>
      <trkpt lat="34.90974" lon="-118.92352">
        <ele>0</ele>
      </trkpt>
      <trkpt lat="34.90984" lon="-118.9235">
        <ele>0</ele>
      </trkpt>
      <trkpt lat="34.90992" lon="-118.92349">
        <ele>0</ele>
      </trkpt>
      <trkpt lat="34.91006" lon="-118.92348">
        <ele>0</ele>
      </trkpt>
      <trkpt lat="34.91063" lon="-118.92339">
        <ele>0</ele>
      </trkpt>
      <trkpt lat="34.91135" lon="-118.9233">
        <ele>0</ele>
      </trkpt>
      <trkpt lat="34.91154" lon="-118.92327">
        <ele>0</ele>
      </trkpt>
      <trkpt lat="34.91158" lon="-118.92327">
        <ele>0</ele>
      </trkpt>
      <trkpt lat="34.91168" lon="-118.92326">
        <ele>0</ele>
      </trkpt>
      <trkpt lat="34.91187" lon="-118.92325">
        <ele>0</ele>
      </trkpt>
      <trkpt lat="34.91219" lon="-118.92325">
        <ele>0</ele>
      </trkpt>
      <trkpt lat="34.91239" lon="-118.92324">
        <ele>0</ele>
      </trkpt>
      <trkpt lat="34.91261" lon="-118.92326">
        <ele>0</ele>
      </trkpt>
      <trkpt lat="34.91281" lon="-118.92329">
        <ele>0</ele>
      </trkpt>
      <trkpt lat="34.9131" lon="-118.92332">
        <ele>0</ele>
      </trkpt>
      <trkpt lat="34.91339" lon="-118.92338">
        <ele>0</ele>
      </trkpt>
      <trkpt lat="34.91369" lon="-118.92343">
        <ele>0</ele>
      </trkpt>
      <trkpt lat="34.9142" lon="-118.92354">
        <ele>0</ele>
      </trkpt>
      <trkpt lat="34.91437" lon="-118.92357">
        <ele>0</ele>
      </trkpt>
      <trkpt lat="34.91445" lon="-118.92359">
        <ele>0</ele>
      </trkpt>
      <trkpt lat="34.91451" lon="-118.92361">
        <ele>0</ele>
      </trkpt>
      <trkpt lat="34.91458" lon="-118.92362">
        <ele>0</ele>
      </trkpt>
      <trkpt lat="34.91468" lon="-118.92365">
        <ele>0</ele>
      </trkpt>
      <trkpt lat="34.91519" lon="-118.92375">
        <ele>0</ele>
      </trkpt>
      <trkpt lat="34.91534" lon="-118.9238">
        <ele>0</ele>
      </trkpt>
      <trkpt lat="34.91547" lon="-118.92382">
        <ele>0</ele>
      </trkpt>
      <trkpt lat="34.91553" lon="-118.92384">
        <ele>0</ele>
      </trkpt>
      <trkpt lat="34.91561" lon="-118.92385">
        <ele>0</ele>
      </trkpt>
      <trkpt lat="34.91587" lon="-118.9239">
        <ele>0</ele>
      </trkpt>
      <trkpt lat="34.91597" lon="-118.92391">
        <ele>0</ele>
      </trkpt>
      <trkpt lat="34.91615" lon="-118.92394">
        <ele>0</ele>
      </trkpt>
      <trkpt lat="34.91623" lon="-118.92394">
        <ele>0</ele>
      </trkpt>
      <trkpt lat="34.91628" lon="-118.92395">
        <ele>0</ele>
      </trkpt>
      <trkpt lat="34.91651" lon="-118.92397">
        <ele>0</ele>
      </trkpt>
      <trkpt lat="34.91656" lon="-118.92398">
        <ele>0</ele>
      </trkpt>
      <trkpt lat="34.91677" lon="-118.924">
        <ele>0</ele>
      </trkpt>
      <trkpt lat="34.91686" lon="-118.924">
        <ele>0</ele>
      </trkpt>
      <trkpt lat="34.91691" lon="-118.92401">
        <ele>0</ele>
      </trkpt>
      <trkpt lat="34.91743" lon="-118.92403">
        <ele>0</ele>
      </trkpt>
      <trkpt lat="34.91748" lon="-118.92404">
        <ele>0</ele>
      </trkpt>
      <trkpt lat="34.91766" lon="-118.92403">
        <ele>0</ele>
      </trkpt>
      <trkpt lat="34.91811" lon="-118.92403">
        <ele>0</ele>
      </trkpt>
      <trkpt lat="34.91822" lon="-118.92402">
        <ele>0</ele>
      </trkpt>
      <trkpt lat="34.91835" lon="-118.92402">
        <ele>0</ele>
      </trkpt>
      <trkpt lat="34.91881" lon="-118.92399">
        <ele>0</ele>
      </trkpt>
      <trkpt lat="34.91892" lon="-118.92397">
        <ele>0</ele>
      </trkpt>
      <trkpt lat="34.91952" lon="-118.9239">
        <ele>0</ele>
      </trkpt>
      <trkpt lat="34.9197" lon="-118.92386">
        <ele>0</ele>
      </trkpt>
      <trkpt lat="34.91978" lon="-118.92385">
        <ele>0</ele>
      </trkpt>
      <trkpt lat="34.91992" lon="-118.92382">
        <ele>0</ele>
      </trkpt>
      <trkpt lat="34.92021" lon="-118.92377">
        <ele>0</ele>
      </trkpt>
      <trkpt lat="34.92044" lon="-118.92371">
        <ele>0</ele>
      </trkpt>
      <trkpt lat="34.9205" lon="-118.92369">
        <ele>0</ele>
      </trkpt>
      <trkpt lat="34.92064" lon="-118.92366">
        <ele>0</ele>
      </trkpt>
      <trkpt lat="34.92079" lon="-118.92361">
        <ele>0</ele>
      </trkpt>
      <trkpt lat="34.92089" lon="-118.92359">
        <ele>0</ele>
      </trkpt>
      <trkpt lat="34.92133" lon="-118.92345">
        <ele>0</ele>
      </trkpt>
      <trkpt lat="34.92144" lon="-118.92341">
        <ele>0</ele>
      </trkpt>
      <trkpt lat="34.92169" lon="-118.92334">
        <ele>0</ele>
      </trkpt>
      <trkpt lat="34.92198" lon="-118.92322">
        <ele>0</ele>
      </trkpt>
      <trkpt lat="34.92211" lon="-118.92318">
        <ele>0</ele>
      </trkpt>
      <trkpt lat="34.92216" lon="-118.92316">
        <ele>0</ele>
      </trkpt>
      <trkpt lat="34.92265" lon="-118.92302">
        <ele>0</ele>
      </trkpt>
      <trkpt lat="34.92278" lon="-118.92297">
        <ele>0</ele>
      </trkpt>
      <trkpt lat="34.92319" lon="-118.92283">
        <ele>0</ele>
      </trkpt>
      <trkpt lat="34.92326" lon="-118.92281">
        <ele>0</ele>
      </trkpt>
      <trkpt lat="34.92348" lon="-118.92273">
        <ele>0</ele>
      </trkpt>
      <trkpt lat="34.9236" lon="-118.9227">
        <ele>0</ele>
      </trkpt>
      <trkpt lat="34.92373" lon="-118.92265">
        <ele>0</ele>
      </trkpt>
      <trkpt lat="34.92401" lon="-118.92256">
        <ele>0</ele>
      </trkpt>
      <trkpt lat="34.92407" lon="-118.92255">
        <ele>0</ele>
      </trkpt>
      <trkpt lat="34.92428" lon="-118.92249">
        <ele>0</ele>
      </trkpt>
      <trkpt lat="34.9244" lon="-118.92245">
        <ele>0</ele>
      </trkpt>
      <trkpt lat="34.92462" lon="-118.92239">
        <ele>0</ele>
      </trkpt>
      <trkpt lat="34.92475" lon="-118.92236">
        <ele>0</ele>
      </trkpt>
      <trkpt lat="34.92505" lon="-118.92231">
        <ele>0</ele>
      </trkpt>
      <trkpt lat="34.92557" lon="-118.92225">
        <ele>0</ele>
      </trkpt>
      <trkpt lat="34.92566" lon="-118.92225">
        <ele>0</ele>
      </trkpt>
      <trkpt lat="34.92587" lon="-118.92224">
        <ele>0</ele>
      </trkpt>
      <trkpt lat="34.92618" lon="-118.92224">
        <ele>0</ele>
      </trkpt>
      <trkpt lat="34.92625" lon="-118.92223">
        <ele>0</ele>
      </trkpt>
      <trkpt lat="34.92633" lon="-118.92224">
        <ele>0</ele>
      </trkpt>
      <trkpt lat="34.92646" lon="-118.92224">
        <ele>0</ele>
      </trkpt>
      <trkpt lat="34.92674" lon="-118.92226">
        <ele>0</ele>
      </trkpt>
      <trkpt lat="34.92724" lon="-118.92233">
        <ele>0</ele>
      </trkpt>
      <trkpt lat="34.92802" lon="-118.9225">
        <ele>0</ele>
      </trkpt>
      <trkpt lat="34.92823" lon="-118.92256">
        <ele>0</ele>
      </trkpt>
      <trkpt lat="34.92874" lon="-118.92274">
        <ele>0</ele>
      </trkpt>
      <trkpt lat="34.92908" lon="-118.92288">
        <ele>0</ele>
      </trkpt>
      <trkpt lat="34.92936" lon="-118.92301">
        <ele>0</ele>
      </trkpt>
      <trkpt lat="34.92946" lon="-118.92307">
        <ele>0</ele>
      </trkpt>
      <trkpt lat="34.92956" lon="-118.92311">
        <ele>0</ele>
      </trkpt>
      <trkpt lat="34.92958" lon="-118.92313">
        <ele>0</ele>
      </trkpt>
      <trkpt lat="34.92972" lon="-118.9232">
        <ele>0</ele>
      </trkpt>
      <trkpt lat="34.92976" lon="-118.92323">
        <ele>0</ele>
      </trkpt>
      <trkpt lat="34.92999" lon="-118.92337">
        <ele>0</ele>
      </trkpt>
      <trkpt lat="34.93003" lon="-118.92339">
        <ele>0</ele>
      </trkpt>
      <trkpt lat="34.93087" lon="-118.9239">
        <ele>0</ele>
      </trkpt>
      <trkpt lat="34.93093" lon="-118.92395">
        <ele>0</ele>
      </trkpt>
      <trkpt lat="34.93157" lon="-118.92436">
        <ele>0</ele>
      </trkpt>
      <trkpt lat="34.93165" lon="-118.92442">
        <ele>0</ele>
      </trkpt>
      <trkpt lat="34.93193" lon="-118.9246">
        <ele>0</ele>
      </trkpt>
      <trkpt lat="34.93211" lon="-118.92474">
        <ele>0</ele>
      </trkpt>
      <trkpt lat="34.93229" lon="-118.92485">
        <ele>0</ele>
      </trkpt>
      <trkpt lat="34.93235" lon="-118.9249">
        <ele>0</ele>
      </trkpt>
      <trkpt lat="34.93243" lon="-118.92495">
        <ele>0</ele>
      </trkpt>
      <trkpt lat="34.93341" lon="-118.92563">
        <ele>0</ele>
      </trkpt>
      <trkpt lat="34.93349" lon="-118.92568">
        <ele>0</ele>
      </trkpt>
      <trkpt lat="34.93356" lon="-118.92573">
        <ele>0</ele>
      </trkpt>
      <trkpt lat="34.93366" lon="-118.92579">
        <ele>0</ele>
      </trkpt>
      <trkpt lat="34.9341" lon="-118.92609">
        <ele>0</ele>
      </trkpt>
      <trkpt lat="34.9345" lon="-118.92638">
        <ele>0</ele>
      </trkpt>
      <trkpt lat="34.93517" lon="-118.92683">
        <ele>0</ele>
      </trkpt>
      <trkpt lat="34.93539" lon="-118.92699">
        <ele>0</ele>
      </trkpt>
      <trkpt lat="34.93559" lon="-118.92712">
        <ele>0</ele>
      </trkpt>
      <trkpt lat="34.93607" lon="-118.92746">
        <ele>0</ele>
      </trkpt>
      <trkpt lat="34.93618" lon="-118.92753">
        <ele>0</ele>
      </trkpt>
      <trkpt lat="34.93629" lon="-118.92761">
        <ele>0</ele>
      </trkpt>
      <trkpt lat="34.93647" lon="-118.92773">
        <ele>0</ele>
      </trkpt>
      <trkpt lat="34.93704" lon="-118.92814">
        <ele>0</ele>
      </trkpt>
      <trkpt lat="34.93722" lon="-118.92826">
        <ele>0</ele>
      </trkpt>
      <trkpt lat="34.9373" lon="-118.92832">
        <ele>0</ele>
      </trkpt>
      <trkpt lat="34.93739" lon="-118.92837">
        <ele>0</ele>
      </trkpt>
      <trkpt lat="34.93766" lon="-118.92855">
        <ele>0</ele>
      </trkpt>
      <trkpt lat="34.93776" lon="-118.92863">
        <ele>0</ele>
      </trkpt>
      <trkpt lat="34.93785" lon="-118.92869">
        <ele>0</ele>
      </trkpt>
      <trkpt lat="34.93787" lon="-118.9287">
        <ele>0</ele>
      </trkpt>
      <trkpt lat="34.93794" lon="-118.92875">
        <ele>0</ele>
      </trkpt>
      <trkpt lat="34.93798" lon="-118.92877">
        <ele>0</ele>
      </trkpt>
      <trkpt lat="34.93826" lon="-118.92897">
        <ele>0</ele>
      </trkpt>
      <trkpt lat="34.9383" lon="-118.92899">
        <ele>0</ele>
      </trkpt>
      <trkpt lat="34.93907" lon="-118.92952">
        <ele>0</ele>
      </trkpt>
      <trkpt lat="34.93916" lon="-118.92957">
        <ele>0</ele>
      </trkpt>
      <trkpt lat="34.93975" lon="-118.92998">
        <ele>0</ele>
      </trkpt>
      <trkpt lat="34.93976" lon="-118.92998">
        <ele>0</ele>
      </trkpt>
      <trkpt lat="34.94" lon="-118.93013">
        <ele>0</ele>
      </trkpt>
      <trkpt lat="34.94024" lon="-118.93027">
        <ele>0</ele>
      </trkpt>
      <trkpt lat="34.94037" lon="-118.93036">
        <ele>0</ele>
      </trkpt>
      <trkpt lat="34.94106" lon="-118.93072">
        <ele>0</ele>
      </trkpt>
      <trkpt lat="34.94109" lon="-118.93074">
        <ele>0</ele>
      </trkpt>
      <trkpt lat="34.94131" lon="-118.93084">
        <ele>0</ele>
      </trkpt>
      <trkpt lat="34.9415" lon="-118.93094">
        <ele>0</ele>
      </trkpt>
      <trkpt lat="34.94154" lon="-118.93095">
        <ele>0</ele>
      </trkpt>
      <trkpt lat="34.94188" lon="-118.9311">
        <ele>0</ele>
      </trkpt>
      <trkpt lat="34.94195" lon="-118.93112">
        <ele>0</ele>
      </trkpt>
      <trkpt lat="34.94206" lon="-118.93116">
        <ele>0</ele>
      </trkpt>
      <trkpt lat="34.94218" lon="-118.93121">
        <ele>0</ele>
      </trkpt>
      <trkpt lat="34.94253" lon="-118.93134">
        <ele>0</ele>
      </trkpt>
      <trkpt lat="34.9432" lon="-118.93155">
        <ele>0</ele>
      </trkpt>
      <trkpt lat="34.94333" lon="-118.9316">
        <ele>0</ele>
      </trkpt>
      <trkpt lat="34.94372" lon="-118.93172">
        <ele>0</ele>
      </trkpt>
      <trkpt lat="34.94375" lon="-118.93172">
        <ele>0</ele>
      </trkpt>
      <trkpt lat="34.94396" lon="-118.93179">
        <ele>0</ele>
      </trkpt>
      <trkpt lat="34.94398" lon="-118.9318">
        <ele>0</ele>
      </trkpt>
      <trkpt lat="34.94413" lon="-118.93184">
        <ele>0</ele>
      </trkpt>
      <trkpt lat="34.94421" lon="-118.93187">
        <ele>0</ele>
      </trkpt>
      <trkpt lat="34.94422" lon="-118.93187">
        <ele>0</ele>
      </trkpt>
      <trkpt lat="34.94424" lon="-118.93188">
        <ele>0</ele>
      </trkpt>
      <trkpt lat="34.94458" lon="-118.93199">
        <ele>0</ele>
      </trkpt>
      <trkpt lat="34.94464" lon="-118.932">
        <ele>0</ele>
      </trkpt>
      <trkpt lat="34.94481" lon="-118.93206">
        <ele>0</ele>
      </trkpt>
      <trkpt lat="34.94553" lon="-118.93228">
        <ele>0</ele>
      </trkpt>
      <trkpt lat="34.94563" lon="-118.93232">
        <ele>0</ele>
      </trkpt>
      <trkpt lat="34.94566" lon="-118.93232">
        <ele>0</ele>
      </trkpt>
      <trkpt lat="34.94567" lon="-118.93233">
        <ele>0</ele>
      </trkpt>
      <trkpt lat="34.9483" lon="-118.93316">
        <ele>0</ele>
      </trkpt>
      <trkpt lat="34.94842" lon="-118.93319">
        <ele>0</ele>
      </trkpt>
      <trkpt lat="34.94846" lon="-118.93321">
        <ele>0</ele>
      </trkpt>
      <trkpt lat="34.94974" lon="-118.93361">
        <ele>0</ele>
      </trkpt>
      <trkpt lat="34.94979" lon="-118.93363">
        <ele>0</ele>
      </trkpt>
      <trkpt lat="34.94983" lon="-118.93364">
        <ele>0</ele>
      </trkpt>
      <trkpt lat="34.9507" lon="-118.93392">
        <ele>0</ele>
      </trkpt>
      <trkpt lat="34.95102" lon="-118.93401">
        <ele>0</ele>
      </trkpt>
      <trkpt lat="34.95134" lon="-118.93412">
        <ele>0</ele>
      </trkpt>
      <trkpt lat="34.95181" lon="-118.93426">
        <ele>0</ele>
      </trkpt>
      <trkpt lat="34.95201" lon="-118.93433">
        <ele>0</ele>
      </trkpt>
      <trkpt lat="34.95251" lon="-118.93448">
        <ele>0</ele>
      </trkpt>
      <trkpt lat="34.95299" lon="-118.93464">
        <ele>0</ele>
      </trkpt>
      <trkpt lat="34.95613" lon="-118.93563">
        <ele>0</ele>
      </trkpt>
      <trkpt lat="34.95641" lon="-118.93571">
        <ele>0</ele>
      </trkpt>
      <trkpt lat="34.95807" lon="-118.93624">
        <ele>0</ele>
      </trkpt>
      <trkpt lat="34.95811" lon="-118.93625">
        <ele>0</ele>
      </trkpt>
      <trkpt lat="34.95819" lon="-118.93628">
        <ele>0</ele>
      </trkpt>
      <trkpt lat="34.96202" lon="-118.93749">
        <ele>0</ele>
      </trkpt>
      <trkpt lat="34.96211" lon="-118.93751">
        <ele>0</ele>
      </trkpt>
      <trkpt lat="34.96228" lon="-118.93757">
        <ele>0</ele>
      </trkpt>
      <trkpt lat="34.96229" lon="-118.93757">
        <ele>0</ele>
      </trkpt>
      <trkpt lat="34.96246" lon="-118.93763">
        <ele>0</ele>
      </trkpt>
      <trkpt lat="34.96595" lon="-118.93872">
        <ele>0</ele>
      </trkpt>
      <trkpt lat="34.96609" lon="-118.93877">
        <ele>0</ele>
      </trkpt>
      <trkpt lat="34.96647" lon="-118.93888">
        <ele>0</ele>
      </trkpt>
      <trkpt lat="34.96664" lon="-118.93894">
        <ele>0</ele>
      </trkpt>
      <trkpt lat="34.96789" lon="-118.9393">
        <ele>0</ele>
      </trkpt>
      <trkpt lat="34.96801" lon="-118.93933">
        <ele>0</ele>
      </trkpt>
      <trkpt lat="34.96877" lon="-118.93957">
        <ele>0</ele>
      </trkpt>
      <trkpt lat="34.96889" lon="-118.9396">
        <ele>0</ele>
      </trkpt>
      <trkpt lat="34.96902" lon="-118.93965">
        <ele>0</ele>
      </trkpt>
      <trkpt lat="34.96921" lon="-118.93971">
        <ele>0</ele>
      </trkpt>
      <trkpt lat="34.96966" lon="-118.93987">
        <ele>0</ele>
      </trkpt>
      <trkpt lat="34.97269" lon="-118.94085">
        <ele>0</ele>
      </trkpt>
      <trkpt lat="34.9728" lon="-118.94089">
        <ele>0</ele>
      </trkpt>
      <trkpt lat="34.97349" lon="-118.9411">
        <ele>0</ele>
      </trkpt>
      <trkpt lat="34.97375" lon="-118.94119">
        <ele>0</ele>
      </trkpt>
      <trkpt lat="34.97412" lon="-118.9413">
        <ele>0</ele>
      </trkpt>
      <trkpt lat="34.97806" lon="-118.94255">
        <ele>0</ele>
      </trkpt>
      <trkpt lat="34.97811" lon="-118.94256">
        <ele>0</ele>
      </trkpt>
      <trkpt lat="34.9784" lon="-118.94266">
        <ele>0</ele>
      </trkpt>
      <trkpt lat="34.97895" lon="-118.94283">
        <ele>0</ele>
      </trkpt>
      <trkpt lat="34.97896" lon="-118.94283">
        <ele>0</ele>
      </trkpt>
      <trkpt lat="34.9792" lon="-118.94291">
        <ele>0</ele>
      </trkpt>
      <trkpt lat="34.98005" lon="-118.94317">
        <ele>0</ele>
      </trkpt>
      <trkpt lat="34.98021" lon="-118.94323">
        <ele>0</ele>
      </trkpt>
      <trkpt lat="34.98072" lon="-118.94339">
        <ele>0</ele>
      </trkpt>
      <trkpt lat="34.98077" lon="-118.9434">
        <ele>0</ele>
      </trkpt>
      <trkpt lat="34.98341" lon="-118.94424">
        <ele>0</ele>
      </trkpt>
      <trkpt lat="34.98353" lon="-118.94427">
        <ele>0</ele>
      </trkpt>
      <trkpt lat="34.98366" lon="-118.94432">
        <ele>0</ele>
      </trkpt>
      <trkpt lat="34.98375" lon="-118.94434">
        <ele>0</ele>
      </trkpt>
      <trkpt lat="34.98404" lon="-118.94444">
        <ele>0</ele>
      </trkpt>
      <trkpt lat="34.98439" lon="-118.94455">
        <ele>0</ele>
      </trkpt>
      <trkpt lat="34.9844" lon="-118.94455">
        <ele>0</ele>
      </trkpt>
      <trkpt lat="34.98454" lon="-118.94459">
        <ele>0</ele>
      </trkpt>
      <trkpt lat="34.98592" lon="-118.94503">
        <ele>0</ele>
      </trkpt>
      <trkpt lat="34.98597" lon="-118.94504">
        <ele>0</ele>
      </trkpt>
      <trkpt lat="34.98627" lon="-118.94514">
        <ele>0</ele>
      </trkpt>
      <trkpt lat="34.98645" lon="-118.94519">
        <ele>0</ele>
      </trkpt>
      <trkpt lat="34.9878" lon="-118.94562">
        <ele>0</ele>
      </trkpt>
      <trkpt lat="34.98785" lon="-118.94564">
        <ele>0</ele>
      </trkpt>
      <trkpt lat="34.98787" lon="-118.94564">
        <ele>0</ele>
      </trkpt>
      <trkpt lat="34.98851" lon="-118.94585">
        <ele>0</ele>
      </trkpt>
      <trkpt lat="34.98863" lon="-118.94588">
        <ele>0</ele>
      </trkpt>
      <trkpt lat="34.98877" lon="-118.94593">
        <ele>0</ele>
      </trkpt>
      <trkpt lat="34.98886" lon="-118.94595">
        <ele>0</ele>
      </trkpt>
      <trkpt lat="34.98899" lon="-118.946">
        <ele>0</ele>
      </trkpt>
      <trkpt lat="34.98901" lon="-118.946">
        <ele>0</ele>
      </trkpt>
      <trkpt lat="34.98903" lon="-118.94601">
        <ele>0</ele>
      </trkpt>
      <trkpt lat="34.99068" lon="-118.94653">
        <ele>0</ele>
      </trkpt>
      <trkpt lat="34.99079" lon="-118.94656">
        <ele>0</ele>
      </trkpt>
      <trkpt lat="34.99119" lon="-118.94669">
        <ele>0</ele>
      </trkpt>
      <trkpt lat="34.99129" lon="-118.94673">
        <ele>0</ele>
      </trkpt>
      <trkpt lat="34.99163" lon="-118.94683">
        <ele>0</ele>
      </trkpt>
      <trkpt lat="34.99168" lon="-118.94685">
        <ele>0</ele>
      </trkpt>
      <trkpt lat="34.99269" lon="-118.94717">
        <ele>0</ele>
      </trkpt>
      <trkpt lat="34.99274" lon="-118.94718">
        <ele>0</ele>
      </trkpt>
      <trkpt lat="34.99281" lon="-118.94721">
        <ele>0</ele>
      </trkpt>
      <trkpt lat="34.99309" lon="-118.94729">
        <ele>0</ele>
      </trkpt>
      <trkpt lat="34.99396" lon="-118.94757">
        <ele>0</ele>
      </trkpt>
      <trkpt lat="34.9941" lon="-118.94761">
        <ele>0</ele>
      </trkpt>
      <trkpt lat="34.9943" lon="-118.94768">
        <ele>0</ele>
      </trkpt>
      <trkpt lat="34.99435" lon="-118.94769">
        <ele>0</ele>
      </trkpt>
      <trkpt lat="34.99498" lon="-118.94789">
        <ele>0</ele>
      </trkpt>
      <trkpt lat="34.995" lon="-118.9479">
        <ele>0</ele>
      </trkpt>
      <trkpt lat="34.99677" lon="-118.94845">
        <ele>0</ele>
      </trkpt>
      <trkpt lat="34.99688" lon="-118.94849">
        <ele>0</ele>
      </trkpt>
      <trkpt lat="34.99779" lon="-118.94877">
        <ele>0</ele>
      </trkpt>
      <trkpt lat="34.99789" lon="-118.94881">
        <ele>0</ele>
      </trkpt>
      <trkpt lat="34.99904" lon="-118.94917">
        <ele>0</ele>
      </trkpt>
      <trkpt lat="34.99915" lon="-118.9492">
        <ele>0</ele>
      </trkpt>
      <trkpt lat="34.99941" lon="-118.94929">
        <ele>0</ele>
      </trkpt>
      <trkpt lat="35.00196" lon="-118.95009">
        <ele>0</ele>
      </trkpt>
      <trkpt lat="35.00247" lon="-118.95026">
        <ele>0</ele>
      </trkpt>
      <trkpt lat="35.0049" lon="-118.95102">
        <ele>0</ele>
      </trkpt>
      <trkpt lat="35.00501" lon="-118.95106">
        <ele>0</ele>
      </trkpt>
      <trkpt lat="35.00645" lon="-118.95151">
        <ele>0</ele>
      </trkpt>
      <trkpt lat="35.00693" lon="-118.95168">
        <ele>0</ele>
      </trkpt>
      <trkpt lat="35.00813" lon="-118.95206">
        <ele>0</ele>
      </trkpt>
      <trkpt lat="35.00826" lon="-118.95209">
        <ele>0</ele>
      </trkpt>
      <trkpt lat="35.00928" lon="-118.9524">
        <ele>0</ele>
      </trkpt>
      <trkpt lat="35.01107" lon="-118.95297">
        <ele>0</ele>
      </trkpt>
      <trkpt lat="35.01115" lon="-118.95299">
        <ele>0</ele>
      </trkpt>
      <trkpt lat="35.01132" lon="-118.95305">
        <ele>0</ele>
      </trkpt>
      <trkpt lat="35.01278" lon="-118.95351">
        <ele>0</ele>
      </trkpt>
      <trkpt lat="35.01292" lon="-118.95356">
        <ele>0</ele>
      </trkpt>
      <trkpt lat="35.01306" lon="-118.9536">
        <ele>0</ele>
      </trkpt>
      <trkpt lat="35.01317" lon="-118.95364">
        <ele>0</ele>
      </trkpt>
      <trkpt lat="35.0133" lon="-118.95367">
        <ele>0</ele>
      </trkpt>
      <trkpt lat="35.01349" lon="-118.95373">
        <ele>0</ele>
      </trkpt>
      <trkpt lat="35.01356" lon="-118.95376">
        <ele>0</ele>
      </trkpt>
      <trkpt lat="35.01371" lon="-118.95381">
        <ele>0</ele>
      </trkpt>
      <trkpt lat="35.01395" lon="-118.9539">
        <ele>0</ele>
      </trkpt>
      <trkpt lat="35.0142" lon="-118.95397">
        <ele>0</ele>
      </trkpt>
      <trkpt lat="35.01523" lon="-118.9543">
        <ele>0</ele>
      </trkpt>
      <trkpt lat="35.01549" lon="-118.95439">
        <ele>0</ele>
      </trkpt>
      <trkpt lat="35.01702" lon="-118.95487">
        <ele>0</ele>
      </trkpt>
      <trkpt lat="35.01716" lon="-118.95492">
        <ele>0</ele>
      </trkpt>
      <trkpt lat="35.01747" lon="-118.95501">
        <ele>0</ele>
      </trkpt>
      <trkpt lat="35.0176" lon="-118.95506">
        <ele>0</ele>
      </trkpt>
      <trkpt lat="35.01784" lon="-118.95513">
        <ele>0</ele>
      </trkpt>
      <trkpt lat="35.01818" lon="-118.95524">
        <ele>0</ele>
      </trkpt>
      <trkpt lat="35.01829" lon="-118.95527">
        <ele>0</ele>
      </trkpt>
      <trkpt lat="35.01838" lon="-118.95531">
        <ele>0</ele>
      </trkpt>
      <trkpt lat="35.01875" lon="-118.95542">
        <ele>0</ele>
      </trkpt>
      <trkpt lat="35.02031" lon="-118.95592">
        <ele>0</ele>
      </trkpt>
      <trkpt lat="35.02058" lon="-118.956">
        <ele>0</ele>
      </trkpt>
      <trkpt lat="35.02107" lon="-118.95616">
        <ele>0</ele>
      </trkpt>
      <trkpt lat="35.02109" lon="-118.95617">
        <ele>0</ele>
      </trkpt>
      <trkpt lat="35.02134" lon="-118.95624">
        <ele>0</ele>
      </trkpt>
      <trkpt lat="35.02236" lon="-118.95656">
        <ele>0</ele>
      </trkpt>
      <trkpt lat="35.02259" lon="-118.95664">
        <ele>0</ele>
      </trkpt>
      <trkpt lat="35.02274" lon="-118.95668">
        <ele>0</ele>
      </trkpt>
      <trkpt lat="35.02325" lon="-118.95684">
        <ele>0</ele>
      </trkpt>
      <trkpt lat="35.02338" lon="-118.95689">
        <ele>0</ele>
      </trkpt>
      <trkpt lat="35.02389" lon="-118.95705">
        <ele>0</ele>
      </trkpt>
      <trkpt lat="35.02404" lon="-118.95709">
        <ele>0</ele>
      </trkpt>
      <trkpt lat="35.0243" lon="-118.95718">
        <ele>0</ele>
      </trkpt>
      <trkpt lat="35.02812" lon="-118.95838">
        <ele>0</ele>
      </trkpt>
      <trkpt lat="35.02863" lon="-118.95853">
        <ele>0</ele>
      </trkpt>
      <trkpt lat="35.02951" lon="-118.95881">
        <ele>0</ele>
      </trkpt>
      <trkpt lat="35.02976" lon="-118.9589">
        <ele>0</ele>
      </trkpt>
      <trkpt lat="35.03067" lon="-118.95918">
        <ele>0</ele>
      </trkpt>
      <trkpt lat="35.03072" lon="-118.9592">
        <ele>0</ele>
      </trkpt>
      <trkpt lat="35.0308" lon="-118.95922">
        <ele>0</ele>
      </trkpt>
      <trkpt lat="35.03091" lon="-118.95926">
        <ele>0</ele>
      </trkpt>
      <trkpt lat="35.03168" lon="-118.9595">
        <ele>0</ele>
      </trkpt>
      <trkpt lat="35.03176" lon="-118.95953">
        <ele>0</ele>
      </trkpt>
      <trkpt lat="35.03194" lon="-118.95958">
        <ele>0</ele>
      </trkpt>
      <trkpt lat="35.03347" lon="-118.96006">
        <ele>0</ele>
      </trkpt>
      <trkpt lat="35.03351" lon="-118.96007">
        <ele>0</ele>
      </trkpt>
      <trkpt lat="35.03537" lon="-118.96066">
        <ele>0</ele>
      </trkpt>
      <trkpt lat="35.0355" lon="-118.96071">
        <ele>0</ele>
      </trkpt>
      <trkpt lat="35.03576" lon="-118.96079">
        <ele>0</ele>
      </trkpt>
      <trkpt lat="35.03584" lon="-118.96081">
        <ele>0</ele>
      </trkpt>
      <trkpt lat="35.03588" lon="-118.96083">
        <ele>0</ele>
      </trkpt>
      <trkpt lat="35.03615" lon="-118.96091">
        <ele>0</ele>
      </trkpt>
      <trkpt lat="35.04049" lon="-118.9623">
        <ele>0</ele>
      </trkpt>
      <trkpt lat="35.04141" lon="-118.96257">
        <ele>0</ele>
      </trkpt>
      <trkpt lat="35.0415" lon="-118.96259">
        <ele>0</ele>
      </trkpt>
      <trkpt lat="35.04159" lon="-118.96262">
        <ele>0</ele>
      </trkpt>
      <trkpt lat="35.0437" lon="-118.96325">
        <ele>0</ele>
      </trkpt>
      <trkpt lat="35.04495" lon="-118.96368">
        <ele>0</ele>
      </trkpt>
      <trkpt lat="35.04585" lon="-118.96396">
        <ele>0</ele>
      </trkpt>
      <trkpt lat="35.04651" lon="-118.96418">
        <ele>0</ele>
      </trkpt>
      <trkpt lat="35.04725" lon="-118.96441">
        <ele>0</ele>
      </trkpt>
      <trkpt lat="35.04738" lon="-118.96446">
        <ele>0</ele>
      </trkpt>
      <trkpt lat="35.04878" lon="-118.9649">
        <ele>0</ele>
      </trkpt>
      <trkpt lat="35.0489" lon="-118.96495">
        <ele>0</ele>
      </trkpt>
      <trkpt lat="35.04953" lon="-118.96515">
        <ele>0</ele>
      </trkpt>
      <trkpt lat="35.04954" lon="-118.96515">
        <ele>0</ele>
      </trkpt>
      <trkpt lat="35.05005" lon="-118.96531">
        <ele>0</ele>
      </trkpt>
      <trkpt lat="35.05031" lon="-118.9654">
        <ele>0</ele>
      </trkpt>
      <trkpt lat="35.05095" lon="-118.9656">
        <ele>0</ele>
      </trkpt>
      <trkpt lat="35.05097" lon="-118.9656">
        <ele>0</ele>
      </trkpt>
      <trkpt lat="35.05132" lon="-118.96572">
        <ele>0</ele>
      </trkpt>
      <trkpt lat="35.05134" lon="-118.96572">
        <ele>0</ele>
      </trkpt>
      <trkpt lat="35.05215" lon="-118.96597">
        <ele>0</ele>
      </trkpt>
      <trkpt lat="35.05229" lon="-118.96602">
        <ele>0</ele>
      </trkpt>
      <trkpt lat="35.05298" lon="-118.96624">
        <ele>0</ele>
      </trkpt>
      <trkpt lat="35.05299" lon="-118.96624">
        <ele>0</ele>
      </trkpt>
      <trkpt lat="35.05543" lon="-118.967">
        <ele>0</ele>
      </trkpt>
      <trkpt lat="35.05569" lon="-118.96709">
        <ele>0</ele>
      </trkpt>
      <trkpt lat="35.05611" lon="-118.96722">
        <ele>0</ele>
      </trkpt>
      <trkpt lat="35.05618" lon="-118.96725">
        <ele>0</ele>
      </trkpt>
      <trkpt lat="35.05775" lon="-118.96774">
        <ele>0</ele>
      </trkpt>
      <trkpt lat="35.05777" lon="-118.96775">
        <ele>0</ele>
      </trkpt>
      <trkpt lat="35.05778" lon="-118.96775">
        <ele>0</ele>
      </trkpt>
      <trkpt lat="35.06077" lon="-118.9687">
        <ele>0</ele>
      </trkpt>
      <trkpt lat="35.06112" lon="-118.96882">
        <ele>0</ele>
      </trkpt>
      <trkpt lat="35.06229" lon="-118.96918">
        <ele>0</ele>
      </trkpt>
      <trkpt lat="35.06243" lon="-118.96923">
        <ele>0</ele>
      </trkpt>
      <trkpt lat="35.06252" lon="-118.96925">
        <ele>0</ele>
      </trkpt>
      <trkpt lat="35.06371" lon="-118.96963">
        <ele>0</ele>
      </trkpt>
      <trkpt lat="35.06376" lon="-118.96964">
        <ele>0</ele>
      </trkpt>
      <trkpt lat="35.06486" lon="-118.97">
        <ele>0</ele>
      </trkpt>
      <trkpt lat="35.06525" lon="-118.97011">
        <ele>0</ele>
      </trkpt>
      <trkpt lat="35.06755" lon="-118.97084">
        <ele>0</ele>
      </trkpt>
      <trkpt lat="35.06759" lon="-118.97085">
        <ele>0</ele>
      </trkpt>
      <trkpt lat="35.06767" lon="-118.97088">
        <ele>0</ele>
      </trkpt>
      <trkpt lat="35.06772" lon="-118.97089">
        <ele>0</ele>
      </trkpt>
      <trkpt lat="35.06971" lon="-118.97152">
        <ele>0</ele>
      </trkpt>
      <trkpt lat="35.06994" lon="-118.9716">
        <ele>0</ele>
      </trkpt>
      <trkpt lat="35.07085" lon="-118.97189">
        <ele>0</ele>
      </trkpt>
      <trkpt lat="35.071" lon="-118.97193">
        <ele>0</ele>
      </trkpt>
      <trkpt lat="35.07123" lon="-118.97201">
        <ele>0</ele>
      </trkpt>
      <trkpt lat="35.07148" lon="-118.97208">
        <ele>0</ele>
      </trkpt>
      <trkpt lat="35.07161" lon="-118.97213">
        <ele>0</ele>
      </trkpt>
      <trkpt lat="35.07182" lon="-118.97219">
        <ele>0</ele>
      </trkpt>
      <trkpt lat="35.07377" lon="-118.97281">
        <ele>0</ele>
      </trkpt>
      <trkpt lat="35.07391" lon="-118.97285">
        <ele>0</ele>
      </trkpt>
      <trkpt lat="35.07402" lon="-118.97289">
        <ele>0</ele>
      </trkpt>
      <trkpt lat="35.0743" lon="-118.97297">
        <ele>0</ele>
      </trkpt>
      <trkpt lat="35.07441" lon="-118.97301">
        <ele>0</ele>
      </trkpt>
      <trkpt lat="35.07468" lon="-118.97309">
        <ele>0</ele>
      </trkpt>
      <trkpt lat="35.07486" lon="-118.97315">
        <ele>0</ele>
      </trkpt>
      <trkpt lat="35.07491" lon="-118.97317">
        <ele>0</ele>
      </trkpt>
      <trkpt lat="35.07498" lon="-118.97319">
        <ele>0</ele>
      </trkpt>
      <trkpt lat="35.07506" lon="-118.97322">
        <ele>0</ele>
      </trkpt>
      <trkpt lat="35.07723" lon="-118.9739">
        <ele>0</ele>
      </trkpt>
      <trkpt lat="35.07758" lon="-118.97402">
        <ele>0</ele>
      </trkpt>
      <trkpt lat="35.07759" lon="-118.97402">
        <ele>0</ele>
      </trkpt>
      <trkpt lat="35.07773" lon="-118.97407">
        <ele>0</ele>
      </trkpt>
      <trkpt lat="35.07901" lon="-118.97447">
        <ele>0</ele>
      </trkpt>
      <trkpt lat="35.07927" lon="-118.97456">
        <ele>0</ele>
      </trkpt>
      <trkpt lat="35.08157" lon="-118.97528">
        <ele>0</ele>
      </trkpt>
      <trkpt lat="35.08181" lon="-118.97537">
        <ele>0</ele>
      </trkpt>
      <trkpt lat="35.08683" lon="-118.97695">
        <ele>0</ele>
      </trkpt>
      <trkpt lat="35.08687" lon="-118.97696">
        <ele>0</ele>
      </trkpt>
      <trkpt lat="35.08804" lon="-118.97733">
        <ele>0</ele>
      </trkpt>
      <trkpt lat="35.08812" lon="-118.97736">
        <ele>0</ele>
      </trkpt>
      <trkpt lat="35.08909" lon="-118.97766">
        <ele>0</ele>
      </trkpt>
      <trkpt lat="35.08914" lon="-118.97768">
        <ele>0</ele>
      </trkpt>
      <trkpt lat="35.09026" lon="-118.97802">
        <ele>0</ele>
      </trkpt>
      <trkpt lat="35.09271" lon="-118.9788">
        <ele>0</ele>
      </trkpt>
      <trkpt lat="35.09276" lon="-118.97881">
        <ele>0</ele>
      </trkpt>
      <trkpt lat="35.09376" lon="-118.97912">
        <ele>0</ele>
      </trkpt>
      <trkpt lat="35.0949" lon="-118.9795">
        <ele>0</ele>
      </trkpt>
      <trkpt lat="35.09884" lon="-118.98075">
        <ele>0</ele>
      </trkpt>
      <trkpt lat="35.09901" lon="-118.98081">
        <ele>0</ele>
      </trkpt>
      <trkpt lat="35.10267" lon="-118.98196">
        <ele>0</ele>
      </trkpt>
      <trkpt lat="35.10284" lon="-118.98202">
        <ele>0</ele>
      </trkpt>
      <trkpt lat="35.10598" lon="-118.98301">
        <ele>0</ele>
      </trkpt>
      <trkpt lat="35.10614" lon="-118.98307">
        <ele>0</ele>
      </trkpt>
      <trkpt lat="35.10615" lon="-118.98307">
        <ele>0</ele>
      </trkpt>
      <trkpt lat="35.10807" lon="-118.98367">
        <ele>0</ele>
      </trkpt>
      <trkpt lat="35.10818" lon="-118.98371">
        <ele>0</ele>
      </trkpt>
      <trkpt lat="35.11322" lon="-118.98531">
        <ele>0</ele>
      </trkpt>
      <trkpt lat="35.11346" lon="-118.98538">
        <ele>0</ele>
      </trkpt>
      <trkpt lat="35.12198" lon="-118.98808">
        <ele>0</ele>
      </trkpt>
      <trkpt lat="35.12206" lon="-118.98811">
        <ele>0</ele>
      </trkpt>
      <trkpt lat="35.12207" lon="-118.98811">
        <ele>0</ele>
      </trkpt>
      <trkpt lat="35.12215" lon="-118.98814">
        <ele>0</ele>
      </trkpt>
      <trkpt lat="35.12461" lon="-118.98892">
        <ele>0</ele>
      </trkpt>
      <trkpt lat="35.12465" lon="-118.98893">
        <ele>0</ele>
      </trkpt>
      <trkpt lat="35.13319" lon="-118.99164">
        <ele>0</ele>
      </trkpt>
      <trkpt lat="35.13321" lon="-118.99165">
        <ele>0</ele>
      </trkpt>
      <trkpt lat="35.13597" lon="-118.99252">
        <ele>0</ele>
      </trkpt>
      <trkpt lat="35.13608" lon="-118.99256">
        <ele>0</ele>
      </trkpt>
      <trkpt lat="35.14014" lon="-118.99384">
        <ele>0</ele>
      </trkpt>
      <trkpt lat="35.14025" lon="-118.99387">
        <ele>0</ele>
      </trkpt>
      <trkpt lat="35.14465" lon="-118.99525">
        <ele>0</ele>
      </trkpt>
      <trkpt lat="35.14505" lon="-118.99539">
        <ele>0</ele>
      </trkpt>
      <trkpt lat="35.15158" lon="-118.99745">
        <ele>0</ele>
      </trkpt>
      <trkpt lat="35.15293" lon="-118.99792">
        <ele>0</ele>
      </trkpt>
      <trkpt lat="35.15363" lon="-118.99814">
        <ele>0</ele>
      </trkpt>
      <trkpt lat="35.15401" lon="-118.99827">
        <ele>0</ele>
      </trkpt>
      <trkpt lat="35.15486" lon="-118.99854">
        <ele>0</ele>
      </trkpt>
      <trkpt lat="35.1553" lon="-118.99866">
        <ele>0</ele>
      </trkpt>
      <trkpt lat="35.15651" lon="-118.99906">
        <ele>0</ele>
      </trkpt>
      <trkpt lat="35.16811" lon="-119.00268">
        <ele>0</ele>
      </trkpt>
      <trkpt lat="35.16828" lon="-119.00274">
        <ele>0</ele>
      </trkpt>
      <trkpt lat="35.17258" lon="-119.0041">
        <ele>0</ele>
      </trkpt>
      <trkpt lat="35.17305" lon="-119.00424">
        <ele>0</ele>
      </trkpt>
      <trkpt lat="35.17306" lon="-119.00425">
        <ele>0</ele>
      </trkpt>
      <trkpt lat="35.17317" lon="-119.00429">
        <ele>0</ele>
      </trkpt>
      <trkpt lat="35.17422" lon="-119.00462">
        <ele>0</ele>
      </trkpt>
      <trkpt lat="35.17424" lon="-119.00463">
        <ele>0</ele>
      </trkpt>
      <trkpt lat="35.17457" lon="-119.00472">
        <ele>0</ele>
      </trkpt>
      <trkpt lat="35.17521" lon="-119.00487">
        <ele>0</ele>
      </trkpt>
      <trkpt lat="35.17536" lon="-119.0049">
        <ele>0</ele>
      </trkpt>
      <trkpt lat="35.17904" lon="-119.00549">
        <ele>0</ele>
      </trkpt>
      <trkpt lat="35.17927" lon="-119.00552">
        <ele>0</ele>
      </trkpt>
      <trkpt lat="35.19014" lon="-119.00725">
        <ele>0</ele>
      </trkpt>
      <trkpt lat="35.19031" lon="-119.00727">
        <ele>0</ele>
      </trkpt>
      <trkpt lat="35.20785" lon="-119.01005">
        <ele>0</ele>
      </trkpt>
      <trkpt lat="35.20792" lon="-119.01007">
        <ele>0</ele>
      </trkpt>
      <trkpt lat="35.20835" lon="-119.01013">
        <ele>0</ele>
      </trkpt>
      <trkpt lat="35.20838" lon="-119.01014">
        <ele>0</ele>
      </trkpt>
      <trkpt lat="35.20863" lon="-119.01017">
        <ele>0</ele>
      </trkpt>
      <trkpt lat="35.20886" lon="-119.01021">
        <ele>0</ele>
      </trkpt>
      <trkpt lat="35.20895" lon="-119.01022">
        <ele>0</ele>
      </trkpt>
      <trkpt lat="35.20962" lon="-119.01034">
        <ele>0</ele>
      </trkpt>
      <trkpt lat="35.21331" lon="-119.01092">
        <ele>0</ele>
      </trkpt>
      <trkpt lat="35.21346" lon="-119.01095">
        <ele>0</ele>
      </trkpt>
      <trkpt lat="35.21375" lon="-119.01099">
        <ele>0</ele>
      </trkpt>
      <trkpt lat="35.21581" lon="-119.01133">
        <ele>0</ele>
      </trkpt>
      <trkpt lat="35.21591" lon="-119.01134">
        <ele>0</ele>
      </trkpt>
      <trkpt lat="35.22134" lon="-119.0122">
        <ele>0</ele>
      </trkpt>
      <trkpt lat="35.22138" lon="-119.01221">
        <ele>0</ele>
      </trkpt>
      <trkpt lat="35.23222" lon="-119.01393">
        <ele>0</ele>
      </trkpt>
      <trkpt lat="35.23224" lon="-119.01393">
        <ele>0</ele>
      </trkpt>
      <trkpt lat="35.23338" lon="-119.01411">
        <ele>0</ele>
      </trkpt>
      <trkpt lat="35.23384" lon="-119.0142">
        <ele>0</ele>
      </trkpt>
      <trkpt lat="35.23409" lon="-119.01424">
        <ele>0</ele>
      </trkpt>
      <trkpt lat="35.23415" lon="-119.01426">
        <ele>0</ele>
      </trkpt>
      <trkpt lat="35.23447" lon="-119.01432">
        <ele>0</ele>
      </trkpt>
      <trkpt lat="35.2358" lon="-119.01465">
        <ele>0</ele>
      </trkpt>
      <trkpt lat="35.23589" lon="-119.01468">
        <ele>0</ele>
      </trkpt>
      <trkpt lat="35.23593" lon="-119.01469">
        <ele>0</ele>
      </trkpt>
      <trkpt lat="35.23599" lon="-119.0147">
        <ele>0</ele>
      </trkpt>
      <trkpt lat="35.23678" lon="-119.01491">
        <ele>0</ele>
      </trkpt>
      <trkpt lat="35.23685" lon="-119.01492">
        <ele>0</ele>
      </trkpt>
      <trkpt lat="35.23711" lon="-119.015">
        <ele>0</ele>
      </trkpt>
      <trkpt lat="35.23745" lon="-119.01509">
        <ele>0</ele>
      </trkpt>
      <trkpt lat="35.23792" lon="-119.0152">
        <ele>0</ele>
      </trkpt>
      <trkpt lat="35.23797" lon="-119.01522">
        <ele>0</ele>
      </trkpt>
      <trkpt lat="35.23819" lon="-119.01528">
        <ele>0</ele>
      </trkpt>
      <trkpt lat="35.23841" lon="-119.01533">
        <ele>0</ele>
      </trkpt>
      <trkpt lat="35.23847" lon="-119.01535">
        <ele>0</ele>
      </trkpt>
      <trkpt lat="35.23851" lon="-119.01536">
        <ele>0</ele>
      </trkpt>
      <trkpt lat="35.23857" lon="-119.01538">
        <ele>0</ele>
      </trkpt>
      <trkpt lat="35.23858" lon="-119.01538">
        <ele>0</ele>
      </trkpt>
      <trkpt lat="35.2387" lon="-119.01541">
        <ele>0</ele>
      </trkpt>
      <trkpt lat="35.23872" lon="-119.01541">
        <ele>0</ele>
      </trkpt>
      <trkpt lat="35.23892" lon="-119.01547">
        <ele>0</ele>
      </trkpt>
      <trkpt lat="35.2425" lon="-119.0164">
        <ele>0</ele>
      </trkpt>
      <trkpt lat="35.24255" lon="-119.01641">
        <ele>0</ele>
      </trkpt>
      <trkpt lat="35.24417" lon="-119.01683">
        <ele>0</ele>
      </trkpt>
      <trkpt lat="35.24423" lon="-119.01685">
        <ele>0</ele>
      </trkpt>
      <trkpt lat="35.24746" lon="-119.01771">
        <ele>0</ele>
      </trkpt>
      <trkpt lat="35.24943" lon="-119.01821">
        <ele>0</ele>
      </trkpt>
      <trkpt lat="35.25046" lon="-119.01849">
        <ele>0</ele>
      </trkpt>
      <trkpt lat="35.25051" lon="-119.01851">
        <ele>0</ele>
      </trkpt>
      <trkpt lat="35.25206" lon="-119.01891">
        <ele>0</ele>
      </trkpt>
      <trkpt lat="35.25241" lon="-119.01901">
        <ele>0</ele>
      </trkpt>
      <trkpt lat="35.25263" lon="-119.01906">
        <ele>0</ele>
      </trkpt>
      <trkpt lat="35.25343" lon="-119.01928">
        <ele>0</ele>
      </trkpt>
      <trkpt lat="35.25558" lon="-119.01982">
        <ele>0</ele>
      </trkpt>
      <trkpt lat="35.25606" lon="-119.01996">
        <ele>0</ele>
      </trkpt>
      <trkpt lat="35.25671" lon="-119.02013">
        <ele>0</ele>
      </trkpt>
      <trkpt lat="35.25698" lon="-119.02019">
        <ele>0</ele>
      </trkpt>
      <trkpt lat="35.25715" lon="-119.02024">
        <ele>0</ele>
      </trkpt>
      <trkpt lat="35.25726" lon="-119.02026">
        <ele>0</ele>
      </trkpt>
      <trkpt lat="35.25728" lon="-119.02027">
        <ele>0</ele>
      </trkpt>
      <trkpt lat="35.25744" lon="-119.02031">
        <ele>0</ele>
      </trkpt>
      <trkpt lat="35.25746" lon="-119.02032">
        <ele>0</ele>
      </trkpt>
      <trkpt lat="35.25968" lon="-119.02089">
        <ele>0</ele>
      </trkpt>
      <trkpt lat="35.25985" lon="-119.02094">
        <ele>0</ele>
      </trkpt>
      <trkpt lat="35.26162" lon="-119.0214">
        <ele>0</ele>
      </trkpt>
      <trkpt lat="35.26216" lon="-119.02156">
        <ele>0</ele>
      </trkpt>
      <trkpt lat="35.26821" lon="-119.02314">
        <ele>0</ele>
      </trkpt>
      <trkpt lat="35.26852" lon="-119.02323">
        <ele>0</ele>
      </trkpt>
      <trkpt lat="35.26997" lon="-119.02361">
        <ele>0</ele>
      </trkpt>
      <trkpt lat="35.27003" lon="-119.02362">
        <ele>0</ele>
      </trkpt>
      <trkpt lat="35.27038" lon="-119.02372">
        <ele>0</ele>
      </trkpt>
      <trkpt lat="35.27171" lon="-119.02407">
        <ele>0</ele>
      </trkpt>
      <trkpt lat="35.27181" lon="-119.02409">
        <ele>0</ele>
      </trkpt>
      <trkpt lat="35.27649" lon="-119.02531">
        <ele>0</ele>
      </trkpt>
      <trkpt lat="35.27679" lon="-119.02538">
        <ele>0</ele>
      </trkpt>
      <trkpt lat="35.2771" lon="-119.02547">
        <ele>0</ele>
      </trkpt>
      <trkpt lat="35.27796" lon="-119.02569">
        <ele>0</ele>
      </trkpt>
      <trkpt lat="35.27842" lon="-119.02582">
        <ele>0</ele>
      </trkpt>
      <trkpt lat="35.27921" lon="-119.02602">
        <ele>0</ele>
      </trkpt>
      <trkpt lat="35.27956" lon="-119.02612">
        <ele>0</ele>
      </trkpt>
      <trkpt lat="35.27974" lon="-119.02616">
        <ele>0</ele>
      </trkpt>
      <trkpt lat="35.27991" lon="-119.02621">
        <ele>0</ele>
      </trkpt>
      <trkpt lat="35.28084" lon="-119.02645">
        <ele>0</ele>
      </trkpt>
      <trkpt lat="35.28148" lon="-119.02663">
        <ele>0</ele>
      </trkpt>
      <trkpt lat="35.28292" lon="-119.02698">
        <ele>0</ele>
      </trkpt>
      <trkpt lat="35.28367" lon="-119.02719">
        <ele>0</ele>
      </trkpt>
      <trkpt lat="35.28735" lon="-119.02814">
        <ele>0</ele>
      </trkpt>
      <trkpt lat="35.28736" lon="-119.02814">
        <ele>0</ele>
      </trkpt>
      <trkpt lat="35.29073" lon="-119.02904">
        <ele>0</ele>
      </trkpt>
      <trkpt lat="35.29127" lon="-119.02917">
        <ele>0</ele>
      </trkpt>
      <trkpt lat="35.29639" lon="-119.03052">
        <ele>0</ele>
      </trkpt>
      <trkpt lat="35.29653" lon="-119.03055">
        <ele>0</ele>
      </trkpt>
      <trkpt lat="35.29844" lon="-119.03105">
        <ele>0</ele>
      </trkpt>
      <trkpt lat="35.29862" lon="-119.03109">
        <ele>0</ele>
      </trkpt>
      <trkpt lat="35.30139" lon="-119.03182">
        <ele>0</ele>
      </trkpt>
      <trkpt lat="35.30141" lon="-119.03183">
        <ele>0</ele>
      </trkpt>
      <trkpt lat="35.30573" lon="-119.03295">
        <ele>0</ele>
      </trkpt>
      <trkpt lat="35.306" lon="-119.03303">
        <ele>0</ele>
      </trkpt>
      <trkpt lat="35.30643" lon="-119.03314">
        <ele>0</ele>
      </trkpt>
      <trkpt lat="35.30649" lon="-119.03316">
        <ele>0</ele>
      </trkpt>
      <trkpt lat="35.30893" lon="-119.03379">
        <ele>0</ele>
      </trkpt>
      <trkpt lat="35.30931" lon="-119.0339">
        <ele>0</ele>
      </trkpt>
      <trkpt lat="35.31195" lon="-119.03458">
        <ele>0</ele>
      </trkpt>
      <trkpt lat="35.31218" lon="-119.03465">
        <ele>0</ele>
      </trkpt>
      <trkpt lat="35.31319" lon="-119.03491">
        <ele>0</ele>
      </trkpt>
      <trkpt lat="35.3132" lon="-119.03491">
        <ele>0</ele>
      </trkpt>
      <trkpt lat="35.31598" lon="-119.03564">
        <ele>0</ele>
      </trkpt>
      <trkpt lat="35.31599" lon="-119.03564">
        <ele>0</ele>
      </trkpt>
      <trkpt lat="35.31636" lon="-119.03573">
        <ele>0</ele>
      </trkpt>
      <trkpt lat="35.31722" lon="-119.03597">
        <ele>0</ele>
      </trkpt>
      <trkpt lat="35.31752" lon="-119.03604">
        <ele>0</ele>
      </trkpt>
      <trkpt lat="35.31791" lon="-119.03615">
        <ele>0</ele>
      </trkpt>
      <trkpt lat="35.31833" lon="-119.03625">
        <ele>0</ele>
      </trkpt>
      <trkpt lat="35.31833" lon="-119.03626">
        <ele>0</ele>
      </trkpt>
      <trkpt lat="35.31851" lon="-119.0363">
        <ele>0</ele>
      </trkpt>
      <trkpt lat="35.31952" lon="-119.03657">
        <ele>0</ele>
      </trkpt>
      <trkpt lat="35.31966" lon="-119.0366">
        <ele>0</ele>
      </trkpt>
      <trkpt lat="35.31979" lon="-119.03664">
        <ele>0</ele>
      </trkpt>
      <trkpt lat="35.32016" lon="-119.03673">
        <ele>0</ele>
      </trkpt>
      <trkpt lat="35.32029" lon="-119.03677">
        <ele>0</ele>
      </trkpt>
      <trkpt lat="35.32118" lon="-119.037">
        <ele>0</ele>
      </trkpt>
      <trkpt lat="35.32124" lon="-119.03702">
        <ele>0</ele>
      </trkpt>
      <trkpt lat="35.32181" lon="-119.03716">
        <ele>0</ele>
      </trkpt>
      <trkpt lat="35.32219" lon="-119.03727">
        <ele>0</ele>
      </trkpt>
      <trkpt lat="35.32221" lon="-119.03727">
        <ele>0</ele>
      </trkpt>
      <trkpt lat="35.32223" lon="-119.03728">
        <ele>0</ele>
      </trkpt>
      <trkpt lat="35.32347" lon="-119.0376">
        <ele>0</ele>
      </trkpt>
      <trkpt lat="35.3235" lon="-119.03761">
        <ele>0</ele>
      </trkpt>
      <trkpt lat="35.32371" lon="-119.03766">
        <ele>0</ele>
      </trkpt>
      <trkpt lat="35.32384" lon="-119.0377">
        <ele>0</ele>
      </trkpt>
      <trkpt lat="35.32459" lon="-119.03789">
        <ele>0</ele>
      </trkpt>
      <trkpt lat="35.32483" lon="-119.03796">
        <ele>0</ele>
      </trkpt>
      <trkpt lat="35.32497" lon="-119.03799">
        <ele>0</ele>
      </trkpt>
      <trkpt lat="35.3251" lon="-119.03803">
        <ele>0</ele>
      </trkpt>
      <trkpt lat="35.32524" lon="-119.03806">
        <ele>0</ele>
      </trkpt>
      <trkpt lat="35.32536" lon="-119.0381">
        <ele>0</ele>
      </trkpt>
      <trkpt lat="35.32562" lon="-119.03816">
        <ele>0</ele>
      </trkpt>
      <trkpt lat="35.32574" lon="-119.0382">
        <ele>0</ele>
      </trkpt>
      <trkpt lat="35.326" lon="-119.03826">
        <ele>0</ele>
      </trkpt>
      <trkpt lat="35.32647" lon="-119.03839">
        <ele>0</ele>
      </trkpt>
      <trkpt lat="35.32707" lon="-119.03854">
        <ele>0</ele>
      </trkpt>
      <trkpt lat="35.32724" lon="-119.03859">
        <ele>0</ele>
      </trkpt>
      <trkpt lat="35.3284" lon="-119.03889">
        <ele>0</ele>
      </trkpt>
      <trkpt lat="35.32852" lon="-119.03893">
        <ele>0</ele>
      </trkpt>
      <trkpt lat="35.32874" lon="-119.03898">
        <ele>0</ele>
      </trkpt>
      <trkpt lat="35.32887" lon="-119.03902">
        <ele>0</ele>
      </trkpt>
      <trkpt lat="35.32901" lon="-119.03905">
        <ele>0</ele>
      </trkpt>
      <trkpt lat="35.32915" lon="-119.03909">
        <ele>0</ele>
      </trkpt>
      <trkpt lat="35.3292" lon="-119.0391">
        <ele>0</ele>
      </trkpt>
      <trkpt lat="35.32937" lon="-119.03915">
        <ele>0</ele>
      </trkpt>
      <trkpt lat="35.32978" lon="-119.03925">
        <ele>0</ele>
      </trkpt>
      <trkpt lat="35.3299" lon="-119.03927">
        <ele>0</ele>
      </trkpt>
      <trkpt lat="35.33028" lon="-119.03935">
        <ele>0</ele>
      </trkpt>
      <trkpt lat="35.33041" lon="-119.03937">
        <ele>0</ele>
      </trkpt>
      <trkpt lat="35.33044" lon="-119.03937">
        <ele>0</ele>
      </trkpt>
      <trkpt lat="35.33068" lon="-119.03941">
        <ele>0</ele>
      </trkpt>
      <trkpt lat="35.33079" lon="-119.03942">
        <ele>0</ele>
      </trkpt>
      <trkpt lat="35.33081" lon="-119.03942">
        <ele>0</ele>
      </trkpt>
      <trkpt lat="35.33092" lon="-119.03944">
        <ele>0</ele>
      </trkpt>
      <trkpt lat="35.33145" lon="-119.03949">
        <ele>0</ele>
      </trkpt>
      <trkpt lat="35.33183" lon="-119.03951">
        <ele>0</ele>
      </trkpt>
      <trkpt lat="35.33198" lon="-119.03951">
        <ele>0</ele>
      </trkpt>
      <trkpt lat="35.33205" lon="-119.03952">
        <ele>0</ele>
      </trkpt>
      <trkpt lat="35.3325" lon="-119.03952">
        <ele>0</ele>
      </trkpt>
      <trkpt lat="35.33264" lon="-119.03951">
        <ele>0</ele>
      </trkpt>
      <trkpt lat="35.33565" lon="-119.0395">
        <ele>0</ele>
      </trkpt>
      <trkpt lat="35.33592" lon="-119.03949">
        <ele>0</ele>
      </trkpt>
      <trkpt lat="35.34038" lon="-119.03946">
        <ele>0</ele>
      </trkpt>
      <trkpt lat="35.34048" lon="-119.03945">
        <ele>0</ele>
      </trkpt>
      <trkpt lat="35.34096" lon="-119.03946">
        <ele>0</ele>
      </trkpt>
      <trkpt lat="35.3411" lon="-119.03945">
        <ele>0</ele>
      </trkpt>
      <trkpt lat="35.34201" lon="-119.03945">
        <ele>0</ele>
      </trkpt>
      <trkpt lat="35.34228" lon="-119.03944">
        <ele>0</ele>
      </trkpt>
      <trkpt lat="35.34236" lon="-119.03945">
        <ele>0</ele>
      </trkpt>
      <trkpt lat="35.34339" lon="-119.03947">
        <ele>0</ele>
      </trkpt>
      <trkpt lat="35.34368" lon="-119.03946">
        <ele>0</ele>
      </trkpt>
      <trkpt lat="35.34435" lon="-119.03946">
        <ele>0</ele>
      </trkpt>
      <trkpt lat="35.34444" lon="-119.03945">
        <ele>0</ele>
      </trkpt>
      <trkpt lat="35.34663" lon="-119.03944">
        <ele>0</ele>
      </trkpt>
      <trkpt lat="35.34811" lon="-119.03947">
        <ele>0</ele>
      </trkpt>
      <trkpt lat="35.35082" lon="-119.03944">
        <ele>0</ele>
      </trkpt>
      <trkpt lat="35.35093" lon="-119.03943">
        <ele>0</ele>
      </trkpt>
      <trkpt lat="35.35157" lon="-119.03943">
        <ele>0</ele>
      </trkpt>
      <trkpt lat="35.35206" lon="-119.03941">
        <ele>0</ele>
      </trkpt>
      <trkpt lat="35.35262" lon="-119.0394">
        <ele>0</ele>
      </trkpt>
      <trkpt lat="35.35386" lon="-119.0394">
        <ele>0</ele>
      </trkpt>
      <trkpt lat="35.35407" lon="-119.03941">
        <ele>0</ele>
      </trkpt>
      <trkpt lat="35.35414" lon="-119.0394">
        <ele>0</ele>
      </trkpt>
      <trkpt lat="35.3566" lon="-119.03939">
        <ele>0</ele>
      </trkpt>
      <trkpt lat="35.35666" lon="-119.03938">
        <ele>0</ele>
      </trkpt>
      <trkpt lat="35.3582" lon="-119.03938">
        <ele>0</ele>
      </trkpt>
      <trkpt lat="35.3586" lon="-119.03937">
        <ele>0</ele>
      </trkpt>
      <trkpt lat="35.36078" lon="-119.03937">
        <ele>0</ele>
      </trkpt>
      <trkpt lat="35.36129" lon="-119.03939">
        <ele>0</ele>
      </trkpt>
      <trkpt lat="35.36156" lon="-119.03941">
        <ele>0</ele>
      </trkpt>
      <trkpt lat="35.36208" lon="-119.03947">
        <ele>0</ele>
      </trkpt>
      <trkpt lat="35.36251" lon="-119.03954">
        <ele>0</ele>
      </trkpt>
      <trkpt lat="35.36254" lon="-119.03954">
        <ele>0</ele>
      </trkpt>
      <trkpt lat="35.36286" lon="-119.03961">
        <ele>0</ele>
      </trkpt>
      <trkpt lat="35.363" lon="-119.03963">
        <ele>0</ele>
      </trkpt>
      <trkpt lat="35.36382" lon="-119.03984">
        <ele>0</ele>
      </trkpt>
      <trkpt lat="35.36417" lon="-119.03996">
        <ele>0</ele>
      </trkpt>
      <trkpt lat="35.36426" lon="-119.03998">
        <ele>0</ele>
      </trkpt>
      <trkpt lat="35.36468" lon="-119.04014">
        <ele>0</ele>
      </trkpt>
      <trkpt lat="35.3647" lon="-119.04015">
        <ele>0</ele>
      </trkpt>
      <trkpt lat="35.3648" lon="-119.04018">
        <ele>0</ele>
      </trkpt>
      <trkpt lat="35.36524" lon="-119.04036">
        <ele>0</ele>
      </trkpt>
      <trkpt lat="35.36623" lon="-119.0408">
        <ele>0</ele>
      </trkpt>
      <trkpt lat="35.36634" lon="-119.04084">
        <ele>0</ele>
      </trkpt>
      <trkpt lat="35.36685" lon="-119.04107">
        <ele>0</ele>
      </trkpt>
      <trkpt lat="35.36696" lon="-119.04111">
        <ele>0</ele>
      </trkpt>
      <trkpt lat="35.36719" lon="-119.04122">
        <ele>0</ele>
      </trkpt>
      <trkpt lat="35.36801" lon="-119.04157">
        <ele>0</ele>
      </trkpt>
      <trkpt lat="35.36856" lon="-119.04182">
        <ele>0</ele>
      </trkpt>
      <trkpt lat="35.36876" lon="-119.0419">
        <ele>0</ele>
      </trkpt>
      <trkpt lat="35.37058" lon="-119.0427">
        <ele>0</ele>
      </trkpt>
      <trkpt lat="35.37066" lon="-119.04273">
        <ele>0</ele>
      </trkpt>
      <trkpt lat="35.37227" lon="-119.04344">
        <ele>0</ele>
      </trkpt>
      <trkpt lat="35.37247" lon="-119.04352">
        <ele>0</ele>
      </trkpt>
      <trkpt lat="35.37253" lon="-119.04354">
        <ele>0</ele>
      </trkpt>
      <trkpt lat="35.37273" lon="-119.04362">
        <ele>0</ele>
      </trkpt>
      <trkpt lat="35.37287" lon="-119.04366">
        <ele>0</ele>
      </trkpt>
      <trkpt lat="35.37294" lon="-119.04369">
        <ele>0</ele>
      </trkpt>
      <trkpt lat="35.37327" lon="-119.0438">
        <ele>0</ele>
      </trkpt>
      <trkpt lat="35.37388" lon="-119.04397">
        <ele>0</ele>
      </trkpt>
      <trkpt lat="35.37449" lon="-119.0441">
        <ele>0</ele>
      </trkpt>
      <trkpt lat="35.3752" lon="-119.04421">
        <ele>0</ele>
      </trkpt>
      <trkpt lat="35.37521" lon="-119.04421">
        <ele>0</ele>
      </trkpt>
      <trkpt lat="35.37574" lon="-119.04427">
        <ele>0</ele>
      </trkpt>
      <trkpt lat="35.37601" lon="-119.04428">
        <ele>0</ele>
      </trkpt>
      <trkpt lat="35.37613" lon="-119.04429">
        <ele>0</ele>
      </trkpt>
      <trkpt lat="35.3764" lon="-119.0443">
        <ele>0</ele>
      </trkpt>
      <trkpt lat="35.37671" lon="-119.0443">
        <ele>0</ele>
      </trkpt>
      <trkpt lat="35.37707" lon="-119.04431">
        <ele>0</ele>
      </trkpt>
      <trkpt lat="35.3776" lon="-119.04431">
        <ele>0</ele>
      </trkpt>
      <trkpt lat="35.37797" lon="-119.04432">
        <ele>0</ele>
      </trkpt>
      <trkpt lat="35.37861" lon="-119.04432">
        <ele>0</ele>
      </trkpt>
      <trkpt lat="35.37886" lon="-119.04433">
        <ele>0</ele>
      </trkpt>
      <trkpt lat="35.38281" lon="-119.04437">
        <ele>0</ele>
      </trkpt>
      <trkpt lat="35.38297" lon="-119.04438">
        <ele>0</ele>
      </trkpt>
      <trkpt lat="35.39004" lon="-119.04445">
        <ele>0</ele>
      </trkpt>
      <trkpt lat="35.39023" lon="-119.04446">
        <ele>0</ele>
      </trkpt>
      <trkpt lat="35.39166" lon="-119.04447">
        <ele>0</ele>
      </trkpt>
      <trkpt lat="35.39185" lon="-119.04448">
        <ele>0</ele>
      </trkpt>
      <trkpt lat="35.39238" lon="-119.04448">
        <ele>0</ele>
      </trkpt>
      <trkpt lat="35.3929" lon="-119.0445">
        <ele>0</ele>
      </trkpt>
      <trkpt lat="35.393" lon="-119.0445">
        <ele>0</ele>
      </trkpt>
      <trkpt lat="35.39344" lon="-119.04452">
        <ele>0</ele>
      </trkpt>
      <trkpt lat="35.39364" lon="-119.04452">
        <ele>0</ele>
      </trkpt>
      <trkpt lat="35.39504" lon="-119.04456">
        <ele>0</ele>
      </trkpt>
      <trkpt lat="35.39514" lon="-119.04457">
        <ele>0</ele>
      </trkpt>
      <trkpt lat="35.39701" lon="-119.04463">
        <ele>0</ele>
      </trkpt>
      <trkpt lat="35.39714" lon="-119.04464">
        <ele>0</ele>
      </trkpt>
      <trkpt lat="35.39739" lon="-119.04464">
        <ele>0</ele>
      </trkpt>
      <trkpt lat="35.39795" lon="-119.04466">
        <ele>0</ele>
      </trkpt>
      <trkpt lat="35.39807" lon="-119.04467">
        <ele>0</ele>
      </trkpt>
      <trkpt lat="35.39825" lon="-119.04467">
        <ele>0</ele>
      </trkpt>
      <trkpt lat="35.39836" lon="-119.04468">
        <ele>0</ele>
      </trkpt>
      <trkpt lat="35.39863" lon="-119.04469">
        <ele>0</ele>
      </trkpt>
      <trkpt lat="35.39887" lon="-119.04469">
        <ele>0</ele>
      </trkpt>
      <trkpt lat="35.3992" lon="-119.04471">
        <ele>0</ele>
      </trkpt>
      <trkpt lat="35.39933" lon="-119.04471">
        <ele>0</ele>
      </trkpt>
      <trkpt lat="35.39944" lon="-119.04472">
        <ele>0</ele>
      </trkpt>
      <trkpt lat="35.39988" lon="-119.04473">
        <ele>0</ele>
      </trkpt>
      <trkpt lat="35.40001" lon="-119.04474">
        <ele>0</ele>
      </trkpt>
      <trkpt lat="35.40015" lon="-119.04474">
        <ele>0</ele>
      </trkpt>
      <trkpt lat="35.40043" lon="-119.04476">
        <ele>0</ele>
      </trkpt>
      <trkpt lat="35.4011" lon="-119.04485">
        <ele>0</ele>
      </trkpt>
      <trkpt lat="35.40113" lon="-119.04486">
        <ele>0</ele>
      </trkpt>
      <trkpt lat="35.40125" lon="-119.04488">
        <ele>0</ele>
      </trkpt>
      <trkpt lat="35.40127" lon="-119.04489">
        <ele>0</ele>
      </trkpt>
      <trkpt lat="35.40136" lon="-119.0449">
        <ele>0</ele>
      </trkpt>
      <trkpt lat="35.40146" lon="-119.04493">
        <ele>0</ele>
      </trkpt>
      <trkpt lat="35.40164" lon="-119.04497">
        <ele>0</ele>
      </trkpt>
      <trkpt lat="35.40183" lon="-119.04502">
        <ele>0</ele>
      </trkpt>
      <trkpt lat="35.40203" lon="-119.04508">
        <ele>0</ele>
      </trkpt>
      <trkpt lat="35.40238" lon="-119.0452">
        <ele>0</ele>
      </trkpt>
      <trkpt lat="35.40248" lon="-119.04523">
        <ele>0</ele>
      </trkpt>
      <trkpt lat="35.40284" lon="-119.04538">
        <ele>0</ele>
      </trkpt>
      <trkpt lat="35.40331" lon="-119.0456">
        <ele>0</ele>
      </trkpt>
      <trkpt lat="35.40376" lon="-119.04584">
        <ele>0</ele>
      </trkpt>
      <trkpt lat="35.40384" lon="-119.04589">
        <ele>0</ele>
      </trkpt>
      <trkpt lat="35.40386" lon="-119.0459">
        <ele>0</ele>
      </trkpt>
      <trkpt lat="35.40429" lon="-119.04618">
        <ele>0</ele>
      </trkpt>
      <trkpt lat="35.40456" lon="-119.04637">
        <ele>0</ele>
      </trkpt>
      <trkpt lat="35.40482" lon="-119.04658">
        <ele>0</ele>
      </trkpt>
      <trkpt lat="35.40521" lon="-119.04694">
        <ele>0</ele>
      </trkpt>
      <trkpt lat="35.40531" lon="-119.04704">
        <ele>0</ele>
      </trkpt>
      <trkpt lat="35.40542" lon="-119.04714">
        <ele>0</ele>
      </trkpt>
      <trkpt lat="35.40551" lon="-119.04724">
        <ele>0</ele>
      </trkpt>
      <trkpt lat="35.4056" lon="-119.04733">
        <ele>0</ele>
      </trkpt>
      <trkpt lat="35.4057" lon="-119.04744">
        <ele>0</ele>
      </trkpt>
      <trkpt lat="35.40585" lon="-119.04759">
        <ele>0</ele>
      </trkpt>
      <trkpt lat="35.40629" lon="-119.04809">
        <ele>0</ele>
      </trkpt>
      <trkpt lat="35.40657" lon="-119.04839">
        <ele>0</ele>
      </trkpt>
      <trkpt lat="35.40669" lon="-119.04853">
        <ele>0</ele>
      </trkpt>
      <trkpt lat="35.40694" lon="-119.04879">
        <ele>0</ele>
      </trkpt>
      <trkpt lat="35.40696" lon="-119.04882">
        <ele>0</ele>
      </trkpt>
      <trkpt lat="35.40715" lon="-119.04902">
        <ele>0</ele>
      </trkpt>
      <trkpt lat="35.40837" lon="-119.05037">
        <ele>0</ele>
      </trkpt>
      <trkpt lat="35.40849" lon="-119.05049">
        <ele>0</ele>
      </trkpt>
      <trkpt lat="35.4095" lon="-119.05161">
        <ele>0</ele>
      </trkpt>
      <trkpt lat="35.41184" lon="-119.05427">
        <ele>0</ele>
      </trkpt>
      <trkpt lat="35.41215" lon="-119.05461">
        <ele>0</ele>
      </trkpt>
      <trkpt lat="35.41219" lon="-119.05466">
        <ele>0</ele>
      </trkpt>
      <trkpt lat="35.4134" lon="-119.05603">
        <ele>0</ele>
      </trkpt>
      <trkpt lat="35.41349" lon="-119.05614">
        <ele>0</ele>
      </trkpt>
      <trkpt lat="35.41423" lon="-119.05698">
        <ele>0</ele>
      </trkpt>
      <trkpt lat="35.4143" lon="-119.05705">
        <ele>0</ele>
      </trkpt>
      <trkpt lat="35.41529" lon="-119.05815">
        <ele>0</ele>
      </trkpt>
      <trkpt lat="35.41539" lon="-119.05825">
        <ele>0</ele>
      </trkpt>
      <trkpt lat="35.41578" lon="-119.0586">
        <ele>0</ele>
      </trkpt>
      <trkpt lat="35.41603" lon="-119.05881">
        <ele>0</ele>
      </trkpt>
      <trkpt lat="35.41623" lon="-119.05896">
        <ele>0</ele>
      </trkpt>
      <trkpt lat="35.41645" lon="-119.05911">
        <ele>0</ele>
      </trkpt>
      <trkpt lat="35.41653" lon="-119.05917">
        <ele>0</ele>
      </trkpt>
      <trkpt lat="35.41686" lon="-119.05936">
        <ele>0</ele>
      </trkpt>
      <trkpt lat="35.41692" lon="-119.05939">
        <ele>0</ele>
      </trkpt>
      <trkpt lat="35.41702" lon="-119.05945">
        <ele>0</ele>
      </trkpt>
      <trkpt lat="35.41758" lon="-119.05974">
        <ele>0</ele>
      </trkpt>
      <trkpt lat="35.41791" lon="-119.05988">
        <ele>0</ele>
      </trkpt>
      <trkpt lat="35.41825" lon="-119.06001">
        <ele>0</ele>
      </trkpt>
      <trkpt lat="35.41827" lon="-119.06001">
        <ele>0</ele>
      </trkpt>
      <trkpt lat="35.41848" lon="-119.06008">
        <ele>0</ele>
      </trkpt>
      <trkpt lat="35.41864" lon="-119.06012">
        <ele>0</ele>
      </trkpt>
      <trkpt lat="35.41884" lon="-119.06018">
        <ele>0</ele>
      </trkpt>
      <trkpt lat="35.4196" lon="-119.06038">
        <ele>0</ele>
      </trkpt>
      <trkpt lat="35.41966" lon="-119.0604">
        <ele>0</ele>
      </trkpt>
      <trkpt lat="35.42176" lon="-119.06096">
        <ele>0</ele>
      </trkpt>
      <trkpt lat="35.42218" lon="-119.06111">
        <ele>0</ele>
      </trkpt>
      <trkpt lat="35.4226" lon="-119.06129">
        <ele>0</ele>
      </trkpt>
      <trkpt lat="35.42289" lon="-119.06143">
        <ele>0</ele>
      </trkpt>
      <trkpt lat="35.42298" lon="-119.06148">
        <ele>0</ele>
      </trkpt>
      <trkpt lat="35.42327" lon="-119.06166">
        <ele>0</ele>
      </trkpt>
      <trkpt lat="35.42371" lon="-119.06197">
        <ele>0</ele>
      </trkpt>
      <trkpt lat="35.42386" lon="-119.06209">
        <ele>0</ele>
      </trkpt>
      <trkpt lat="35.42387" lon="-119.0621">
        <ele>0</ele>
      </trkpt>
      <trkpt lat="35.42401" lon="-119.06221">
        <ele>0</ele>
      </trkpt>
      <trkpt lat="35.42424" lon="-119.06241">
        <ele>0</ele>
      </trkpt>
      <trkpt lat="35.4244" lon="-119.06257">
        <ele>0</ele>
      </trkpt>
      <trkpt lat="35.42447" lon="-119.06263">
        <ele>0</ele>
      </trkpt>
      <trkpt lat="35.42452" lon="-119.06269">
        <ele>0</ele>
      </trkpt>
      <trkpt lat="35.42466" lon="-119.06283">
        <ele>0</ele>
      </trkpt>
      <trkpt lat="35.42493" lon="-119.06313">
        <ele>0</ele>
      </trkpt>
      <trkpt lat="35.42511" lon="-119.06335">
        <ele>0</ele>
      </trkpt>
      <trkpt lat="35.42527" lon="-119.06356">
        <ele>0</ele>
      </trkpt>
      <trkpt lat="35.42546" lon="-119.06385">
        <ele>0</ele>
      </trkpt>
      <trkpt lat="35.42558" lon="-119.06402">
        <ele>0</ele>
      </trkpt>
      <trkpt lat="35.42563" lon="-119.06411">
        <ele>0</ele>
      </trkpt>
      <trkpt lat="35.4257" lon="-119.06422">
        <ele>0</ele>
      </trkpt>
      <trkpt lat="35.42575" lon="-119.06432">
        <ele>0</ele>
      </trkpt>
      <trkpt lat="35.42583" lon="-119.06445">
        <ele>0</ele>
      </trkpt>
      <trkpt lat="35.42599" lon="-119.06475">
        <ele>0</ele>
      </trkpt>
      <trkpt lat="35.42602" lon="-119.06482">
        <ele>0</ele>
      </trkpt>
      <trkpt lat="35.42622" lon="-119.06523">
        <ele>0</ele>
      </trkpt>
      <trkpt lat="35.42638" lon="-119.0656">
        <ele>0</ele>
      </trkpt>
      <trkpt lat="35.42643" lon="-119.06573">
        <ele>0</ele>
      </trkpt>
      <trkpt lat="35.42648" lon="-119.06583">
        <ele>0</ele>
      </trkpt>
      <trkpt lat="35.42671" lon="-119.06637">
        <ele>0</ele>
      </trkpt>
      <trkpt lat="35.42702" lon="-119.06705">
        <ele>0</ele>
      </trkpt>
      <trkpt lat="35.42718" lon="-119.06736">
        <ele>0</ele>
      </trkpt>
      <trkpt lat="35.42725" lon="-119.06751">
        <ele>0</ele>
      </trkpt>
      <trkpt lat="35.42759" lon="-119.06814">
        <ele>0</ele>
      </trkpt>
      <trkpt lat="35.42793" lon="-119.0687">
        <ele>0</ele>
      </trkpt>
      <trkpt lat="35.42831" lon="-119.06928">
        <ele>0</ele>
      </trkpt>
      <trkpt lat="35.42858" lon="-119.06967">
        <ele>0</ele>
      </trkpt>
      <trkpt lat="35.42883" lon="-119.07001">
        <ele>0</ele>
      </trkpt>
      <trkpt lat="35.42924" lon="-119.07052">
        <ele>0</ele>
      </trkpt>
      <trkpt lat="35.42973" lon="-119.07108">
        <ele>0</ele>
      </trkpt>
      <trkpt lat="35.43024" lon="-119.07161">
        <ele>0</ele>
      </trkpt>
      <trkpt lat="35.43058" lon="-119.07192">
        <ele>0</ele>
      </trkpt>
      <trkpt lat="35.43067" lon="-119.07202">
        <ele>0</ele>
      </trkpt>
      <trkpt lat="35.43118" lon="-119.07245">
        <ele>0</ele>
      </trkpt>
      <trkpt lat="35.43125" lon="-119.07252">
        <ele>0</ele>
      </trkpt>
      <trkpt lat="35.43168" lon="-119.07288">
        <ele>0</ele>
      </trkpt>
      <trkpt lat="35.43179" lon="-119.07296">
        <ele>0</ele>
      </trkpt>
      <trkpt lat="35.4319" lon="-119.07306">
        <ele>0</ele>
      </trkpt>
      <trkpt lat="35.43206" lon="-119.07319">
        <ele>0</ele>
      </trkpt>
      <trkpt lat="35.43215" lon="-119.07327">
        <ele>0</ele>
      </trkpt>
      <trkpt lat="35.43244" lon="-119.0735">
        <ele>0</ele>
      </trkpt>
      <trkpt lat="35.43252" lon="-119.07358">
        <ele>0</ele>
      </trkpt>
      <trkpt lat="35.43275" lon="-119.07377">
        <ele>0</ele>
      </trkpt>
      <trkpt lat="35.43316" lon="-119.07413">
        <ele>0</ele>
      </trkpt>
      <trkpt lat="35.43344" lon="-119.0744">
        <ele>0</ele>
      </trkpt>
      <trkpt lat="35.43361" lon="-119.07455">
        <ele>0</ele>
      </trkpt>
      <trkpt lat="35.43369" lon="-119.07464">
        <ele>0</ele>
      </trkpt>
      <trkpt lat="35.43379" lon="-119.07473">
        <ele>0</ele>
      </trkpt>
      <trkpt lat="35.43387" lon="-119.07482">
        <ele>0</ele>
      </trkpt>
      <trkpt lat="35.43399" lon="-119.07494">
        <ele>0</ele>
      </trkpt>
      <trkpt lat="35.43427" lon="-119.07525">
        <ele>0</ele>
      </trkpt>
      <trkpt lat="35.4344" lon="-119.07538">
        <ele>0</ele>
      </trkpt>
      <trkpt lat="35.43448" lon="-119.07549">
        <ele>0</ele>
      </trkpt>
      <trkpt lat="35.43458" lon="-119.0756">
        <ele>0</ele>
      </trkpt>
      <trkpt lat="35.43491" lon="-119.07599">
        <ele>0</ele>
      </trkpt>
      <trkpt lat="35.43496" lon="-119.07606">
        <ele>0</ele>
      </trkpt>
      <trkpt lat="35.43551" lon="-119.07675">
        <ele>0</ele>
      </trkpt>
      <trkpt lat="35.43562" lon="-119.07687">
        <ele>0</ele>
      </trkpt>
      <trkpt lat="35.43572" lon="-119.07701">
        <ele>0</ele>
      </trkpt>
      <trkpt lat="35.4358" lon="-119.0771">
        <ele>0</ele>
      </trkpt>
      <trkpt lat="35.43608" lon="-119.07745">
        <ele>0</ele>
      </trkpt>
      <trkpt lat="35.43616" lon="-119.07754">
        <ele>0</ele>
      </trkpt>
      <trkpt lat="35.4365" lon="-119.07796">
        <ele>0</ele>
      </trkpt>
      <trkpt lat="35.43658" lon="-119.07805">
        <ele>0</ele>
      </trkpt>
      <trkpt lat="35.43776" lon="-119.07951">
        <ele>0</ele>
      </trkpt>
      <trkpt lat="35.43786" lon="-119.07962">
        <ele>0</ele>
      </trkpt>
      <trkpt lat="35.4382" lon="-119.08006">
        <ele>0</ele>
      </trkpt>
      <trkpt lat="35.44021" lon="-119.08254">
        <ele>0</ele>
      </trkpt>
      <trkpt lat="35.44038" lon="-119.08273">
        <ele>0</ele>
      </trkpt>
      <trkpt lat="35.44051" lon="-119.08291">
        <ele>0</ele>
      </trkpt>
      <trkpt lat="35.44087" lon="-119.08335">
        <ele>0</ele>
      </trkpt>
      <trkpt lat="35.44096" lon="-119.08347">
        <ele>0</ele>
      </trkpt>
      <trkpt lat="35.44105" lon="-119.08356">
        <ele>0</ele>
      </trkpt>
      <trkpt lat="35.44126" lon="-119.08382">
        <ele>0</ele>
      </trkpt>
      <trkpt lat="35.44139" lon="-119.084">
        <ele>0</ele>
      </trkpt>
      <trkpt lat="35.44146" lon="-119.08407">
        <ele>0</ele>
      </trkpt>
      <trkpt lat="35.44157" lon="-119.08423">
        <ele>0</ele>
      </trkpt>
      <trkpt lat="35.44169" lon="-119.08438">
        <ele>0</ele>
      </trkpt>
      <trkpt lat="35.44233" lon="-119.08531">
        <ele>0</ele>
      </trkpt>
      <trkpt lat="35.44243" lon="-119.08547">
        <ele>0</ele>
      </trkpt>
      <trkpt lat="35.44285" lon="-119.08619">
        <ele>0</ele>
      </trkpt>
      <trkpt lat="35.44332" lon="-119.08708">
        <ele>0</ele>
      </trkpt>
      <trkpt lat="35.44359" lon="-119.08765">
        <ele>0</ele>
      </trkpt>
      <trkpt lat="35.44365" lon="-119.08781">
        <ele>0</ele>
      </trkpt>
      <trkpt lat="35.44374" lon="-119.08802">
        <ele>0</ele>
      </trkpt>
      <trkpt lat="35.44412" lon="-119.08898">
        <ele>0</ele>
      </trkpt>
      <trkpt lat="35.44415" lon="-119.08907">
        <ele>0</ele>
      </trkpt>
      <trkpt lat="35.44448" lon="-119.08989">
        <ele>0</ele>
      </trkpt>
      <trkpt lat="35.44452" lon="-119.09001">
        <ele>0</ele>
      </trkpt>
      <trkpt lat="35.44471" lon="-119.09048">
        <ele>0</ele>
      </trkpt>
      <trkpt lat="35.44499" lon="-119.09109">
        <ele>0</ele>
      </trkpt>
      <trkpt lat="35.44519" lon="-119.0915">
        <ele>0</ele>
      </trkpt>
      <trkpt lat="35.44528" lon="-119.09166">
        <ele>0</ele>
      </trkpt>
      <trkpt lat="35.4454" lon="-119.0919">
        <ele>0</ele>
      </trkpt>
      <trkpt lat="35.44557" lon="-119.09221">
        <ele>0</ele>
      </trkpt>
      <trkpt lat="35.44558" lon="-119.09222">
        <ele>0</ele>
      </trkpt>
      <trkpt lat="35.44577" lon="-119.09254">
        <ele>0</ele>
      </trkpt>
      <trkpt lat="35.44577" lon="-119.09255">
        <ele>0</ele>
      </trkpt>
      <trkpt lat="35.446" lon="-119.09293">
        <ele>0</ele>
      </trkpt>
      <trkpt lat="35.44652" lon="-119.09373">
        <ele>0</ele>
      </trkpt>
      <trkpt lat="35.44673" lon="-119.09401">
        <ele>0</ele>
      </trkpt>
      <trkpt lat="35.44692" lon="-119.09428">
        <ele>0</ele>
      </trkpt>
      <trkpt lat="35.44718" lon="-119.09463">
        <ele>0</ele>
      </trkpt>
      <trkpt lat="35.44733" lon="-119.09482">
        <ele>0</ele>
      </trkpt>
      <trkpt lat="35.44772" lon="-119.09535">
        <ele>0</ele>
      </trkpt>
      <trkpt lat="35.44777" lon="-119.0954">
        <ele>0</ele>
      </trkpt>
      <trkpt lat="35.44779" lon="-119.09544">
        <ele>0</ele>
      </trkpt>
      <trkpt lat="35.44939" lon="-119.09755">
        <ele>0</ele>
      </trkpt>
      <trkpt lat="35.44957" lon="-119.0978">
        <ele>0</ele>
      </trkpt>
      <trkpt lat="35.44971" lon="-119.09797">
        <ele>0</ele>
      </trkpt>
      <trkpt lat="35.44993" lon="-119.09827">
        <ele>0</ele>
      </trkpt>
      <trkpt lat="35.4502" lon="-119.09862">
        <ele>0</ele>
      </trkpt>
      <trkpt lat="35.45047" lon="-119.09899">
        <ele>0</ele>
      </trkpt>
      <trkpt lat="35.45145" lon="-119.10028">
        <ele>0</ele>
      </trkpt>
      <trkpt lat="35.45147" lon="-119.10031">
        <ele>0</ele>
      </trkpt>
      <trkpt lat="35.45227" lon="-119.10137">
        <ele>0</ele>
      </trkpt>
      <trkpt lat="35.45241" lon="-119.10157">
        <ele>0</ele>
      </trkpt>
      <trkpt lat="35.45245" lon="-119.10161">
        <ele>0</ele>
      </trkpt>
      <trkpt lat="35.45399" lon="-119.10366">
        <ele>0</ele>
      </trkpt>
      <trkpt lat="35.45418" lon="-119.1039">
        <ele>0</ele>
      </trkpt>
      <trkpt lat="35.45494" lon="-119.10492">
        <ele>0</ele>
      </trkpt>
      <trkpt lat="35.45508" lon="-119.10509">
        <ele>0</ele>
      </trkpt>
      <trkpt lat="35.45523" lon="-119.10529">
        <ele>0</ele>
      </trkpt>
      <trkpt lat="35.45525" lon="-119.10533">
        <ele>0</ele>
      </trkpt>
      <trkpt lat="35.45526" lon="-119.10533">
        <ele>0</ele>
      </trkpt>
      <trkpt lat="35.45536" lon="-119.10547">
        <ele>0</ele>
      </trkpt>
      <trkpt lat="35.45658" lon="-119.10708">
        <ele>0</ele>
      </trkpt>
      <trkpt lat="35.45659" lon="-119.1071">
        <ele>0</ele>
      </trkpt>
      <trkpt lat="35.4566" lon="-119.10711">
        <ele>0</ele>
      </trkpt>
      <trkpt lat="35.45843" lon="-119.10954">
        <ele>0</ele>
      </trkpt>
      <trkpt lat="35.45862" lon="-119.10978">
        <ele>0</ele>
      </trkpt>
      <trkpt lat="35.45884" lon="-119.11008">
        <ele>0</ele>
      </trkpt>
      <trkpt lat="35.45893" lon="-119.11019">
        <ele>0</ele>
      </trkpt>
      <trkpt lat="35.46074" lon="-119.11261">
        <ele>0</ele>
      </trkpt>
      <trkpt lat="35.46101" lon="-119.11295">
        <ele>0</ele>
      </trkpt>
      <trkpt lat="35.46113" lon="-119.11312">
        <ele>0</ele>
      </trkpt>
      <trkpt lat="35.46133" lon="-119.11337">
        <ele>0</ele>
      </trkpt>
      <trkpt lat="35.4616" lon="-119.11373">
        <ele>0</ele>
      </trkpt>
      <trkpt lat="35.46161" lon="-119.11375">
        <ele>0</ele>
      </trkpt>
      <trkpt lat="35.46637" lon="-119.12005">
        <ele>0</ele>
      </trkpt>
      <trkpt lat="35.46646" lon="-119.12018">
        <ele>0</ele>
      </trkpt>
      <trkpt lat="35.46697" lon="-119.12084">
        <ele>0</ele>
      </trkpt>
      <trkpt lat="35.46824" lon="-119.12254">
        <ele>0</ele>
      </trkpt>
      <trkpt lat="35.46825" lon="-119.12255">
        <ele>0</ele>
      </trkpt>
      <trkpt lat="35.47407" lon="-119.13026">
        <ele>0</ele>
      </trkpt>
      <trkpt lat="35.47432" lon="-119.13061">
        <ele>0</ele>
      </trkpt>
      <trkpt lat="35.47447" lon="-119.13079">
        <ele>0</ele>
      </trkpt>
      <trkpt lat="35.47491" lon="-119.13139">
        <ele>0</ele>
      </trkpt>
      <trkpt lat="35.47578" lon="-119.13253">
        <ele>0</ele>
      </trkpt>
      <trkpt lat="35.47588" lon="-119.13267">
        <ele>0</ele>
      </trkpt>
      <trkpt lat="35.47691" lon="-119.13403">
        <ele>0</ele>
      </trkpt>
      <trkpt lat="35.47697" lon="-119.13412">
        <ele>0</ele>
      </trkpt>
      <trkpt lat="35.47823" lon="-119.13578">
        <ele>0</ele>
      </trkpt>
      <trkpt lat="35.47835" lon="-119.13595">
        <ele>0</ele>
      </trkpt>
      <trkpt lat="35.47874" lon="-119.13646">
        <ele>0</ele>
      </trkpt>
      <trkpt lat="35.47886" lon="-119.13663">
        <ele>0</ele>
      </trkpt>
      <trkpt lat="35.47998" lon="-119.13811">
        <ele>0</ele>
      </trkpt>
      <trkpt lat="35.4801" lon="-119.13826">
        <ele>0</ele>
      </trkpt>
      <trkpt lat="35.48034" lon="-119.1386">
        <ele>0</ele>
      </trkpt>
      <trkpt lat="35.4804" lon="-119.13867">
        <ele>0</ele>
      </trkpt>
      <trkpt lat="35.48125" lon="-119.1398">
        <ele>0</ele>
      </trkpt>
      <trkpt lat="35.48126" lon="-119.13981">
        <ele>0</ele>
      </trkpt>
      <trkpt lat="35.48202" lon="-119.14082">
        <ele>0</ele>
      </trkpt>
      <trkpt lat="35.48241" lon="-119.14132">
        <ele>0</ele>
      </trkpt>
      <trkpt lat="35.4826" lon="-119.14159">
        <ele>0</ele>
      </trkpt>
      <trkpt lat="35.48469" lon="-119.14436">
        <ele>0</ele>
      </trkpt>
      <trkpt lat="35.48482" lon="-119.14452">
        <ele>0</ele>
      </trkpt>
      <trkpt lat="35.48488" lon="-119.14462">
        <ele>0</ele>
      </trkpt>
      <trkpt lat="35.49205" lon="-119.15414">
        <ele>0</ele>
      </trkpt>
      <trkpt lat="35.49224" lon="-119.15438">
        <ele>0</ele>
      </trkpt>
      <trkpt lat="35.49509" lon="-119.15816">
        <ele>0</ele>
      </trkpt>
      <trkpt lat="35.49521" lon="-119.15833">
        <ele>0</ele>
      </trkpt>
      <trkpt lat="35.49553" lon="-119.15875">
        <ele>0</ele>
      </trkpt>
      <trkpt lat="35.49559" lon="-119.15882">
        <ele>0</ele>
      </trkpt>
      <trkpt lat="35.49561" lon="-119.15885">
        <ele>0</ele>
      </trkpt>
      <trkpt lat="35.49586" lon="-119.15917">
        <ele>0</ele>
      </trkpt>
      <trkpt lat="35.49588" lon="-119.15919">
        <ele>0</ele>
      </trkpt>
      <trkpt lat="35.49617" lon="-119.15954">
        <ele>0</ele>
      </trkpt>
      <trkpt lat="35.49663" lon="-119.16007">
        <ele>0</ele>
      </trkpt>
      <trkpt lat="35.49722" lon="-119.16066">
        <ele>0</ele>
      </trkpt>
      <trkpt lat="35.49744" lon="-119.16086">
        <ele>0</ele>
      </trkpt>
      <trkpt lat="35.49765" lon="-119.16107">
        <ele>0</ele>
      </trkpt>
      <trkpt lat="35.49843" lon="-119.16179">
        <ele>0</ele>
      </trkpt>
      <trkpt lat="35.49871" lon="-119.16209">
        <ele>0</ele>
      </trkpt>
      <trkpt lat="35.49891" lon="-119.16233">
        <ele>0</ele>
      </trkpt>
      <trkpt lat="35.49919" lon="-119.16263">
        <ele>0</ele>
      </trkpt>
      <trkpt lat="35.49983" lon="-119.16345">
        <ele>0</ele>
      </trkpt>
      <trkpt lat="35.50023" lon="-119.16402">
        <ele>0</ele>
      </trkpt>
      <trkpt lat="35.50024" lon="-119.16403">
        <ele>0</ele>
      </trkpt>
      <trkpt lat="35.50067" lon="-119.16469">
        <ele>0</ele>
      </trkpt>
      <trkpt lat="35.50094" lon="-119.16514">
        <ele>0</ele>
      </trkpt>
      <trkpt lat="35.50161" lon="-119.16639">
        <ele>0</ele>
      </trkpt>
      <trkpt lat="35.50176" lon="-119.16665">
        <ele>0</ele>
      </trkpt>
      <trkpt lat="35.50184" lon="-119.16681">
        <ele>0</ele>
      </trkpt>
      <trkpt lat="35.50207" lon="-119.16722">
        <ele>0</ele>
      </trkpt>
      <trkpt lat="35.50221" lon="-119.16745">
        <ele>0</ele>
      </trkpt>
      <trkpt lat="35.50227" lon="-119.16756">
        <ele>0</ele>
      </trkpt>
      <trkpt lat="35.50262" lon="-119.16809">
        <ele>0</ele>
      </trkpt>
      <trkpt lat="35.50268" lon="-119.16819">
        <ele>0</ele>
      </trkpt>
      <trkpt lat="35.50292" lon="-119.16854">
        <ele>0</ele>
      </trkpt>
      <trkpt lat="35.50304" lon="-119.16869">
        <ele>0</ele>
      </trkpt>
      <trkpt lat="35.5031" lon="-119.16879">
        <ele>0</ele>
      </trkpt>
      <trkpt lat="35.50315" lon="-119.16885">
        <ele>0</ele>
      </trkpt>
      <trkpt lat="35.50332" lon="-119.16908">
        <ele>0</ele>
      </trkpt>
      <trkpt lat="35.50363" lon="-119.16947">
        <ele>0</ele>
      </trkpt>
      <trkpt lat="35.50381" lon="-119.16972">
        <ele>0</ele>
      </trkpt>
      <trkpt lat="35.50396" lon="-119.16989">
        <ele>0</ele>
      </trkpt>
      <trkpt lat="35.50399" lon="-119.16994">
        <ele>0</ele>
      </trkpt>
      <trkpt lat="35.50507" lon="-119.17127">
        <ele>0</ele>
      </trkpt>
      <trkpt lat="35.50522" lon="-119.17147">
        <ele>0</ele>
      </trkpt>
      <trkpt lat="35.50551" lon="-119.17181">
        <ele>0</ele>
      </trkpt>
      <trkpt lat="35.50552" lon="-119.17183">
        <ele>0</ele>
      </trkpt>
      <trkpt lat="35.50564" lon="-119.17196">
        <ele>0</ele>
      </trkpt>
      <trkpt lat="35.50578" lon="-119.17214">
        <ele>0</ele>
      </trkpt>
      <trkpt lat="35.50631" lon="-119.17274">
        <ele>0</ele>
      </trkpt>
      <trkpt lat="35.50648" lon="-119.17295">
        <ele>0</ele>
      </trkpt>
      <trkpt lat="35.50673" lon="-119.17322">
        <ele>0</ele>
      </trkpt>
      <trkpt lat="35.50674" lon="-119.17324">
        <ele>0</ele>
      </trkpt>
      <trkpt lat="35.50781" lon="-119.17443">
        <ele>0</ele>
      </trkpt>
      <trkpt lat="35.508" lon="-119.17463">
        <ele>0</ele>
      </trkpt>
      <trkpt lat="35.50821" lon="-119.17487">
        <ele>0</ele>
      </trkpt>
      <trkpt lat="35.50833" lon="-119.17499">
        <ele>0</ele>
      </trkpt>
      <trkpt lat="35.50859" lon="-119.17527">
        <ele>0</ele>
      </trkpt>
      <trkpt lat="35.50919" lon="-119.17587">
        <ele>0</ele>
      </trkpt>
      <trkpt lat="35.50929" lon="-119.17598">
        <ele>0</ele>
      </trkpt>
      <trkpt lat="35.50943" lon="-119.17612">
        <ele>0</ele>
      </trkpt>
      <trkpt lat="35.50955" lon="-119.17623">
        <ele>0</ele>
      </trkpt>
      <trkpt lat="35.50962" lon="-119.17631">
        <ele>0</ele>
      </trkpt>
      <trkpt lat="35.50979" lon="-119.17647">
        <ele>0</ele>
      </trkpt>
      <trkpt lat="35.51075" lon="-119.17743">
        <ele>0</ele>
      </trkpt>
      <trkpt lat="35.51088" lon="-119.17754">
        <ele>0</ele>
      </trkpt>
      <trkpt lat="35.51102" lon="-119.17769">
        <ele>0</ele>
      </trkpt>
      <trkpt lat="35.51208" lon="-119.17868">
        <ele>0</ele>
      </trkpt>
      <trkpt lat="35.51367" lon="-119.18009">
        <ele>0</ele>
      </trkpt>
      <trkpt lat="35.51502" lon="-119.18122">
        <ele>0</ele>
      </trkpt>
      <trkpt lat="35.51515" lon="-119.18132">
        <ele>0</ele>
      </trkpt>
      <trkpt lat="35.51546" lon="-119.18158">
        <ele>0</ele>
      </trkpt>
      <trkpt lat="35.51607" lon="-119.18205">
        <ele>0</ele>
      </trkpt>
      <trkpt lat="35.51619" lon="-119.18215">
        <ele>0</ele>
      </trkpt>
      <trkpt lat="35.51741" lon="-119.18308">
        <ele>0</ele>
      </trkpt>
      <trkpt lat="35.51868" lon="-119.184">
        <ele>0</ele>
      </trkpt>
      <trkpt lat="35.51939" lon="-119.18449">
        <ele>0</ele>
      </trkpt>
      <trkpt lat="35.51961" lon="-119.18465">
        <ele>0</ele>
      </trkpt>
      <trkpt lat="35.51988" lon="-119.18483">
        <ele>0</ele>
      </trkpt>
      <trkpt lat="35.51996" lon="-119.18489">
        <ele>0</ele>
      </trkpt>
      <trkpt lat="35.52066" lon="-119.18536">
        <ele>0</ele>
      </trkpt>
      <trkpt lat="35.5218" lon="-119.18608">
        <ele>0</ele>
      </trkpt>
      <trkpt lat="35.52193" lon="-119.18617">
        <ele>0</ele>
      </trkpt>
      <trkpt lat="35.5224" lon="-119.18645">
        <ele>0</ele>
      </trkpt>
      <trkpt lat="35.52246" lon="-119.18648">
        <ele>0</ele>
      </trkpt>
      <trkpt lat="35.52316" lon="-119.18687">
        <ele>0</ele>
      </trkpt>
      <trkpt lat="35.52367" lon="-119.18714">
        <ele>0</ele>
      </trkpt>
      <trkpt lat="35.5237" lon="-119.18716">
        <ele>0</ele>
      </trkpt>
      <trkpt lat="35.52468" lon="-119.18768">
        <ele>0</ele>
      </trkpt>
      <trkpt lat="35.52492" lon="-119.1878">
        <ele>0</ele>
      </trkpt>
      <trkpt lat="35.52538" lon="-119.18801">
        <ele>0</ele>
      </trkpt>
      <trkpt lat="35.52543" lon="-119.18804">
        <ele>0</ele>
      </trkpt>
      <trkpt lat="35.52589" lon="-119.18823">
        <ele>0</ele>
      </trkpt>
      <trkpt lat="35.52599" lon="-119.18826">
        <ele>0</ele>
      </trkpt>
      <trkpt lat="35.52675" lon="-119.18852">
        <ele>0</ele>
      </trkpt>
      <trkpt lat="35.52718" lon="-119.18864">
        <ele>0</ele>
      </trkpt>
      <trkpt lat="35.52719" lon="-119.18864">
        <ele>0</ele>
      </trkpt>
      <trkpt lat="35.5278" lon="-119.18881">
        <ele>0</ele>
      </trkpt>
      <trkpt lat="35.52805" lon="-119.18887">
        <ele>0</ele>
      </trkpt>
      <trkpt lat="35.52844" lon="-119.18898">
        <ele>0</ele>
      </trkpt>
      <trkpt lat="35.5289" lon="-119.18913">
        <ele>0</ele>
      </trkpt>
      <trkpt lat="35.52918" lon="-119.18923">
        <ele>0</ele>
      </trkpt>
      <trkpt lat="35.52941" lon="-119.18932">
        <ele>0</ele>
      </trkpt>
      <trkpt lat="35.53003" lon="-119.18959">
        <ele>0</ele>
      </trkpt>
      <trkpt lat="35.5304" lon="-119.18977">
        <ele>0</ele>
      </trkpt>
      <trkpt lat="35.53076" lon="-119.18996">
        <ele>0</ele>
      </trkpt>
      <trkpt lat="35.53089" lon="-119.19004">
        <ele>0</ele>
      </trkpt>
      <trkpt lat="35.53116" lon="-119.19019">
        <ele>0</ele>
      </trkpt>
      <trkpt lat="35.53156" lon="-119.19043">
        <ele>0</ele>
      </trkpt>
      <trkpt lat="35.53171" lon="-119.19053">
        <ele>0</ele>
      </trkpt>
      <trkpt lat="35.53172" lon="-119.19054">
        <ele>0</ele>
      </trkpt>
      <trkpt lat="35.5325" lon="-119.19102">
        <ele>0</ele>
      </trkpt>
      <trkpt lat="35.53283" lon="-119.19119">
        <ele>0</ele>
      </trkpt>
      <trkpt lat="35.53321" lon="-119.19141">
        <ele>0</ele>
      </trkpt>
      <trkpt lat="35.53371" lon="-119.19167">
        <ele>0</ele>
      </trkpt>
      <trkpt lat="35.53443" lon="-119.192">
        <ele>0</ele>
      </trkpt>
      <trkpt lat="35.53507" lon="-119.19224">
        <ele>0</ele>
      </trkpt>
      <trkpt lat="35.53544" lon="-119.19235">
        <ele>0</ele>
      </trkpt>
      <trkpt lat="35.53586" lon="-119.19251">
        <ele>0</ele>
      </trkpt>
      <trkpt lat="35.53612" lon="-119.19259">
        <ele>0</ele>
      </trkpt>
      <trkpt lat="35.53635" lon="-119.19268">
        <ele>0</ele>
      </trkpt>
      <trkpt lat="35.53668" lon="-119.19278">
        <ele>0</ele>
      </trkpt>
      <trkpt lat="35.53705" lon="-119.19291">
        <ele>0</ele>
      </trkpt>
      <trkpt lat="35.53727" lon="-119.19297">
        <ele>0</ele>
      </trkpt>
      <trkpt lat="35.53734" lon="-119.193">
        <ele>0</ele>
      </trkpt>
      <trkpt lat="35.53751" lon="-119.19305">
        <ele>0</ele>
      </trkpt>
      <trkpt lat="35.53982" lon="-119.19364">
        <ele>0</ele>
      </trkpt>
      <trkpt lat="35.53993" lon="-119.19366">
        <ele>0</ele>
      </trkpt>
      <trkpt lat="35.54124" lon="-119.19397">
        <ele>0</ele>
      </trkpt>
      <trkpt lat="35.5413" lon="-119.19399">
        <ele>0</ele>
      </trkpt>
      <trkpt lat="35.54259" lon="-119.19429">
        <ele>0</ele>
      </trkpt>
      <trkpt lat="35.54277" lon="-119.19434">
        <ele>0</ele>
      </trkpt>
      <trkpt lat="35.54569" lon="-119.19503">
        <ele>0</ele>
      </trkpt>
      <trkpt lat="35.54579" lon="-119.19506">
        <ele>0</ele>
      </trkpt>
      <trkpt lat="35.54617" lon="-119.19514">
        <ele>0</ele>
      </trkpt>
      <trkpt lat="35.54639" lon="-119.1952">
        <ele>0</ele>
      </trkpt>
      <trkpt lat="35.54927" lon="-119.19587">
        <ele>0</ele>
      </trkpt>
      <trkpt lat="35.54929" lon="-119.19587">
        <ele>0</ele>
      </trkpt>
      <trkpt lat="35.54964" lon="-119.19596">
        <ele>0</ele>
      </trkpt>
      <trkpt lat="35.55022" lon="-119.19609">
        <ele>0</ele>
      </trkpt>
      <trkpt lat="35.55049" lon="-119.19616">
        <ele>0</ele>
      </trkpt>
      <trkpt lat="35.55226" lon="-119.19651">
        <ele>0</ele>
      </trkpt>
      <trkpt lat="35.55227" lon="-119.19651">
        <ele>0</ele>
      </trkpt>
      <trkpt lat="35.55286" lon="-119.19663">
        <ele>0</ele>
      </trkpt>
      <trkpt lat="35.55286" lon="-119.19664">
        <ele>0</ele>
      </trkpt>
      <trkpt lat="35.55351" lon="-119.19676">
        <ele>0</ele>
      </trkpt>
      <trkpt lat="35.55438" lon="-119.19686">
        <ele>0</ele>
      </trkpt>
      <trkpt lat="35.55467" lon="-119.19688">
        <ele>0</ele>
      </trkpt>
      <trkpt lat="35.55673" lon="-119.19693">
        <ele>0</ele>
      </trkpt>
      <trkpt lat="35.55701" lon="-119.19695">
        <ele>0</ele>
      </trkpt>
      <trkpt lat="35.55729" lon="-119.19698">
        <ele>0</ele>
      </trkpt>
      <trkpt lat="35.55772" lon="-119.19704">
        <ele>0</ele>
      </trkpt>
      <trkpt lat="35.5583" lon="-119.19714">
        <ele>0</ele>
      </trkpt>
      <trkpt lat="35.55915" lon="-119.19735">
        <ele>0</ele>
      </trkpt>
      <trkpt lat="35.55987" lon="-119.19758">
        <ele>0</ele>
      </trkpt>
      <trkpt lat="35.55991" lon="-119.1976">
        <ele>0</ele>
      </trkpt>
      <trkpt lat="35.56059" lon="-119.19786">
        <ele>0</ele>
      </trkpt>
      <trkpt lat="35.56205" lon="-119.19855">
        <ele>0</ele>
      </trkpt>
      <trkpt lat="35.56208" lon="-119.19856">
        <ele>0</ele>
      </trkpt>
      <trkpt lat="35.56262" lon="-119.1988">
        <ele>0</ele>
      </trkpt>
      <trkpt lat="35.56333" lon="-119.19906">
        <ele>0</ele>
      </trkpt>
      <trkpt lat="35.56419" lon="-119.19932">
        <ele>0</ele>
      </trkpt>
      <trkpt lat="35.5647" lon="-119.19945">
        <ele>0</ele>
      </trkpt>
      <trkpt lat="35.56627" lon="-119.19989">
        <ele>0</ele>
      </trkpt>
      <trkpt lat="35.56696" lon="-119.20006">
        <ele>0</ele>
      </trkpt>
      <trkpt lat="35.56698" lon="-119.20006">
        <ele>0</ele>
      </trkpt>
      <trkpt lat="35.56762" lon="-119.20022">
        <ele>0</ele>
      </trkpt>
      <trkpt lat="35.5677" lon="-119.20023">
        <ele>0</ele>
      </trkpt>
      <trkpt lat="35.568" lon="-119.2003">
        <ele>0</ele>
      </trkpt>
      <trkpt lat="35.56829" lon="-119.20038">
        <ele>0</ele>
      </trkpt>
      <trkpt lat="35.56866" lon="-119.20046">
        <ele>0</ele>
      </trkpt>
      <trkpt lat="35.56877" lon="-119.20049">
        <ele>0</ele>
      </trkpt>
      <trkpt lat="35.56922" lon="-119.20059">
        <ele>0</ele>
      </trkpt>
      <trkpt lat="35.56927" lon="-119.20061">
        <ele>0</ele>
      </trkpt>
      <trkpt lat="35.56948" lon="-119.20066">
        <ele>0</ele>
      </trkpt>
      <trkpt lat="35.56956" lon="-119.20067">
        <ele>0</ele>
      </trkpt>
      <trkpt lat="35.56983" lon="-119.20074">
        <ele>0</ele>
      </trkpt>
      <trkpt lat="35.57048" lon="-119.20089">
        <ele>0</ele>
      </trkpt>
      <trkpt lat="35.57051" lon="-119.2009">
        <ele>0</ele>
      </trkpt>
      <trkpt lat="35.57152" lon="-119.20114">
        <ele>0</ele>
      </trkpt>
      <trkpt lat="35.57172" lon="-119.20118">
        <ele>0</ele>
      </trkpt>
      <trkpt lat="35.57177" lon="-119.2012">
        <ele>0</ele>
      </trkpt>
      <trkpt lat="35.57207" lon="-119.20127">
        <ele>0</ele>
      </trkpt>
      <trkpt lat="35.57218" lon="-119.20129">
        <ele>0</ele>
      </trkpt>
      <trkpt lat="35.57228" lon="-119.20132">
        <ele>0</ele>
      </trkpt>
      <trkpt lat="35.57319" lon="-119.20153">
        <ele>0</ele>
      </trkpt>
      <trkpt lat="35.57354" lon="-119.20162">
        <ele>0</ele>
      </trkpt>
      <trkpt lat="35.57619" lon="-119.20224">
        <ele>0</ele>
      </trkpt>
      <trkpt lat="35.57637" lon="-119.20229">
        <ele>0</ele>
      </trkpt>
      <trkpt lat="35.57667" lon="-119.20236">
        <ele>0</ele>
      </trkpt>
      <trkpt lat="35.57669" lon="-119.20236">
        <ele>0</ele>
      </trkpt>
      <trkpt lat="35.57739" lon="-119.20253">
        <ele>0</ele>
      </trkpt>
      <trkpt lat="35.57759" lon="-119.20257">
        <ele>0</ele>
      </trkpt>
      <trkpt lat="35.5777" lon="-119.2026">
        <ele>0</ele>
      </trkpt>
      <trkpt lat="35.57823" lon="-119.20272">
        <ele>0</ele>
      </trkpt>
      <trkpt lat="35.57875" lon="-119.20285">
        <ele>0</ele>
      </trkpt>
      <trkpt lat="35.57951" lon="-119.20302">
        <ele>0</ele>
      </trkpt>
      <trkpt lat="35.58071" lon="-119.20331">
        <ele>0</ele>
      </trkpt>
      <trkpt lat="35.58087" lon="-119.20334">
        <ele>0</ele>
      </trkpt>
      <trkpt lat="35.58096" lon="-119.20337">
        <ele>0</ele>
      </trkpt>
      <trkpt lat="35.58121" lon="-119.20342">
        <ele>0</ele>
      </trkpt>
      <trkpt lat="35.58123" lon="-119.20343">
        <ele>0</ele>
      </trkpt>
      <trkpt lat="35.58181" lon="-119.20357">
        <ele>0</ele>
      </trkpt>
      <trkpt lat="35.58189" lon="-119.20358">
        <ele>0</ele>
      </trkpt>
      <trkpt lat="35.58346" lon="-119.20395">
        <ele>0</ele>
      </trkpt>
      <trkpt lat="35.58359" lon="-119.20397">
        <ele>0</ele>
      </trkpt>
      <trkpt lat="35.58394" lon="-119.20404">
        <ele>0</ele>
      </trkpt>
      <trkpt lat="35.58434" lon="-119.2041">
        <ele>0</ele>
      </trkpt>
      <trkpt lat="35.58481" lon="-119.20415">
        <ele>0</ele>
      </trkpt>
      <trkpt lat="35.58512" lon="-119.20417">
        <ele>0</ele>
      </trkpt>
      <trkpt lat="35.586" lon="-119.20418">
        <ele>0</ele>
      </trkpt>
      <trkpt lat="35.58637" lon="-119.20416">
        <ele>0</ele>
      </trkpt>
      <trkpt lat="35.58644" lon="-119.20415">
        <ele>0</ele>
      </trkpt>
      <trkpt lat="35.58653" lon="-119.20415">
        <ele>0</ele>
      </trkpt>
      <trkpt lat="35.58741" lon="-119.20407">
        <ele>0</ele>
      </trkpt>
      <trkpt lat="35.58759" lon="-119.20406">
        <ele>0</ele>
      </trkpt>
      <trkpt lat="35.58802" lon="-119.20402">
        <ele>0</ele>
      </trkpt>
      <trkpt lat="35.58817" lon="-119.204">
        <ele>0</ele>
      </trkpt>
      <trkpt lat="35.58842" lon="-119.20399">
        <ele>0</ele>
      </trkpt>
      <trkpt lat="35.58853" lon="-119.20398">
        <ele>0</ele>
      </trkpt>
      <trkpt lat="35.58872" lon="-119.20398">
        <ele>0</ele>
      </trkpt>
      <trkpt lat="35.58886" lon="-119.20399">
        <ele>0</ele>
      </trkpt>
      <trkpt lat="35.58895" lon="-119.20399">
        <ele>0</ele>
      </trkpt>
      <trkpt lat="35.58899" lon="-119.204">
        <ele>0</ele>
      </trkpt>
      <trkpt lat="35.58916" lon="-119.20401">
        <ele>0</ele>
      </trkpt>
      <trkpt lat="35.58928" lon="-119.20403">
        <ele>0</ele>
      </trkpt>
      <trkpt lat="35.58936" lon="-119.20405">
        <ele>0</ele>
      </trkpt>
      <trkpt lat="35.58938" lon="-119.20405">
        <ele>0</ele>
      </trkpt>
      <trkpt lat="35.58954" lon="-119.20408">
        <ele>0</ele>
      </trkpt>
      <trkpt lat="35.58986" lon="-119.20416">
        <ele>0</ele>
      </trkpt>
      <trkpt lat="35.58998" lon="-119.2042">
        <ele>0</ele>
      </trkpt>
      <trkpt lat="35.59" lon="-119.20421">
        <ele>0</ele>
      </trkpt>
      <trkpt lat="35.59034" lon="-119.20433">
        <ele>0</ele>
      </trkpt>
      <trkpt lat="35.59071" lon="-119.20449">
        <ele>0</ele>
      </trkpt>
      <trkpt lat="35.5911" lon="-119.20471">
        <ele>0</ele>
      </trkpt>
      <trkpt lat="35.59124" lon="-119.2048">
        <ele>0</ele>
      </trkpt>
      <trkpt lat="35.5914" lon="-119.20492">
        <ele>0</ele>
      </trkpt>
      <trkpt lat="35.59155" lon="-119.20502">
        <ele>0</ele>
      </trkpt>
      <trkpt lat="35.5917" lon="-119.20514">
        <ele>0</ele>
      </trkpt>
      <trkpt lat="35.59178" lon="-119.20522">
        <ele>0</ele>
      </trkpt>
      <trkpt lat="35.592" lon="-119.20541">
        <ele>0</ele>
      </trkpt>
      <trkpt lat="35.59213" lon="-119.20555">
        <ele>0</ele>
      </trkpt>
      <trkpt lat="35.59218" lon="-119.20559">
        <ele>0</ele>
      </trkpt>
      <trkpt lat="35.5923" lon="-119.20573">
        <ele>0</ele>
      </trkpt>
      <trkpt lat="35.59238" lon="-119.20581">
        <ele>0</ele>
      </trkpt>
      <trkpt lat="35.59239" lon="-119.20583">
        <ele>0</ele>
      </trkpt>
      <trkpt lat="35.59248" lon="-119.20594">
        <ele>0</ele>
      </trkpt>
      <trkpt lat="35.59251" lon="-119.20597">
        <ele>0</ele>
      </trkpt>
      <trkpt lat="35.59298" lon="-119.20655">
        <ele>0</ele>
      </trkpt>
      <trkpt lat="35.59301" lon="-119.2066">
        <ele>0</ele>
      </trkpt>
      <trkpt lat="35.59339" lon="-119.20708">
        <ele>0</ele>
      </trkpt>
      <trkpt lat="35.59343" lon="-119.20712">
        <ele>0</ele>
      </trkpt>
      <trkpt lat="35.59354" lon="-119.20727">
        <ele>0</ele>
      </trkpt>
      <trkpt lat="35.5938" lon="-119.2076">
        <ele>0</ele>
      </trkpt>
      <trkpt lat="35.59388" lon="-119.20769">
        <ele>0</ele>
      </trkpt>
      <trkpt lat="35.59422" lon="-119.20812">
        <ele>0</ele>
      </trkpt>
      <trkpt lat="35.59448" lon="-119.20842">
        <ele>0</ele>
      </trkpt>
      <trkpt lat="35.59469" lon="-119.20863">
        <ele>0</ele>
      </trkpt>
      <trkpt lat="35.59487" lon="-119.20879">
        <ele>0</ele>
      </trkpt>
      <trkpt lat="35.5949" lon="-119.20882">
        <ele>0</ele>
      </trkpt>
      <trkpt lat="35.59505" lon="-119.20895">
        <ele>0</ele>
      </trkpt>
      <trkpt lat="35.59534" lon="-119.20917">
        <ele>0</ele>
      </trkpt>
      <trkpt lat="35.59555" lon="-119.20931">
        <ele>0</ele>
      </trkpt>
      <trkpt lat="35.59574" lon="-119.20942">
        <ele>0</ele>
      </trkpt>
      <trkpt lat="35.59583" lon="-119.20948">
        <ele>0</ele>
      </trkpt>
      <trkpt lat="35.59632" lon="-119.20971">
        <ele>0</ele>
      </trkpt>
      <trkpt lat="35.59672" lon="-119.20985">
        <ele>0</ele>
      </trkpt>
      <trkpt lat="35.59993" lon="-119.21063">
        <ele>0</ele>
      </trkpt>
      <trkpt lat="35.60108" lon="-119.21089">
        <ele>0</ele>
      </trkpt>
      <trkpt lat="35.60208" lon="-119.21114">
        <ele>0</ele>
      </trkpt>
      <trkpt lat="35.60299" lon="-119.21135">
        <ele>0</ele>
      </trkpt>
      <trkpt lat="35.60349" lon="-119.21145">
        <ele>0</ele>
      </trkpt>
      <trkpt lat="35.60408" lon="-119.21154">
        <ele>0</ele>
      </trkpt>
      <trkpt lat="35.60462" lon="-119.2116">
        <ele>0</ele>
      </trkpt>
      <trkpt lat="35.60468" lon="-119.2116">
        <ele>0</ele>
      </trkpt>
      <trkpt lat="35.60519" lon="-119.21163">
        <ele>0</ele>
      </trkpt>
      <trkpt lat="35.60696" lon="-119.2117">
        <ele>0</ele>
      </trkpt>
      <trkpt lat="35.60713" lon="-119.2117">
        <ele>0</ele>
      </trkpt>
      <trkpt lat="35.61026" lon="-119.21181">
        <ele>0</ele>
      </trkpt>
      <trkpt lat="35.61036" lon="-119.21182">
        <ele>0</ele>
      </trkpt>
      <trkpt lat="35.61058" lon="-119.21183">
        <ele>0</ele>
      </trkpt>
      <trkpt lat="35.61077" lon="-119.21183">
        <ele>0</ele>
      </trkpt>
      <trkpt lat="35.61301" lon="-119.21191">
        <ele>0</ele>
      </trkpt>
      <trkpt lat="35.6133" lon="-119.21193">
        <ele>0</ele>
      </trkpt>
      <trkpt lat="35.61357" lon="-119.21196">
        <ele>0</ele>
      </trkpt>
      <trkpt lat="35.61364" lon="-119.21196">
        <ele>0</ele>
      </trkpt>
      <trkpt lat="35.61419" lon="-119.21205">
        <ele>0</ele>
      </trkpt>
      <trkpt lat="35.61448" lon="-119.21211">
        <ele>0</ele>
      </trkpt>
      <trkpt lat="35.61455" lon="-119.21212">
        <ele>0</ele>
      </trkpt>
      <trkpt lat="35.61643" lon="-119.21256">
        <ele>0</ele>
      </trkpt>
      <trkpt lat="35.61647" lon="-119.21258">
        <ele>0</ele>
      </trkpt>
      <trkpt lat="35.61667" lon="-119.21262">
        <ele>0</ele>
      </trkpt>
      <trkpt lat="35.62787" lon="-119.21525">
        <ele>0</ele>
      </trkpt>
      <trkpt lat="35.62847" lon="-119.2154">
        <ele>0</ele>
      </trkpt>
      <trkpt lat="35.62887" lon="-119.21549">
        <ele>0</ele>
      </trkpt>
      <trkpt lat="35.62893" lon="-119.2155">
        <ele>0</ele>
      </trkpt>
      <trkpt lat="35.62933" lon="-119.2156">
        <ele>0</ele>
      </trkpt>
      <trkpt lat="35.62972" lon="-119.21568">
        <ele>0</ele>
      </trkpt>
      <trkpt lat="35.62985" lon="-119.21572">
        <ele>0</ele>
      </trkpt>
      <trkpt lat="35.63009" lon="-119.21577">
        <ele>0</ele>
      </trkpt>
      <trkpt lat="35.63193" lon="-119.21621">
        <ele>0</ele>
      </trkpt>
      <trkpt lat="35.63217" lon="-119.21626">
        <ele>0</ele>
      </trkpt>
      <trkpt lat="35.63223" lon="-119.21628">
        <ele>0</ele>
      </trkpt>
      <trkpt lat="35.6365" lon="-119.21727">
        <ele>0</ele>
      </trkpt>
      <trkpt lat="35.63653" lon="-119.21728">
        <ele>0</ele>
      </trkpt>
      <trkpt lat="35.63992" lon="-119.21807">
        <ele>0</ele>
      </trkpt>
      <trkpt lat="35.64001" lon="-119.2181">
        <ele>0</ele>
      </trkpt>
      <trkpt lat="35.64082" lon="-119.21831">
        <ele>0</ele>
      </trkpt>
      <trkpt lat="35.6409" lon="-119.21834">
        <ele>0</ele>
      </trkpt>
      <trkpt lat="35.64104" lon="-119.21838">
        <ele>0</ele>
      </trkpt>
      <trkpt lat="35.64137" lon="-119.21849">
        <ele>0</ele>
      </trkpt>
      <trkpt lat="35.64141" lon="-119.2185">
        <ele>0</ele>
      </trkpt>
      <trkpt lat="35.64162" lon="-119.21857">
        <ele>0</ele>
      </trkpt>
      <trkpt lat="35.64184" lon="-119.21866">
        <ele>0</ele>
      </trkpt>
      <trkpt lat="35.64209" lon="-119.21875">
        <ele>0</ele>
      </trkpt>
      <trkpt lat="35.64256" lon="-119.21896">
        <ele>0</ele>
      </trkpt>
      <trkpt lat="35.64274" lon="-119.21905">
        <ele>0</ele>
      </trkpt>
      <trkpt lat="35.64295" lon="-119.21914">
        <ele>0</ele>
      </trkpt>
      <trkpt lat="35.64333" lon="-119.21932">
        <ele>0</ele>
      </trkpt>
      <trkpt lat="35.64334" lon="-119.21932">
        <ele>0</ele>
      </trkpt>
      <trkpt lat="35.64398" lon="-119.21961">
        <ele>0</ele>
      </trkpt>
      <trkpt lat="35.64424" lon="-119.21971">
        <ele>0</ele>
      </trkpt>
      <trkpt lat="35.64428" lon="-119.21973">
        <ele>0</ele>
      </trkpt>
      <trkpt lat="35.64432" lon="-119.21974">
        <ele>0</ele>
      </trkpt>
      <trkpt lat="35.64455" lon="-119.21983">
        <ele>0</ele>
      </trkpt>
      <trkpt lat="35.64481" lon="-119.21992">
        <ele>0</ele>
      </trkpt>
      <trkpt lat="35.64484" lon="-119.21994">
        <ele>0</ele>
      </trkpt>
      <trkpt lat="35.64544" lon="-119.22012">
        <ele>0</ele>
      </trkpt>
      <trkpt lat="35.64606" lon="-119.22027">
        <ele>0</ele>
      </trkpt>
      <trkpt lat="35.64672" lon="-119.22039">
        <ele>0</ele>
      </trkpt>
      <trkpt lat="35.6474" lon="-119.22047">
        <ele>0</ele>
      </trkpt>
      <trkpt lat="35.64743" lon="-119.22048">
        <ele>0</ele>
      </trkpt>
      <trkpt lat="35.64792" lon="-119.22051">
        <ele>0</ele>
      </trkpt>
      <trkpt lat="35.64805" lon="-119.22051">
        <ele>0</ele>
      </trkpt>
      <trkpt lat="35.64824" lon="-119.22052">
        <ele>0</ele>
      </trkpt>
      <trkpt lat="35.64934" lon="-119.22054">
        <ele>0</ele>
      </trkpt>
      <trkpt lat="35.64994" lon="-119.22057">
        <ele>0</ele>
      </trkpt>
      <trkpt lat="35.65012" lon="-119.22059">
        <ele>0</ele>
      </trkpt>
      <trkpt lat="35.65017" lon="-119.22059">
        <ele>0</ele>
      </trkpt>
      <trkpt lat="35.65046" lon="-119.22062">
        <ele>0</ele>
      </trkpt>
      <trkpt lat="35.65082" lon="-119.22067">
        <ele>0</ele>
      </trkpt>
      <trkpt lat="35.65125" lon="-119.22075">
        <ele>0</ele>
      </trkpt>
      <trkpt lat="35.65138" lon="-119.22078">
        <ele>0</ele>
      </trkpt>
      <trkpt lat="35.65144" lon="-119.22079">
        <ele>0</ele>
      </trkpt>
      <trkpt lat="35.65175" lon="-119.22086">
        <ele>0</ele>
      </trkpt>
      <trkpt lat="35.6519" lon="-119.2209">
        <ele>0</ele>
      </trkpt>
      <trkpt lat="35.6525" lon="-119.22103">
        <ele>0</ele>
      </trkpt>
      <trkpt lat="35.65289" lon="-119.22113">
        <ele>0</ele>
      </trkpt>
      <trkpt lat="35.6529" lon="-119.22113">
        <ele>0</ele>
      </trkpt>
      <trkpt lat="35.65296" lon="-119.22114">
        <ele>0</ele>
      </trkpt>
      <trkpt lat="35.65314" lon="-119.22119">
        <ele>0</ele>
      </trkpt>
      <trkpt lat="35.65574" lon="-119.22179">
        <ele>0</ele>
      </trkpt>
      <trkpt lat="35.65605" lon="-119.22187">
        <ele>0</ele>
      </trkpt>
      <trkpt lat="35.65612" lon="-119.22188">
        <ele>0</ele>
      </trkpt>
      <trkpt lat="35.65661" lon="-119.222">
        <ele>0</ele>
      </trkpt>
      <trkpt lat="35.65664" lon="-119.22201">
        <ele>0</ele>
      </trkpt>
      <trkpt lat="35.65665" lon="-119.22201">
        <ele>0</ele>
      </trkpt>
      <trkpt lat="35.65722" lon="-119.22215">
        <ele>0</ele>
      </trkpt>
      <trkpt lat="35.65746" lon="-119.2222">
        <ele>0</ele>
      </trkpt>
      <trkpt lat="35.65756" lon="-119.22223">
        <ele>0</ele>
      </trkpt>
      <trkpt lat="35.65882" lon="-119.22254">
        <ele>0</ele>
      </trkpt>
      <trkpt lat="35.65979" lon="-119.22274">
        <ele>0</ele>
      </trkpt>
      <trkpt lat="35.66079" lon="-119.22298">
        <ele>0</ele>
      </trkpt>
      <trkpt lat="35.66118" lon="-119.22306">
        <ele>0</ele>
      </trkpt>
      <trkpt lat="35.66181" lon="-119.22322">
        <ele>0</ele>
      </trkpt>
      <trkpt lat="35.66604" lon="-119.22421">
        <ele>0</ele>
      </trkpt>
      <trkpt lat="35.66607" lon="-119.22422">
        <ele>0</ele>
      </trkpt>
      <trkpt lat="35.66753" lon="-119.22455">
        <ele>0</ele>
      </trkpt>
      <trkpt lat="35.6699" lon="-119.22512">
        <ele>0</ele>
      </trkpt>
      <trkpt lat="35.67071" lon="-119.22535">
        <ele>0</ele>
      </trkpt>
      <trkpt lat="35.67233" lon="-119.22593">
        <ele>0</ele>
      </trkpt>
      <trkpt lat="35.67284" lon="-119.2261">
        <ele>0</ele>
      </trkpt>
      <trkpt lat="35.6731" lon="-119.22617">
        <ele>0</ele>
      </trkpt>
      <trkpt lat="35.67341" lon="-119.22627">
        <ele>0</ele>
      </trkpt>
      <trkpt lat="35.67354" lon="-119.2263">
        <ele>0</ele>
      </trkpt>
      <trkpt lat="35.6736" lon="-119.22632">
        <ele>0</ele>
      </trkpt>
      <trkpt lat="35.67463" lon="-119.22657">
        <ele>0</ele>
      </trkpt>
      <trkpt lat="35.6747" lon="-119.22658">
        <ele>0</ele>
      </trkpt>
      <trkpt lat="35.67779" lon="-119.2273">
        <ele>0</ele>
      </trkpt>
      <trkpt lat="35.67782" lon="-119.22731">
        <ele>0</ele>
      </trkpt>
      <trkpt lat="35.67821" lon="-119.22739">
        <ele>0</ele>
      </trkpt>
      <trkpt lat="35.67821" lon="-119.2274">
        <ele>0</ele>
      </trkpt>
      <trkpt lat="35.67924" lon="-119.22763">
        <ele>0</ele>
      </trkpt>
      <trkpt lat="35.67991" lon="-119.2278">
        <ele>0</ele>
      </trkpt>
      <trkpt lat="35.68006" lon="-119.22783">
        <ele>0</ele>
      </trkpt>
      <trkpt lat="35.68017" lon="-119.22786">
        <ele>0</ele>
      </trkpt>
      <trkpt lat="35.68037" lon="-119.2279">
        <ele>0</ele>
      </trkpt>
      <trkpt lat="35.68071" lon="-119.22798">
        <ele>0</ele>
      </trkpt>
      <trkpt lat="35.68078" lon="-119.228">
        <ele>0</ele>
      </trkpt>
      <trkpt lat="35.68234" lon="-119.22837">
        <ele>0</ele>
      </trkpt>
      <trkpt lat="35.68283" lon="-119.22846">
        <ele>0</ele>
      </trkpt>
      <trkpt lat="35.68341" lon="-119.22855">
        <ele>0</ele>
      </trkpt>
      <trkpt lat="35.68376" lon="-119.22859">
        <ele>0</ele>
      </trkpt>
      <trkpt lat="35.68386" lon="-119.22861">
        <ele>0</ele>
      </trkpt>
      <trkpt lat="35.68461" lon="-119.22869">
        <ele>0</ele>
      </trkpt>
      <trkpt lat="35.68496" lon="-119.22874">
        <ele>0</ele>
      </trkpt>
      <trkpt lat="35.68502" lon="-119.22874">
        <ele>0</ele>
      </trkpt>
      <trkpt lat="35.68548" lon="-119.2288">
        <ele>0</ele>
      </trkpt>
      <trkpt lat="35.68564" lon="-119.22883">
        <ele>0</ele>
      </trkpt>
      <trkpt lat="35.68569" lon="-119.22883">
        <ele>0</ele>
      </trkpt>
      <trkpt lat="35.68591" lon="-119.22887">
        <ele>0</ele>
      </trkpt>
      <trkpt lat="35.68616" lon="-119.22893">
        <ele>0</ele>
      </trkpt>
      <trkpt lat="35.68618" lon="-119.22893">
        <ele>0</ele>
      </trkpt>
      <trkpt lat="35.68768" lon="-119.22927">
        <ele>0</ele>
      </trkpt>
      <trkpt lat="35.68773" lon="-119.22929">
        <ele>0</ele>
      </trkpt>
      <trkpt lat="35.68798" lon="-119.22934">
        <ele>0</ele>
      </trkpt>
      <trkpt lat="35.68876" lon="-119.22953">
        <ele>0</ele>
      </trkpt>
      <trkpt lat="35.68882" lon="-119.22954">
        <ele>0</ele>
      </trkpt>
      <trkpt lat="35.68885" lon="-119.22955">
        <ele>0</ele>
      </trkpt>
      <trkpt lat="35.689" lon="-119.22958">
        <ele>0</ele>
      </trkpt>
      <trkpt lat="35.68903" lon="-119.22959">
        <ele>0</ele>
      </trkpt>
      <trkpt lat="35.68913" lon="-119.22961">
        <ele>0</ele>
      </trkpt>
      <trkpt lat="35.6906" lon="-119.22996">
        <ele>0</ele>
      </trkpt>
      <trkpt lat="35.69068" lon="-119.22997">
        <ele>0</ele>
      </trkpt>
      <trkpt lat="35.69098" lon="-119.23005">
        <ele>0</ele>
      </trkpt>
      <trkpt lat="35.69117" lon="-119.23009">
        <ele>0</ele>
      </trkpt>
      <trkpt lat="35.69124" lon="-119.23011">
        <ele>0</ele>
      </trkpt>
      <trkpt lat="35.69305" lon="-119.23054">
        <ele>0</ele>
      </trkpt>
      <trkpt lat="35.69331" lon="-119.23059">
        <ele>0</ele>
      </trkpt>
      <trkpt lat="35.69348" lon="-119.23063">
        <ele>0</ele>
      </trkpt>
      <trkpt lat="35.6937" lon="-119.23069">
        <ele>0</ele>
      </trkpt>
      <trkpt lat="35.69417" lon="-119.2308">
        <ele>0</ele>
      </trkpt>
      <trkpt lat="35.69432" lon="-119.23083">
        <ele>0</ele>
      </trkpt>
      <trkpt lat="35.69455" lon="-119.23089">
        <ele>0</ele>
      </trkpt>
      <trkpt lat="35.69591" lon="-119.2312">
        <ele>0</ele>
      </trkpt>
      <trkpt lat="35.69594" lon="-119.23121">
        <ele>0</ele>
      </trkpt>
      <trkpt lat="35.6966" lon="-119.23135">
        <ele>0</ele>
      </trkpt>
      <trkpt lat="35.69761" lon="-119.23159">
        <ele>0</ele>
      </trkpt>
      <trkpt lat="35.69767" lon="-119.23161">
        <ele>0</ele>
      </trkpt>
      <trkpt lat="35.69775" lon="-119.23162">
        <ele>0</ele>
      </trkpt>
      <trkpt lat="35.69881" lon="-119.23187">
        <ele>0</ele>
      </trkpt>
      <trkpt lat="35.69892" lon="-119.2319">
        <ele>0</ele>
      </trkpt>
      <trkpt lat="35.69919" lon="-119.23196">
        <ele>0</ele>
      </trkpt>
      <trkpt lat="35.69926" lon="-119.23198">
        <ele>0</ele>
      </trkpt>
      <trkpt lat="35.69932" lon="-119.23199">
        <ele>0</ele>
      </trkpt>
      <trkpt lat="35.70005" lon="-119.23216">
        <ele>0</ele>
      </trkpt>
      <trkpt lat="35.70019" lon="-119.2322">
        <ele>0</ele>
      </trkpt>
      <trkpt lat="35.70123" lon="-119.23243">
        <ele>0</ele>
      </trkpt>
      <trkpt lat="35.70134" lon="-119.23246">
        <ele>0</ele>
      </trkpt>
      <trkpt lat="35.70145" lon="-119.23248">
        <ele>0</ele>
      </trkpt>
      <trkpt lat="35.70155" lon="-119.23251">
        <ele>0</ele>
      </trkpt>
      <trkpt lat="35.70187" lon="-119.23258">
        <ele>0</ele>
      </trkpt>
      <trkpt lat="35.70218" lon="-119.23266">
        <ele>0</ele>
      </trkpt>
      <trkpt lat="35.70233" lon="-119.23269">
        <ele>0</ele>
      </trkpt>
      <trkpt lat="35.70252" lon="-119.23274">
        <ele>0</ele>
      </trkpt>
      <trkpt lat="35.70273" lon="-119.23278">
        <ele>0</ele>
      </trkpt>
      <trkpt lat="35.70279" lon="-119.2328">
        <ele>0</ele>
      </trkpt>
      <trkpt lat="35.70302" lon="-119.23285">
        <ele>0</ele>
      </trkpt>
      <trkpt lat="35.70313" lon="-119.23288">
        <ele>0</ele>
      </trkpt>
      <trkpt lat="35.70324" lon="-119.2329">
        <ele>0</ele>
      </trkpt>
      <trkpt lat="35.70341" lon="-119.23294">
        <ele>0</ele>
      </trkpt>
      <trkpt lat="35.70343" lon="-119.23295">
        <ele>0</ele>
      </trkpt>
      <trkpt lat="35.70366" lon="-119.233">
        <ele>0</ele>
      </trkpt>
      <trkpt lat="35.70372" lon="-119.23302">
        <ele>0</ele>
      </trkpt>
      <trkpt lat="35.70393" lon="-119.23306">
        <ele>0</ele>
      </trkpt>
      <trkpt lat="35.70444" lon="-119.23319">
        <ele>0</ele>
      </trkpt>
      <trkpt lat="35.70456" lon="-119.23321">
        <ele>0</ele>
      </trkpt>
      <trkpt lat="35.7047" lon="-119.23325">
        <ele>0</ele>
      </trkpt>
      <trkpt lat="35.70487" lon="-119.23328">
        <ele>0</ele>
      </trkpt>
      <trkpt lat="35.70517" lon="-119.23336">
        <ele>0</ele>
      </trkpt>
      <trkpt lat="35.70525" lon="-119.23337">
        <ele>0</ele>
      </trkpt>
      <trkpt lat="35.7053" lon="-119.23338">
        <ele>0</ele>
      </trkpt>
      <trkpt lat="35.70539" lon="-119.23341">
        <ele>0</ele>
      </trkpt>
      <trkpt lat="35.70583" lon="-119.23351">
        <ele>0</ele>
      </trkpt>
      <trkpt lat="35.70589" lon="-119.23353">
        <ele>0</ele>
      </trkpt>
      <trkpt lat="35.70609" lon="-119.23357">
        <ele>0</ele>
      </trkpt>
      <trkpt lat="35.70661" lon="-119.23369">
        <ele>0</ele>
      </trkpt>
      <trkpt lat="35.70668" lon="-119.23371">
        <ele>0</ele>
      </trkpt>
      <trkpt lat="35.70821" lon="-119.23406">
        <ele>0</ele>
      </trkpt>
      <trkpt lat="35.70834" lon="-119.2341">
        <ele>0</ele>
      </trkpt>
      <trkpt lat="35.7084" lon="-119.23411">
        <ele>0</ele>
      </trkpt>
      <trkpt lat="35.70885" lon="-119.23422">
        <ele>0</ele>
      </trkpt>
      <trkpt lat="35.70945" lon="-119.23435">
        <ele>0</ele>
      </trkpt>
      <trkpt lat="35.71015" lon="-119.23452">
        <ele>0</ele>
      </trkpt>
      <trkpt lat="35.71035" lon="-119.23456">
        <ele>0</ele>
      </trkpt>
      <trkpt lat="35.71043" lon="-119.23458">
        <ele>0</ele>
      </trkpt>
      <trkpt lat="35.71055" lon="-119.2346">
        <ele>0</ele>
      </trkpt>
      <trkpt lat="35.71059" lon="-119.23462">
        <ele>0</ele>
      </trkpt>
      <trkpt lat="35.71063" lon="-119.23462">
        <ele>0</ele>
      </trkpt>
      <trkpt lat="35.71068" lon="-119.23464">
        <ele>0</ele>
      </trkpt>
      <trkpt lat="35.71085" lon="-119.23468">
        <ele>0</ele>
      </trkpt>
      <trkpt lat="35.71093" lon="-119.23469">
        <ele>0</ele>
      </trkpt>
      <trkpt lat="35.71103" lon="-119.23472">
        <ele>0</ele>
      </trkpt>
      <trkpt lat="35.71168" lon="-119.23487">
        <ele>0</ele>
      </trkpt>
      <trkpt lat="35.71195" lon="-119.23494">
        <ele>0</ele>
      </trkpt>
      <trkpt lat="35.71228" lon="-119.23501">
        <ele>0</ele>
      </trkpt>
      <trkpt lat="35.7123" lon="-119.23502">
        <ele>0</ele>
      </trkpt>
      <trkpt lat="35.71237" lon="-119.23503">
        <ele>0</ele>
      </trkpt>
      <trkpt lat="35.71256" lon="-119.23508">
        <ele>0</ele>
      </trkpt>
      <trkpt lat="35.7127" lon="-119.23511">
        <ele>0</ele>
      </trkpt>
      <trkpt lat="35.71274" lon="-119.23513">
        <ele>0</ele>
      </trkpt>
      <trkpt lat="35.71288" lon="-119.23516">
        <ele>0</ele>
      </trkpt>
      <trkpt lat="35.71306" lon="-119.23522">
        <ele>0</ele>
      </trkpt>
      <trkpt lat="35.71315" lon="-119.23524">
        <ele>0</ele>
      </trkpt>
      <trkpt lat="35.71322" lon="-119.23527">
        <ele>0</ele>
      </trkpt>
      <trkpt lat="35.71324" lon="-119.23527">
        <ele>0</ele>
      </trkpt>
      <trkpt lat="35.71334" lon="-119.2353">
        <ele>0</ele>
      </trkpt>
      <trkpt lat="35.71376" lon="-119.23545">
        <ele>0</ele>
      </trkpt>
      <trkpt lat="35.71383" lon="-119.23547">
        <ele>0</ele>
      </trkpt>
      <trkpt lat="35.71399" lon="-119.23554">
        <ele>0</ele>
      </trkpt>
      <trkpt lat="35.71408" lon="-119.23557">
        <ele>0</ele>
      </trkpt>
      <trkpt lat="35.71419" lon="-119.23562">
        <ele>0</ele>
      </trkpt>
      <trkpt lat="35.71431" lon="-119.23566">
        <ele>0</ele>
      </trkpt>
      <trkpt lat="35.7147" lon="-119.23584">
        <ele>0</ele>
      </trkpt>
      <trkpt lat="35.71495" lon="-119.23594">
        <ele>0</ele>
      </trkpt>
      <trkpt lat="35.71589" lon="-119.23638">
        <ele>0</ele>
      </trkpt>
      <trkpt lat="35.71651" lon="-119.23664">
        <ele>0</ele>
      </trkpt>
      <trkpt lat="35.71662" lon="-119.23668">
        <ele>0</ele>
      </trkpt>
      <trkpt lat="35.71686" lon="-119.23678">
        <ele>0</ele>
      </trkpt>
      <trkpt lat="35.71727" lon="-119.23692">
        <ele>0</ele>
      </trkpt>
      <trkpt lat="35.71765" lon="-119.23703">
        <ele>0</ele>
      </trkpt>
      <trkpt lat="35.7179" lon="-119.23709">
        <ele>0</ele>
      </trkpt>
      <trkpt lat="35.71827" lon="-119.23719">
        <ele>0</ele>
      </trkpt>
      <trkpt lat="35.71841" lon="-119.23722">
        <ele>0</ele>
      </trkpt>
      <trkpt lat="35.71854" lon="-119.23724">
        <ele>0</ele>
      </trkpt>
      <trkpt lat="35.71868" lon="-119.23727">
        <ele>0</ele>
      </trkpt>
      <trkpt lat="35.71919" lon="-119.23735">
        <ele>0</ele>
      </trkpt>
      <trkpt lat="35.71947" lon="-119.23738">
        <ele>0</ele>
      </trkpt>
      <trkpt lat="35.71968" lon="-119.23741">
        <ele>0</ele>
      </trkpt>
      <trkpt lat="35.71971" lon="-119.23741">
        <ele>0</ele>
      </trkpt>
      <trkpt lat="35.72024" lon="-119.23745">
        <ele>0</ele>
      </trkpt>
      <trkpt lat="35.72038" lon="-119.23745">
        <ele>0</ele>
      </trkpt>
      <trkpt lat="35.72052" lon="-119.23746">
        <ele>0</ele>
      </trkpt>
      <trkpt lat="35.72091" lon="-119.23747">
        <ele>0</ele>
      </trkpt>
      <trkpt lat="35.72129" lon="-119.23747">
        <ele>0</ele>
      </trkpt>
      <trkpt lat="35.72143" lon="-119.23748">
        <ele>0</ele>
      </trkpt>
      <trkpt lat="35.72234" lon="-119.2375">
        <ele>0</ele>
      </trkpt>
      <trkpt lat="35.72249" lon="-119.23752">
        <ele>0</ele>
      </trkpt>
      <trkpt lat="35.72261" lon="-119.23752">
        <ele>0</ele>
      </trkpt>
      <trkpt lat="35.7227" lon="-119.23753">
        <ele>0</ele>
      </trkpt>
      <trkpt lat="35.723" lon="-119.23758">
        <ele>0</ele>
      </trkpt>
      <trkpt lat="35.72312" lon="-119.23759">
        <ele>0</ele>
      </trkpt>
      <trkpt lat="35.72335" lon="-119.23763">
        <ele>0</ele>
      </trkpt>
      <trkpt lat="35.72353" lon="-119.23765">
        <ele>0</ele>
      </trkpt>
      <trkpt lat="35.72362" lon="-119.23767">
        <ele>0</ele>
      </trkpt>
      <trkpt lat="35.72375" lon="-119.23769">
        <ele>0</ele>
      </trkpt>
      <trkpt lat="35.72382" lon="-119.23771">
        <ele>0</ele>
      </trkpt>
      <trkpt lat="35.72407" lon="-119.23775">
        <ele>0</ele>
      </trkpt>
      <trkpt lat="35.72419" lon="-119.23778">
        <ele>0</ele>
      </trkpt>
      <trkpt lat="35.72441" lon="-119.23782">
        <ele>0</ele>
      </trkpt>
      <trkpt lat="35.72486" lon="-119.23793">
        <ele>0</ele>
      </trkpt>
      <trkpt lat="35.72513" lon="-119.23798">
        <ele>0</ele>
      </trkpt>
      <trkpt lat="35.72514" lon="-119.23798">
        <ele>0</ele>
      </trkpt>
      <trkpt lat="35.72543" lon="-119.23805">
        <ele>0</ele>
      </trkpt>
      <trkpt lat="35.72546" lon="-119.23806">
        <ele>0</ele>
      </trkpt>
      <trkpt lat="35.72621" lon="-119.23823">
        <ele>0</ele>
      </trkpt>
      <trkpt lat="35.72635" lon="-119.23827">
        <ele>0</ele>
      </trkpt>
      <trkpt lat="35.72645" lon="-119.23829">
        <ele>0</ele>
      </trkpt>
      <trkpt lat="35.7297" lon="-119.23906">
        <ele>0</ele>
      </trkpt>
      <trkpt lat="35.7298" lon="-119.23907">
        <ele>0</ele>
      </trkpt>
      <trkpt lat="35.73018" lon="-119.23916">
        <ele>0</ele>
      </trkpt>
      <trkpt lat="35.73055" lon="-119.23923">
        <ele>0</ele>
      </trkpt>
      <trkpt lat="35.73092" lon="-119.23932">
        <ele>0</ele>
      </trkpt>
      <trkpt lat="35.73113" lon="-119.23938">
        <ele>0</ele>
      </trkpt>
      <trkpt lat="35.73262" lon="-119.23973">
        <ele>0</ele>
      </trkpt>
      <trkpt lat="35.73265" lon="-119.23973">
        <ele>0</ele>
      </trkpt>
      <trkpt lat="35.73321" lon="-119.23987">
        <ele>0</ele>
      </trkpt>
      <trkpt lat="35.73327" lon="-119.23988">
        <ele>0</ele>
      </trkpt>
      <trkpt lat="35.73343" lon="-119.23992">
        <ele>0</ele>
      </trkpt>
      <trkpt lat="35.73365" lon="-119.23999">
        <ele>0</ele>
      </trkpt>
      <trkpt lat="35.73371" lon="-119.24">
        <ele>0</ele>
      </trkpt>
      <trkpt lat="35.73397" lon="-119.24007">
        <ele>0</ele>
      </trkpt>
      <trkpt lat="35.73406" lon="-119.24009">
        <ele>0</ele>
      </trkpt>
      <trkpt lat="35.73409" lon="-119.2401">
        <ele>0</ele>
      </trkpt>
      <trkpt lat="35.73414" lon="-119.24011">
        <ele>0</ele>
      </trkpt>
      <trkpt lat="35.73433" lon="-119.24016">
        <ele>0</ele>
      </trkpt>
      <trkpt lat="35.73885" lon="-119.24121">
        <ele>0</ele>
      </trkpt>
      <trkpt lat="35.73933" lon="-119.24133">
        <ele>0</ele>
      </trkpt>
      <trkpt lat="35.73958" lon="-119.24138">
        <ele>0</ele>
      </trkpt>
      <trkpt lat="35.74114" lon="-119.24174">
        <ele>0</ele>
      </trkpt>
      <trkpt lat="35.74144" lon="-119.24182">
        <ele>0</ele>
      </trkpt>
      <trkpt lat="35.74235" lon="-119.24202">
        <ele>0</ele>
      </trkpt>
      <trkpt lat="35.74273" lon="-119.24212">
        <ele>0</ele>
      </trkpt>
      <trkpt lat="35.74316" lon="-119.24222">
        <ele>0</ele>
      </trkpt>
      <trkpt lat="35.74338" lon="-119.24228">
        <ele>0</ele>
      </trkpt>
      <trkpt lat="35.74351" lon="-119.24231">
        <ele>0</ele>
      </trkpt>
      <trkpt lat="35.74356" lon="-119.24233">
        <ele>0</ele>
      </trkpt>
      <trkpt lat="35.74377" lon="-119.2424">
        <ele>0</ele>
      </trkpt>
      <trkpt lat="35.74388" lon="-119.24243">
        <ele>0</ele>
      </trkpt>
      <trkpt lat="35.74568" lon="-119.24318">
        <ele>0</ele>
      </trkpt>
      <trkpt lat="35.7463" lon="-119.24345">
        <ele>0</ele>
      </trkpt>
      <trkpt lat="35.74658" lon="-119.24356">
        <ele>0</ele>
      </trkpt>
      <trkpt lat="35.74763" lon="-119.24402">
        <ele>0</ele>
      </trkpt>
      <trkpt lat="35.74836" lon="-119.24432">
        <ele>0</ele>
      </trkpt>
      <trkpt lat="35.74847" lon="-119.24436">
        <ele>0</ele>
      </trkpt>
      <trkpt lat="35.74864" lon="-119.24444">
        <ele>0</ele>
      </trkpt>
      <trkpt lat="35.74947" lon="-119.2448">
        <ele>0</ele>
      </trkpt>
      <trkpt lat="35.74996" lon="-119.245">
        <ele>0</ele>
      </trkpt>
      <trkpt lat="35.75078" lon="-119.24536">
        <ele>0</ele>
      </trkpt>
      <trkpt lat="35.75118" lon="-119.24552">
        <ele>0</ele>
      </trkpt>
      <trkpt lat="35.75126" lon="-119.24556">
        <ele>0</ele>
      </trkpt>
      <trkpt lat="35.75155" lon="-119.24569">
        <ele>0</ele>
      </trkpt>
      <trkpt lat="35.75209" lon="-119.24591">
        <ele>0</ele>
      </trkpt>
      <trkpt lat="35.75212" lon="-119.24592">
        <ele>0</ele>
      </trkpt>
      <trkpt lat="35.75215" lon="-119.24594">
        <ele>0</ele>
      </trkpt>
      <trkpt lat="35.75224" lon="-119.24598">
        <ele>0</ele>
      </trkpt>
      <trkpt lat="35.75237" lon="-119.24603">
        <ele>0</ele>
      </trkpt>
      <trkpt lat="35.75261" lon="-119.24614">
        <ele>0</ele>
      </trkpt>
      <trkpt lat="35.75283" lon="-119.24622">
        <ele>0</ele>
      </trkpt>
      <trkpt lat="35.75293" lon="-119.24627">
        <ele>0</ele>
      </trkpt>
      <trkpt lat="35.75365" lon="-119.24657">
        <ele>0</ele>
      </trkpt>
      <trkpt lat="35.75396" lon="-119.24672">
        <ele>0</ele>
      </trkpt>
      <trkpt lat="35.75458" lon="-119.24698">
        <ele>0</ele>
      </trkpt>
      <trkpt lat="35.75485" lon="-119.24708">
        <ele>0</ele>
      </trkpt>
      <trkpt lat="35.75531" lon="-119.24728">
        <ele>0</ele>
      </trkpt>
      <trkpt lat="35.75549" lon="-119.24735">
        <ele>0</ele>
      </trkpt>
      <trkpt lat="35.75562" lon="-119.24741">
        <ele>0</ele>
      </trkpt>
      <trkpt lat="35.75617" lon="-119.24764">
        <ele>0</ele>
      </trkpt>
      <trkpt lat="35.75637" lon="-119.24771">
        <ele>0</ele>
      </trkpt>
      <trkpt lat="35.75656" lon="-119.24779">
        <ele>0</ele>
      </trkpt>
      <trkpt lat="35.75701" lon="-119.24793">
        <ele>0</ele>
      </trkpt>
      <trkpt lat="35.75717" lon="-119.24797">
        <ele>0</ele>
      </trkpt>
      <trkpt lat="35.75729" lon="-119.24801">
        <ele>0</ele>
      </trkpt>
      <trkpt lat="35.75739" lon="-119.24803">
        <ele>0</ele>
      </trkpt>
      <trkpt lat="35.75769" lon="-119.24811">
        <ele>0</ele>
      </trkpt>
      <trkpt lat="35.75852" lon="-119.2483">
        <ele>0</ele>
      </trkpt>
      <trkpt lat="35.75863" lon="-119.24833">
        <ele>0</ele>
      </trkpt>
      <trkpt lat="35.75889" lon="-119.24838">
        <ele>0</ele>
      </trkpt>
      <trkpt lat="35.76069" lon="-119.24881">
        <ele>0</ele>
      </trkpt>
      <trkpt lat="35.76102" lon="-119.24888">
        <ele>0</ele>
      </trkpt>
      <trkpt lat="35.76121" lon="-119.24893">
        <ele>0</ele>
      </trkpt>
      <trkpt lat="35.76132" lon="-119.24895">
        <ele>0</ele>
      </trkpt>
      <trkpt lat="35.76149" lon="-119.24899">
        <ele>0</ele>
      </trkpt>
      <trkpt lat="35.76151" lon="-119.249">
        <ele>0</ele>
      </trkpt>
      <trkpt lat="35.76204" lon="-119.24912">
        <ele>0</ele>
      </trkpt>
      <trkpt lat="35.76206" lon="-119.24912">
        <ele>0</ele>
      </trkpt>
      <trkpt lat="35.76276" lon="-119.24929">
        <ele>0</ele>
      </trkpt>
      <trkpt lat="35.76283" lon="-119.2493">
        <ele>0</ele>
      </trkpt>
      <trkpt lat="35.76309" lon="-119.24937">
        <ele>0</ele>
      </trkpt>
      <trkpt lat="35.76342" lon="-119.24944">
        <ele>0</ele>
      </trkpt>
      <trkpt lat="35.76743" lon="-119.25038">
        <ele>0</ele>
      </trkpt>
      <trkpt lat="35.76751" lon="-119.25039">
        <ele>0</ele>
      </trkpt>
      <trkpt lat="35.76798" lon="-119.25051">
        <ele>0</ele>
      </trkpt>
      <trkpt lat="35.76815" lon="-119.25054">
        <ele>0</ele>
      </trkpt>
      <trkpt lat="35.76942" lon="-119.25084">
        <ele>0</ele>
      </trkpt>
      <trkpt lat="35.76949" lon="-119.25086">
        <ele>0</ele>
      </trkpt>
      <trkpt lat="35.76956" lon="-119.25087">
        <ele>0</ele>
      </trkpt>
      <trkpt lat="35.76977" lon="-119.25092">
        <ele>0</ele>
      </trkpt>
      <trkpt lat="35.7698" lon="-119.25093">
        <ele>0</ele>
      </trkpt>
      <trkpt lat="35.77004" lon="-119.25098">
        <ele>0</ele>
      </trkpt>
      <trkpt lat="35.77139" lon="-119.2513">
        <ele>0</ele>
      </trkpt>
      <trkpt lat="35.77181" lon="-119.25141">
        <ele>0</ele>
      </trkpt>
      <trkpt lat="35.77182" lon="-119.25141">
        <ele>0</ele>
      </trkpt>
      <trkpt lat="35.77415" lon="-119.25195">
        <ele>0</ele>
      </trkpt>
      <trkpt lat="35.77421" lon="-119.25197">
        <ele>0</ele>
      </trkpt>
      <trkpt lat="35.77427" lon="-119.25198">
        <ele>0</ele>
      </trkpt>
      <trkpt lat="35.77625" lon="-119.25244">
        <ele>0</ele>
      </trkpt>
      <trkpt lat="35.77637" lon="-119.25246">
        <ele>0</ele>
      </trkpt>
      <trkpt lat="35.77681" lon="-119.25255">
        <ele>0</ele>
      </trkpt>
      <trkpt lat="35.77715" lon="-119.25263">
        <ele>0</ele>
      </trkpt>
      <trkpt lat="35.77716" lon="-119.25263">
        <ele>0</ele>
      </trkpt>
      <trkpt lat="35.77745" lon="-119.2527">
        <ele>0</ele>
      </trkpt>
      <trkpt lat="35.77769" lon="-119.25275">
        <ele>0</ele>
      </trkpt>
      <trkpt lat="35.77823" lon="-119.25288">
        <ele>0</ele>
      </trkpt>
      <trkpt lat="35.77845" lon="-119.25294">
        <ele>0</ele>
      </trkpt>
      <trkpt lat="35.77862" lon="-119.25298">
        <ele>0</ele>
      </trkpt>
      <trkpt lat="35.77873" lon="-119.253">
        <ele>0</ele>
      </trkpt>
      <trkpt lat="35.77909" lon="-119.25308">
        <ele>0</ele>
      </trkpt>
      <trkpt lat="35.77952" lon="-119.25315">
        <ele>0</ele>
      </trkpt>
      <trkpt lat="35.77993" lon="-119.25318">
        <ele>0</ele>
      </trkpt>
      <trkpt lat="35.78035" lon="-119.25318">
        <ele>0</ele>
      </trkpt>
      <trkpt lat="35.7807" lon="-119.25316">
        <ele>0</ele>
      </trkpt>
      <trkpt lat="35.78083" lon="-119.25314">
        <ele>0</ele>
      </trkpt>
      <trkpt lat="35.78096" lon="-119.25313">
        <ele>0</ele>
      </trkpt>
      <trkpt lat="35.78123" lon="-119.25308">
        <ele>0</ele>
      </trkpt>
      <trkpt lat="35.78143" lon="-119.25303">
        <ele>0</ele>
      </trkpt>
      <trkpt lat="35.78163" lon="-119.25299">
        <ele>0</ele>
      </trkpt>
      <trkpt lat="35.78171" lon="-119.25296">
        <ele>0</ele>
      </trkpt>
      <trkpt lat="35.78212" lon="-119.25283">
        <ele>0</ele>
      </trkpt>
      <trkpt lat="35.78246" lon="-119.25269">
        <ele>0</ele>
      </trkpt>
      <trkpt lat="35.78259" lon="-119.25263">
        <ele>0</ele>
      </trkpt>
      <trkpt lat="35.7826" lon="-119.25262">
        <ele>0</ele>
      </trkpt>
      <trkpt lat="35.78272" lon="-119.25257">
        <ele>0</ele>
      </trkpt>
      <trkpt lat="35.7832" lon="-119.25231">
        <ele>0</ele>
      </trkpt>
      <trkpt lat="35.7836" lon="-119.25208">
        <ele>0</ele>
      </trkpt>
      <trkpt lat="35.7839" lon="-119.25192">
        <ele>0</ele>
      </trkpt>
      <trkpt lat="35.78416" lon="-119.25177">
        <ele>0</ele>
      </trkpt>
      <trkpt lat="35.7843" lon="-119.2517">
        <ele>0</ele>
      </trkpt>
      <trkpt lat="35.78449" lon="-119.25159">
        <ele>0</ele>
      </trkpt>
      <trkpt lat="35.78457" lon="-119.25155">
        <ele>0</ele>
      </trkpt>
      <trkpt lat="35.7846" lon="-119.25153">
        <ele>0</ele>
      </trkpt>
      <trkpt lat="35.78502" lon="-119.2513">
        <ele>0</ele>
      </trkpt>
      <trkpt lat="35.78522" lon="-119.25118">
        <ele>0</ele>
      </trkpt>
      <trkpt lat="35.78526" lon="-119.25117">
        <ele>0</ele>
      </trkpt>
      <trkpt lat="35.78548" lon="-119.25104">
        <ele>0</ele>
      </trkpt>
      <trkpt lat="35.78549" lon="-119.25104">
        <ele>0</ele>
      </trkpt>
      <trkpt lat="35.7859" lon="-119.25081">
        <ele>0</ele>
      </trkpt>
      <trkpt lat="35.78639" lon="-119.25056">
        <ele>0</ele>
      </trkpt>
      <trkpt lat="35.78653" lon="-119.2505">
        <ele>0</ele>
      </trkpt>
      <trkpt lat="35.78661" lon="-119.25048">
        <ele>0</ele>
      </trkpt>
      <trkpt lat="35.78673" lon="-119.25043">
        <ele>0</ele>
      </trkpt>
      <trkpt lat="35.78707" lon="-119.25032">
        <ele>0</ele>
      </trkpt>
      <trkpt lat="35.78725" lon="-119.25028">
        <ele>0</ele>
      </trkpt>
      <trkpt lat="35.7873" lon="-119.25026">
        <ele>0</ele>
      </trkpt>
      <trkpt lat="35.78738" lon="-119.25025">
        <ele>0</ele>
      </trkpt>
      <trkpt lat="35.78756" lon="-119.25021">
        <ele>0</ele>
      </trkpt>
      <trkpt lat="35.78804" lon="-119.25016">
        <ele>0</ele>
      </trkpt>
      <trkpt lat="35.78835" lon="-119.25016">
        <ele>0</ele>
      </trkpt>
      <trkpt lat="35.78882" lon="-119.25019">
        <ele>0</ele>
      </trkpt>
      <trkpt lat="35.78914" lon="-119.25024">
        <ele>0</ele>
      </trkpt>
      <trkpt lat="35.78956" lon="-119.25034">
        <ele>0</ele>
      </trkpt>
      <trkpt lat="35.79006" lon="-119.25052">
        <ele>0</ele>
      </trkpt>
      <trkpt lat="35.79026" lon="-119.2506">
        <ele>0</ele>
      </trkpt>
      <trkpt lat="35.7906" lon="-119.25077">
        <ele>0</ele>
      </trkpt>
      <trkpt lat="35.79069" lon="-119.25083">
        <ele>0</ele>
      </trkpt>
      <trkpt lat="35.79092" lon="-119.25097">
        <ele>0</ele>
      </trkpt>
      <trkpt lat="35.79102" lon="-119.25104">
        <ele>0</ele>
      </trkpt>
      <trkpt lat="35.79103" lon="-119.25104">
        <ele>0</ele>
      </trkpt>
      <trkpt lat="35.79107" lon="-119.25108">
        <ele>0</ele>
      </trkpt>
      <trkpt lat="35.79129" lon="-119.25123">
        <ele>0</ele>
      </trkpt>
      <trkpt lat="35.79138" lon="-119.25131">
        <ele>0</ele>
      </trkpt>
      <trkpt lat="35.7914" lon="-119.25132">
        <ele>0</ele>
      </trkpt>
      <trkpt lat="35.79225" lon="-119.25199">
        <ele>0</ele>
      </trkpt>
      <trkpt lat="35.79256" lon="-119.25222">
        <ele>0</ele>
      </trkpt>
      <trkpt lat="35.79259" lon="-119.25225">
        <ele>0</ele>
      </trkpt>
      <trkpt lat="35.79286" lon="-119.25245">
        <ele>0</ele>
      </trkpt>
      <trkpt lat="35.79298" lon="-119.25253">
        <ele>0</ele>
      </trkpt>
      <trkpt lat="35.79307" lon="-119.2526">
        <ele>0</ele>
      </trkpt>
      <trkpt lat="35.79313" lon="-119.25263">
        <ele>0</ele>
      </trkpt>
      <trkpt lat="35.79319" lon="-119.25268">
        <ele>0</ele>
      </trkpt>
      <trkpt lat="35.79349" lon="-119.25285">
        <ele>0</ele>
      </trkpt>
      <trkpt lat="35.79374" lon="-119.25297">
        <ele>0</ele>
      </trkpt>
      <trkpt lat="35.79418" lon="-119.25314">
        <ele>0</ele>
      </trkpt>
      <trkpt lat="35.79434" lon="-119.25319">
        <ele>0</ele>
      </trkpt>
      <trkpt lat="35.79439" lon="-119.2532">
        <ele>0</ele>
      </trkpt>
      <trkpt lat="35.79444" lon="-119.25322">
        <ele>0</ele>
      </trkpt>
      <trkpt lat="35.79454" lon="-119.25324">
        <ele>0</ele>
      </trkpt>
      <trkpt lat="35.79478" lon="-119.25331">
        <ele>0</ele>
      </trkpt>
      <trkpt lat="35.79479" lon="-119.25331">
        <ele>0</ele>
      </trkpt>
      <trkpt lat="35.79516" lon="-119.2534">
        <ele>0</ele>
      </trkpt>
      <trkpt lat="35.79524" lon="-119.25341">
        <ele>0</ele>
      </trkpt>
      <trkpt lat="35.79577" lon="-119.25354">
        <ele>0</ele>
      </trkpt>
      <trkpt lat="35.79588" lon="-119.25356">
        <ele>0</ele>
      </trkpt>
      <trkpt lat="35.79678" lon="-119.25377">
        <ele>0</ele>
      </trkpt>
      <trkpt lat="35.7968" lon="-119.25377">
        <ele>0</ele>
      </trkpt>
      <trkpt lat="35.79705" lon="-119.25383">
        <ele>0</ele>
      </trkpt>
      <trkpt lat="35.7977" lon="-119.25396">
        <ele>0</ele>
      </trkpt>
      <trkpt lat="35.79782" lon="-119.25399">
        <ele>0</ele>
      </trkpt>
      <trkpt lat="35.79793" lon="-119.25401">
        <ele>0</ele>
      </trkpt>
      <trkpt lat="35.79795" lon="-119.25402">
        <ele>0</ele>
      </trkpt>
      <trkpt lat="35.79809" lon="-119.25405">
        <ele>0</ele>
      </trkpt>
      <trkpt lat="35.79824" lon="-119.25409">
        <ele>0</ele>
      </trkpt>
      <trkpt lat="35.80079" lon="-119.25467">
        <ele>0</ele>
      </trkpt>
      <trkpt lat="35.8011" lon="-119.25475">
        <ele>0</ele>
      </trkpt>
      <trkpt lat="35.80199" lon="-119.25495">
        <ele>0</ele>
      </trkpt>
      <trkpt lat="35.80206" lon="-119.25497">
        <ele>0</ele>
      </trkpt>
      <trkpt lat="35.80208" lon="-119.25497">
        <ele>0</ele>
      </trkpt>
      <trkpt lat="35.80252" lon="-119.25507">
        <ele>0</ele>
      </trkpt>
      <trkpt lat="35.80263" lon="-119.2551">
        <ele>0</ele>
      </trkpt>
      <trkpt lat="35.80324" lon="-119.25524">
        <ele>0</ele>
      </trkpt>
      <trkpt lat="35.80351" lon="-119.25531">
        <ele>0</ele>
      </trkpt>
      <trkpt lat="35.80354" lon="-119.25531">
        <ele>0</ele>
      </trkpt>
      <trkpt lat="35.80382" lon="-119.25538">
        <ele>0</ele>
      </trkpt>
      <trkpt lat="35.80395" lon="-119.25542">
        <ele>0</ele>
      </trkpt>
      <trkpt lat="35.80421" lon="-119.25548">
        <ele>0</ele>
      </trkpt>
      <trkpt lat="35.80432" lon="-119.2555">
        <ele>0</ele>
      </trkpt>
      <trkpt lat="35.80478" lon="-119.25561">
        <ele>0</ele>
      </trkpt>
      <trkpt lat="35.80519" lon="-119.25572">
        <ele>0</ele>
      </trkpt>
      <trkpt lat="35.80717" lon="-119.25617">
        <ele>0</ele>
      </trkpt>
      <trkpt lat="35.80791" lon="-119.25635">
        <ele>0</ele>
      </trkpt>
      <trkpt lat="35.8082" lon="-119.25641">
        <ele>0</ele>
      </trkpt>
      <trkpt lat="35.80899" lon="-119.2566">
        <ele>0</ele>
      </trkpt>
      <trkpt lat="35.80906" lon="-119.25662">
        <ele>0</ele>
      </trkpt>
      <trkpt lat="35.80949" lon="-119.25671">
        <ele>0</ele>
      </trkpt>
      <trkpt lat="35.80989" lon="-119.25681">
        <ele>0</ele>
      </trkpt>
      <trkpt lat="35.80995" lon="-119.25683">
        <ele>0</ele>
      </trkpt>
      <trkpt lat="35.81045" lon="-119.25694">
        <ele>0</ele>
      </trkpt>
      <trkpt lat="35.8108" lon="-119.25703">
        <ele>0</ele>
      </trkpt>
      <trkpt lat="35.812" lon="-119.25731">
        <ele>0</ele>
      </trkpt>
      <trkpt lat="35.81207" lon="-119.25732">
        <ele>0</ele>
      </trkpt>
      <trkpt lat="35.81213" lon="-119.25734">
        <ele>0</ele>
      </trkpt>
      <trkpt lat="35.81225" lon="-119.25736">
        <ele>0</ele>
      </trkpt>
      <trkpt lat="35.81267" lon="-119.25746">
        <ele>0</ele>
      </trkpt>
      <trkpt lat="35.81269" lon="-119.25747">
        <ele>0</ele>
      </trkpt>
      <trkpt lat="35.81373" lon="-119.25771">
        <ele>0</ele>
      </trkpt>
      <trkpt lat="35.81384" lon="-119.25774">
        <ele>0</ele>
      </trkpt>
      <trkpt lat="35.81579" lon="-119.25819">
        <ele>0</ele>
      </trkpt>
      <trkpt lat="35.81591" lon="-119.25821">
        <ele>0</ele>
      </trkpt>
      <trkpt lat="35.81603" lon="-119.25824">
        <ele>0</ele>
      </trkpt>
      <trkpt lat="35.81617" lon="-119.25826">
        <ele>0</ele>
      </trkpt>
      <trkpt lat="35.81644" lon="-119.25831">
        <ele>0</ele>
      </trkpt>
      <trkpt lat="35.81671" lon="-119.25835">
        <ele>0</ele>
      </trkpt>
      <trkpt lat="35.81683" lon="-119.25836">
        <ele>0</ele>
      </trkpt>
      <trkpt lat="35.81697" lon="-119.25838">
        <ele>0</ele>
      </trkpt>
      <trkpt lat="35.81764" lon="-119.25843">
        <ele>0</ele>
      </trkpt>
      <trkpt lat="35.81778" lon="-119.25843">
        <ele>0</ele>
      </trkpt>
      <trkpt lat="35.81789" lon="-119.25844">
        <ele>0</ele>
      </trkpt>
      <trkpt lat="35.82095" lon="-119.25845">
        <ele>0</ele>
      </trkpt>
      <trkpt lat="35.82108" lon="-119.25846">
        <ele>0</ele>
      </trkpt>
      <trkpt lat="35.82301" lon="-119.25846">
        <ele>0</ele>
      </trkpt>
      <trkpt lat="35.82307" lon="-119.25847">
        <ele>0</ele>
      </trkpt>
      <trkpt lat="35.82469" lon="-119.25847">
        <ele>0</ele>
      </trkpt>
      <trkpt lat="35.8248" lon="-119.25848">
        <ele>0</ele>
      </trkpt>
      <trkpt lat="35.82507" lon="-119.25848">
        <ele>0</ele>
      </trkpt>
      <trkpt lat="35.82516" lon="-119.25849">
        <ele>0</ele>
      </trkpt>
      <trkpt lat="35.82542" lon="-119.2585">
        <ele>0</ele>
      </trkpt>
      <trkpt lat="35.82592" lon="-119.25855">
        <ele>0</ele>
      </trkpt>
      <trkpt lat="35.82595" lon="-119.25855">
        <ele>0</ele>
      </trkpt>
      <trkpt lat="35.82612" lon="-119.25857">
        <ele>0</ele>
      </trkpt>
      <trkpt lat="35.82627" lon="-119.2586">
        <ele>0</ele>
      </trkpt>
      <trkpt lat="35.82639" lon="-119.25861">
        <ele>0</ele>
      </trkpt>
      <trkpt lat="35.82652" lon="-119.25864">
        <ele>0</ele>
      </trkpt>
      <trkpt lat="35.8266" lon="-119.25865">
        <ele>0</ele>
      </trkpt>
      <trkpt lat="35.82692" lon="-119.25871">
        <ele>0</ele>
      </trkpt>
      <trkpt lat="35.82743" lon="-119.25883">
        <ele>0</ele>
      </trkpt>
      <trkpt lat="35.8275" lon="-119.25884">
        <ele>0</ele>
      </trkpt>
      <trkpt lat="35.82757" lon="-119.25886">
        <ele>0</ele>
      </trkpt>
      <trkpt lat="35.82784" lon="-119.25892">
        <ele>0</ele>
      </trkpt>
      <trkpt lat="35.82795" lon="-119.25895">
        <ele>0</ele>
      </trkpt>
      <trkpt lat="35.8282" lon="-119.259">
        <ele>0</ele>
      </trkpt>
      <trkpt lat="35.82893" lon="-119.25917">
        <ele>0</ele>
      </trkpt>
      <trkpt lat="35.82899" lon="-119.25919">
        <ele>0</ele>
      </trkpt>
      <trkpt lat="35.82944" lon="-119.25929">
        <ele>0</ele>
      </trkpt>
      <trkpt lat="35.82992" lon="-119.25941">
        <ele>0</ele>
      </trkpt>
      <trkpt lat="35.83031" lon="-119.25949">
        <ele>0</ele>
      </trkpt>
      <trkpt lat="35.83294" lon="-119.26011">
        <ele>0</ele>
      </trkpt>
      <trkpt lat="35.83407" lon="-119.26036">
        <ele>0</ele>
      </trkpt>
      <trkpt lat="35.835" lon="-119.26059">
        <ele>0</ele>
      </trkpt>
      <trkpt lat="35.83601" lon="-119.26082">
        <ele>0</ele>
      </trkpt>
      <trkpt lat="35.8364" lon="-119.26092">
        <ele>0</ele>
      </trkpt>
      <trkpt lat="35.83666" lon="-119.261">
        <ele>0</ele>
      </trkpt>
      <trkpt lat="35.83678" lon="-119.26103">
        <ele>0</ele>
      </trkpt>
      <trkpt lat="35.83691" lon="-119.26108">
        <ele>0</ele>
      </trkpt>
      <trkpt lat="35.83704" lon="-119.26112">
        <ele>0</ele>
      </trkpt>
      <trkpt lat="35.83716" lon="-119.26117">
        <ele>0</ele>
      </trkpt>
      <trkpt lat="35.83743" lon="-119.26127">
        <ele>0</ele>
      </trkpt>
      <trkpt lat="35.83793" lon="-119.26149">
        <ele>0</ele>
      </trkpt>
      <trkpt lat="35.83818" lon="-119.26161">
        <ele>0</ele>
      </trkpt>
      <trkpt lat="35.83843" lon="-119.26174">
        <ele>0</ele>
      </trkpt>
      <trkpt lat="35.83879" lon="-119.26194">
        <ele>0</ele>
      </trkpt>
      <trkpt lat="35.83889" lon="-119.26201">
        <ele>0</ele>
      </trkpt>
      <trkpt lat="35.83901" lon="-119.26208">
        <ele>0</ele>
      </trkpt>
      <trkpt lat="35.83954" lon="-119.26243">
        <ele>0</ele>
      </trkpt>
      <trkpt lat="35.83958" lon="-119.26247">
        <ele>0</ele>
      </trkpt>
      <trkpt lat="35.84005" lon="-119.26279">
        <ele>0</ele>
      </trkpt>
      <trkpt lat="35.84018" lon="-119.26289">
        <ele>0</ele>
      </trkpt>
      <trkpt lat="35.84098" lon="-119.26344">
        <ele>0</ele>
      </trkpt>
      <trkpt lat="35.84125" lon="-119.26361">
        <ele>0</ele>
      </trkpt>
      <trkpt lat="35.84168" lon="-119.26385">
        <ele>0</ele>
      </trkpt>
      <trkpt lat="35.84206" lon="-119.26404">
        <ele>0</ele>
      </trkpt>
      <trkpt lat="35.84243" lon="-119.26421">
        <ele>0</ele>
      </trkpt>
      <trkpt lat="35.84294" lon="-119.26441">
        <ele>0</ele>
      </trkpt>
      <trkpt lat="35.84307" lon="-119.26445">
        <ele>0</ele>
      </trkpt>
      <trkpt lat="35.8432" lon="-119.2645">
        <ele>0</ele>
      </trkpt>
      <trkpt lat="35.84358" lon="-119.26462">
        <ele>0</ele>
      </trkpt>
      <trkpt lat="35.84371" lon="-119.26465">
        <ele>0</ele>
      </trkpt>
      <trkpt lat="35.84384" lon="-119.26469">
        <ele>0</ele>
      </trkpt>
      <trkpt lat="35.84737" lon="-119.26551">
        <ele>0</ele>
      </trkpt>
      <trkpt lat="35.84749" lon="-119.26553">
        <ele>0</ele>
      </trkpt>
      <trkpt lat="35.84775" lon="-119.2656">
        <ele>0</ele>
      </trkpt>
      <trkpt lat="35.84816" lon="-119.26569">
        <ele>0</ele>
      </trkpt>
      <trkpt lat="35.84827" lon="-119.26572">
        <ele>0</ele>
      </trkpt>
      <trkpt lat="35.84854" lon="-119.26578">
        <ele>0</ele>
      </trkpt>
      <trkpt lat="35.84865" lon="-119.2658">
        <ele>0</ele>
      </trkpt>
      <trkpt lat="35.84879" lon="-119.26584">
        <ele>0</ele>
      </trkpt>
      <trkpt lat="35.84909" lon="-119.2659">
        <ele>0</ele>
      </trkpt>
      <trkpt lat="35.8492" lon="-119.26593">
        <ele>0</ele>
      </trkpt>
      <trkpt lat="35.84969" lon="-119.26604">
        <ele>0</ele>
      </trkpt>
      <trkpt lat="35.84984" lon="-119.26608">
        <ele>0</ele>
      </trkpt>
      <trkpt lat="35.84986" lon="-119.26608">
        <ele>0</ele>
      </trkpt>
      <trkpt lat="35.85196" lon="-119.26657">
        <ele>0</ele>
      </trkpt>
      <trkpt lat="35.85204" lon="-119.26658">
        <ele>0</ele>
      </trkpt>
      <trkpt lat="35.85214" lon="-119.26661">
        <ele>0</ele>
      </trkpt>
      <trkpt lat="35.85225" lon="-119.26663">
        <ele>0</ele>
      </trkpt>
      <trkpt lat="35.85256" lon="-119.2667">
        <ele>0</ele>
      </trkpt>
      <trkpt lat="35.85271" lon="-119.26674">
        <ele>0</ele>
      </trkpt>
      <trkpt lat="35.85661" lon="-119.26764">
        <ele>0</ele>
      </trkpt>
      <trkpt lat="35.85675" lon="-119.26768">
        <ele>0</ele>
      </trkpt>
      <trkpt lat="35.85687" lon="-119.2677">
        <ele>0</ele>
      </trkpt>
      <trkpt lat="35.85752" lon="-119.26786">
        <ele>0</ele>
      </trkpt>
      <trkpt lat="35.85777" lon="-119.26791">
        <ele>0</ele>
      </trkpt>
      <trkpt lat="35.85792" lon="-119.26795">
        <ele>0</ele>
      </trkpt>
      <trkpt lat="35.8596" lon="-119.26834">
        <ele>0</ele>
      </trkpt>
      <trkpt lat="35.85975" lon="-119.26837">
        <ele>0</ele>
      </trkpt>
      <trkpt lat="35.86013" lon="-119.26846">
        <ele>0</ele>
      </trkpt>
      <trkpt lat="35.86023" lon="-119.26849">
        <ele>0</ele>
      </trkpt>
      <trkpt lat="35.86066" lon="-119.26858">
        <ele>0</ele>
      </trkpt>
      <trkpt lat="35.86078" lon="-119.26861">
        <ele>0</ele>
      </trkpt>
      <trkpt lat="35.86081" lon="-119.26862">
        <ele>0</ele>
      </trkpt>
      <trkpt lat="35.86092" lon="-119.26864">
        <ele>0</ele>
      </trkpt>
      <trkpt lat="35.86206" lon="-119.26891">
        <ele>0</ele>
      </trkpt>
      <trkpt lat="35.86221" lon="-119.26894">
        <ele>0</ele>
      </trkpt>
      <trkpt lat="35.86259" lon="-119.26903">
        <ele>0</ele>
      </trkpt>
      <trkpt lat="35.86274" lon="-119.26906">
        <ele>0</ele>
      </trkpt>
      <trkpt lat="35.86313" lon="-119.26916">
        <ele>0</ele>
      </trkpt>
      <trkpt lat="35.86364" lon="-119.26927">
        <ele>0</ele>
      </trkpt>
      <trkpt lat="35.86378" lon="-119.26931">
        <ele>0</ele>
      </trkpt>
      <trkpt lat="35.86416" lon="-119.2694">
        <ele>0</ele>
      </trkpt>
      <trkpt lat="35.86428" lon="-119.26942">
        <ele>0</ele>
      </trkpt>
      <trkpt lat="35.86442" lon="-119.26946">
        <ele>0</ele>
      </trkpt>
      <trkpt lat="35.86467" lon="-119.26951">
        <ele>0</ele>
      </trkpt>
      <trkpt lat="35.86481" lon="-119.26955">
        <ele>0</ele>
      </trkpt>
      <trkpt lat="35.8652" lon="-119.26963">
        <ele>0</ele>
      </trkpt>
      <trkpt lat="35.86535" lon="-119.26967">
        <ele>0</ele>
      </trkpt>
      <trkpt lat="35.86559" lon="-119.26972">
        <ele>0</ele>
      </trkpt>
      <trkpt lat="35.86646" lon="-119.26993">
        <ele>0</ele>
      </trkpt>
      <trkpt lat="35.86662" lon="-119.26996">
        <ele>0</ele>
      </trkpt>
      <trkpt lat="35.86678" lon="-119.27">
        <ele>0</ele>
      </trkpt>
      <trkpt lat="35.86688" lon="-119.27002">
        <ele>0</ele>
      </trkpt>
      <trkpt lat="35.86689" lon="-119.27002">
        <ele>0</ele>
      </trkpt>
      <trkpt lat="35.86727" lon="-119.27011">
        <ele>0</ele>
      </trkpt>
      <trkpt lat="35.86734" lon="-119.27013">
        <ele>0</ele>
      </trkpt>
      <trkpt lat="35.86741" lon="-119.27014">
        <ele>0</ele>
      </trkpt>
      <trkpt lat="35.86776" lon="-119.27023">
        <ele>0</ele>
      </trkpt>
      <trkpt lat="35.86782" lon="-119.27024">
        <ele>0</ele>
      </trkpt>
      <trkpt lat="35.86794" lon="-119.27027">
        <ele>0</ele>
      </trkpt>
      <trkpt lat="35.86805" lon="-119.27029">
        <ele>0</ele>
      </trkpt>
      <trkpt lat="35.86833" lon="-119.27036">
        <ele>0</ele>
      </trkpt>
      <trkpt lat="35.86846" lon="-119.27038">
        <ele>0</ele>
      </trkpt>
      <trkpt lat="35.86871" lon="-119.27044">
        <ele>0</ele>
      </trkpt>
      <trkpt lat="35.86877" lon="-119.27044">
        <ele>0</ele>
      </trkpt>
      <trkpt lat="35.86891" lon="-119.27047">
        <ele>0</ele>
      </trkpt>
      <trkpt lat="35.86894" lon="-119.27048">
        <ele>0</ele>
      </trkpt>
      <trkpt lat="35.86898" lon="-119.27048">
        <ele>0</ele>
      </trkpt>
      <trkpt lat="35.86912" lon="-119.27051">
        <ele>0</ele>
      </trkpt>
      <trkpt lat="35.86926" lon="-119.27053">
        <ele>0</ele>
      </trkpt>
      <trkpt lat="35.86939" lon="-119.27054">
        <ele>0</ele>
      </trkpt>
      <trkpt lat="35.86951" lon="-119.27056">
        <ele>0</ele>
      </trkpt>
      <trkpt lat="35.86964" lon="-119.27057">
        <ele>0</ele>
      </trkpt>
      <trkpt lat="35.86979" lon="-119.27059">
        <ele>0</ele>
      </trkpt>
      <trkpt lat="35.86984" lon="-119.27059">
        <ele>0</ele>
      </trkpt>
      <trkpt lat="35.86988" lon="-119.2706">
        <ele>0</ele>
      </trkpt>
      <trkpt lat="35.86992" lon="-119.2706">
        <ele>0</ele>
      </trkpt>
      <trkpt lat="35.87031" lon="-119.27063">
        <ele>0</ele>
      </trkpt>
      <trkpt lat="35.87043" lon="-119.27063">
        <ele>0</ele>
      </trkpt>
      <trkpt lat="35.87058" lon="-119.27064">
        <ele>0</ele>
      </trkpt>
      <trkpt lat="35.87111" lon="-119.27064">
        <ele>0</ele>
      </trkpt>
      <trkpt lat="35.87124" lon="-119.27063">
        <ele>0</ele>
      </trkpt>
      <trkpt lat="35.87137" lon="-119.27063">
        <ele>0</ele>
      </trkpt>
      <trkpt lat="35.87177" lon="-119.2706">
        <ele>0</ele>
      </trkpt>
      <trkpt lat="35.87185" lon="-119.27059">
        <ele>0</ele>
      </trkpt>
      <trkpt lat="35.87188" lon="-119.27059">
        <ele>0</ele>
      </trkpt>
      <trkpt lat="35.87214" lon="-119.27057">
        <ele>0</ele>
      </trkpt>
      <trkpt lat="35.87229" lon="-119.27055">
        <ele>0</ele>
      </trkpt>
      <trkpt lat="35.87255" lon="-119.27053">
        <ele>0</ele>
      </trkpt>
      <trkpt lat="35.87256" lon="-119.27052">
        <ele>0</ele>
      </trkpt>
      <trkpt lat="35.87283" lon="-119.2705">
        <ele>0</ele>
      </trkpt>
      <trkpt lat="35.87296" lon="-119.27048">
        <ele>0</ele>
      </trkpt>
      <trkpt lat="35.87334" lon="-119.27045">
        <ele>0</ele>
      </trkpt>
      <trkpt lat="35.87346" lon="-119.27043">
        <ele>0</ele>
      </trkpt>
      <trkpt lat="35.87349" lon="-119.27043">
        <ele>0</ele>
      </trkpt>
      <trkpt lat="35.87369" lon="-119.27041">
        <ele>0</ele>
      </trkpt>
      <trkpt lat="35.87372" lon="-119.27041">
        <ele>0</ele>
      </trkpt>
      <trkpt lat="35.87375" lon="-119.2704">
        <ele>0</ele>
      </trkpt>
      <trkpt lat="35.87387" lon="-119.27039">
        <ele>0</ele>
      </trkpt>
      <trkpt lat="35.87389" lon="-119.27039">
        <ele>0</ele>
      </trkpt>
      <trkpt lat="35.8741" lon="-119.27037">
        <ele>0</ele>
      </trkpt>
      <trkpt lat="35.87413" lon="-119.27037">
        <ele>0</ele>
      </trkpt>
      <trkpt lat="35.87416" lon="-119.27036">
        <ele>0</ele>
      </trkpt>
      <trkpt lat="35.87417" lon="-119.27036">
        <ele>0</ele>
      </trkpt>
      <trkpt lat="35.87425" lon="-119.27035">
        <ele>0</ele>
      </trkpt>
      <trkpt lat="35.87428" lon="-119.27035">
        <ele>0</ele>
      </trkpt>
      <trkpt lat="35.87454" lon="-119.27032">
        <ele>0</ele>
      </trkpt>
      <trkpt lat="35.8748" lon="-119.2703">
        <ele>0</ele>
      </trkpt>
      <trkpt lat="35.87484" lon="-119.27029">
        <ele>0</ele>
      </trkpt>
      <trkpt lat="35.8749" lon="-119.27029">
        <ele>0</ele>
      </trkpt>
      <trkpt lat="35.87494" lon="-119.27028">
        <ele>0</ele>
      </trkpt>
      <trkpt lat="35.87504" lon="-119.27027">
        <ele>0</ele>
      </trkpt>
      <trkpt lat="35.87507" lon="-119.27027">
        <ele>0</ele>
      </trkpt>
      <trkpt lat="35.87517" lon="-119.27026">
        <ele>0</ele>
      </trkpt>
      <trkpt lat="35.8752" lon="-119.27026">
        <ele>0</ele>
      </trkpt>
      <trkpt lat="35.87529" lon="-119.27025">
        <ele>0</ele>
      </trkpt>
      <trkpt lat="35.87534" lon="-119.27024">
        <ele>0</ele>
      </trkpt>
      <trkpt lat="35.87547" lon="-119.27023">
        <ele>0</ele>
      </trkpt>
      <trkpt lat="35.87556" lon="-119.27023">
        <ele>0</ele>
      </trkpt>
      <trkpt lat="35.8757" lon="-119.27022">
        <ele>0</ele>
      </trkpt>
      <trkpt lat="35.87625" lon="-119.27022">
        <ele>0</ele>
      </trkpt>
      <trkpt lat="35.8766" lon="-119.27025">
        <ele>0</ele>
      </trkpt>
      <trkpt lat="35.87667" lon="-119.27025">
        <ele>0</ele>
      </trkpt>
      <trkpt lat="35.87677" lon="-119.27027">
        <ele>0</ele>
      </trkpt>
      <trkpt lat="35.87697" lon="-119.27029">
        <ele>0</ele>
      </trkpt>
      <trkpt lat="35.87715" lon="-119.27032">
        <ele>0</ele>
      </trkpt>
      <trkpt lat="35.87718" lon="-119.27032">
        <ele>0</ele>
      </trkpt>
      <trkpt lat="35.8772" lon="-119.27033">
        <ele>0</ele>
      </trkpt>
      <trkpt lat="35.87726" lon="-119.27034">
        <ele>0</ele>
      </trkpt>
      <trkpt lat="35.87752" lon="-119.2704">
        <ele>0</ele>
      </trkpt>
      <trkpt lat="35.87754" lon="-119.2704">
        <ele>0</ele>
      </trkpt>
      <trkpt lat="35.87756" lon="-119.27041">
        <ele>0</ele>
      </trkpt>
      <trkpt lat="35.87767" lon="-119.27043">
        <ele>0</ele>
      </trkpt>
      <trkpt lat="35.87795" lon="-119.2705">
        <ele>0</ele>
      </trkpt>
      <trkpt lat="35.87823" lon="-119.27056">
        <ele>0</ele>
      </trkpt>
      <trkpt lat="35.87825" lon="-119.27057">
        <ele>0</ele>
      </trkpt>
      <trkpt lat="35.87847" lon="-119.27062">
        <ele>0</ele>
      </trkpt>
      <trkpt lat="35.87849" lon="-119.27062">
        <ele>0</ele>
      </trkpt>
      <trkpt lat="35.87861" lon="-119.27065">
        <ele>0</ele>
      </trkpt>
      <trkpt lat="35.87872" lon="-119.27067">
        <ele>0</ele>
      </trkpt>
      <trkpt lat="35.87911" lon="-119.27077">
        <ele>0</ele>
      </trkpt>
      <trkpt lat="35.87924" lon="-119.27079">
        <ele>0</ele>
      </trkpt>
      <trkpt lat="35.87927" lon="-119.2708">
        <ele>0</ele>
      </trkpt>
      <trkpt lat="35.87937" lon="-119.27082">
        <ele>0</ele>
      </trkpt>
      <trkpt lat="35.87944" lon="-119.27084">
        <ele>0</ele>
      </trkpt>
      <trkpt lat="35.8795" lon="-119.27085">
        <ele>0</ele>
      </trkpt>
      <trkpt lat="35.87953" lon="-119.27086">
        <ele>0</ele>
      </trkpt>
      <trkpt lat="35.87966" lon="-119.27089">
        <ele>0</ele>
      </trkpt>
      <trkpt lat="35.87976" lon="-119.27092">
        <ele>0</ele>
      </trkpt>
      <trkpt lat="35.88001" lon="-119.27097">
        <ele>0</ele>
      </trkpt>
      <trkpt lat="35.88004" lon="-119.27098">
        <ele>0</ele>
      </trkpt>
      <trkpt lat="35.8801" lon="-119.27099">
        <ele>0</ele>
      </trkpt>
      <trkpt lat="35.88017" lon="-119.27101">
        <ele>0</ele>
      </trkpt>
      <trkpt lat="35.88028" lon="-119.27103">
        <ele>0</ele>
      </trkpt>
      <trkpt lat="35.88031" lon="-119.27104">
        <ele>0</ele>
      </trkpt>
      <trkpt lat="35.88041" lon="-119.27106">
        <ele>0</ele>
      </trkpt>
      <trkpt lat="35.88055" lon="-119.2711">
        <ele>0</ele>
      </trkpt>
      <trkpt lat="35.88057" lon="-119.2711">
        <ele>0</ele>
      </trkpt>
      <trkpt lat="35.8806" lon="-119.27111">
        <ele>0</ele>
      </trkpt>
      <trkpt lat="35.88067" lon="-119.27112">
        <ele>0</ele>
      </trkpt>
      <trkpt lat="35.8807" lon="-119.27113">
        <ele>0</ele>
      </trkpt>
      <trkpt lat="35.8808" lon="-119.27115">
        <ele>0</ele>
      </trkpt>
      <trkpt lat="35.88082" lon="-119.27116">
        <ele>0</ele>
      </trkpt>
      <trkpt lat="35.88093" lon="-119.27118">
        <ele>0</ele>
      </trkpt>
      <trkpt lat="35.88096" lon="-119.27119">
        <ele>0</ele>
      </trkpt>
      <trkpt lat="35.88106" lon="-119.27121">
        <ele>0</ele>
      </trkpt>
      <trkpt lat="35.88109" lon="-119.27122">
        <ele>0</ele>
      </trkpt>
      <trkpt lat="35.88119" lon="-119.27124">
        <ele>0</ele>
      </trkpt>
      <trkpt lat="35.88125" lon="-119.27126">
        <ele>0</ele>
      </trkpt>
      <trkpt lat="35.88133" lon="-119.27127">
        <ele>0</ele>
      </trkpt>
      <trkpt lat="35.88135" lon="-119.27128">
        <ele>0</ele>
      </trkpt>
      <trkpt lat="35.88144" lon="-119.2713">
        <ele>0</ele>
      </trkpt>
      <trkpt lat="35.88145" lon="-119.2713">
        <ele>0</ele>
      </trkpt>
      <trkpt lat="35.88148" lon="-119.27131">
        <ele>0</ele>
      </trkpt>
      <trkpt lat="35.88158" lon="-119.27133">
        <ele>0</ele>
      </trkpt>
      <trkpt lat="35.88164" lon="-119.27135">
        <ele>0</ele>
      </trkpt>
      <trkpt lat="35.88171" lon="-119.27136">
        <ele>0</ele>
      </trkpt>
      <trkpt lat="35.88174" lon="-119.27137">
        <ele>0</ele>
      </trkpt>
      <trkpt lat="35.88185" lon="-119.27139">
        <ele>0</ele>
      </trkpt>
      <trkpt lat="35.88187" lon="-119.2714">
        <ele>0</ele>
      </trkpt>
      <trkpt lat="35.88197" lon="-119.27142">
        <ele>0</ele>
      </trkpt>
      <trkpt lat="35.882" lon="-119.27143">
        <ele>0</ele>
      </trkpt>
      <trkpt lat="35.8821" lon="-119.27145">
        <ele>0</ele>
      </trkpt>
      <trkpt lat="35.88213" lon="-119.27146">
        <ele>0</ele>
      </trkpt>
      <trkpt lat="35.88223" lon="-119.27148">
        <ele>0</ele>
      </trkpt>
      <trkpt lat="35.88225" lon="-119.27149">
        <ele>0</ele>
      </trkpt>
      <trkpt lat="35.88226" lon="-119.27149">
        <ele>0</ele>
      </trkpt>
      <trkpt lat="35.88236" lon="-119.27151">
        <ele>0</ele>
      </trkpt>
      <trkpt lat="35.88239" lon="-119.27152">
        <ele>0</ele>
      </trkpt>
      <trkpt lat="35.88249" lon="-119.27154">
        <ele>0</ele>
      </trkpt>
      <trkpt lat="35.88252" lon="-119.27155">
        <ele>0</ele>
      </trkpt>
      <trkpt lat="35.88262" lon="-119.27157">
        <ele>0</ele>
      </trkpt>
      <trkpt lat="35.88265" lon="-119.27158">
        <ele>0</ele>
      </trkpt>
      <trkpt lat="35.88275" lon="-119.2716">
        <ele>0</ele>
      </trkpt>
      <trkpt lat="35.88278" lon="-119.27161">
        <ele>0</ele>
      </trkpt>
      <trkpt lat="35.88288" lon="-119.27163">
        <ele>0</ele>
      </trkpt>
      <trkpt lat="35.88295" lon="-119.27165">
        <ele>0</ele>
      </trkpt>
      <trkpt lat="35.88301" lon="-119.27166">
        <ele>0</ele>
      </trkpt>
      <trkpt lat="35.88304" lon="-119.27167">
        <ele>0</ele>
      </trkpt>
      <trkpt lat="35.88314" lon="-119.27169">
        <ele>0</ele>
      </trkpt>
      <trkpt lat="35.88317" lon="-119.2717">
        <ele>0</ele>
      </trkpt>
      <trkpt lat="35.88327" lon="-119.27172">
        <ele>0</ele>
      </trkpt>
      <trkpt lat="35.88328" lon="-119.27172">
        <ele>0</ele>
      </trkpt>
      <trkpt lat="35.8833" lon="-119.27173">
        <ele>0</ele>
      </trkpt>
      <trkpt lat="35.88368" lon="-119.27182">
        <ele>0</ele>
      </trkpt>
      <trkpt lat="35.88379" lon="-119.27184">
        <ele>0</ele>
      </trkpt>
      <trkpt lat="35.88382" lon="-119.27185">
        <ele>0</ele>
      </trkpt>
      <trkpt lat="35.88392" lon="-119.27187">
        <ele>0</ele>
      </trkpt>
      <trkpt lat="35.88393" lon="-119.27188">
        <ele>0</ele>
      </trkpt>
      <trkpt lat="35.88445" lon="-119.272">
        <ele>0</ele>
      </trkpt>
      <trkpt lat="35.88447" lon="-119.272">
        <ele>0</ele>
      </trkpt>
      <trkpt lat="35.88476" lon="-119.27207">
        <ele>0</ele>
      </trkpt>
      <trkpt lat="35.88482" lon="-119.27208">
        <ele>0</ele>
      </trkpt>
      <trkpt lat="35.88485" lon="-119.27209">
        <ele>0</ele>
      </trkpt>
      <trkpt lat="35.88499" lon="-119.27212">
        <ele>0</ele>
      </trkpt>
      <trkpt lat="35.885" lon="-119.27212">
        <ele>0</ele>
      </trkpt>
      <trkpt lat="35.88508" lon="-119.27214">
        <ele>0</ele>
      </trkpt>
      <trkpt lat="35.88511" lon="-119.27215">
        <ele>0</ele>
      </trkpt>
      <trkpt lat="35.88521" lon="-119.27217">
        <ele>0</ele>
      </trkpt>
      <trkpt lat="35.88524" lon="-119.27218">
        <ele>0</ele>
      </trkpt>
      <trkpt lat="35.88534" lon="-119.2722">
        <ele>0</ele>
      </trkpt>
      <trkpt lat="35.88537" lon="-119.27221">
        <ele>0</ele>
      </trkpt>
      <trkpt lat="35.88547" lon="-119.27223">
        <ele>0</ele>
      </trkpt>
      <trkpt lat="35.8855" lon="-119.27224">
        <ele>0</ele>
      </trkpt>
      <trkpt lat="35.88552" lon="-119.27224">
        <ele>0</ele>
      </trkpt>
      <trkpt lat="35.88563" lon="-119.27227">
        <ele>0</ele>
      </trkpt>
      <trkpt lat="35.88605" lon="-119.27236">
        <ele>0</ele>
      </trkpt>
      <trkpt lat="35.88623" lon="-119.27241">
        <ele>0</ele>
      </trkpt>
      <trkpt lat="35.88665" lon="-119.2725">
        <ele>0</ele>
      </trkpt>
      <trkpt lat="35.88684" lon="-119.27255">
        <ele>0</ele>
      </trkpt>
      <trkpt lat="35.88686" lon="-119.27255">
        <ele>0</ele>
      </trkpt>
      <trkpt lat="35.88731" lon="-119.27265">
        <ele>0</ele>
      </trkpt>
      <trkpt lat="35.88754" lon="-119.27271">
        <ele>0</ele>
      </trkpt>
      <trkpt lat="35.88991" lon="-119.27326">
        <ele>0</ele>
      </trkpt>
      <trkpt lat="35.89006" lon="-119.27329">
        <ele>0</ele>
      </trkpt>
      <trkpt lat="35.89052" lon="-119.2734">
        <ele>0</ele>
      </trkpt>
      <trkpt lat="35.89066" lon="-119.27344">
        <ele>0</ele>
      </trkpt>
      <trkpt lat="35.89076" lon="-119.27346">
        <ele>0</ele>
      </trkpt>
      <trkpt lat="35.89092" lon="-119.27351">
        <ele>0</ele>
      </trkpt>
      <trkpt lat="35.89103" lon="-119.27355">
        <ele>0</ele>
      </trkpt>
      <trkpt lat="35.89126" lon="-119.27362">
        <ele>0</ele>
      </trkpt>
      <trkpt lat="35.89153" lon="-119.27373">
        <ele>0</ele>
      </trkpt>
      <trkpt lat="35.89154" lon="-119.27374">
        <ele>0</ele>
      </trkpt>
      <trkpt lat="35.89183" lon="-119.27386">
        <ele>0</ele>
      </trkpt>
      <trkpt lat="35.89184" lon="-119.27387">
        <ele>0</ele>
      </trkpt>
      <trkpt lat="35.8919" lon="-119.2739">
        <ele>0</ele>
      </trkpt>
      <trkpt lat="35.89202" lon="-119.27395">
        <ele>0</ele>
      </trkpt>
      <trkpt lat="35.89229" lon="-119.27409">
        <ele>0</ele>
      </trkpt>
      <trkpt lat="35.8932" lon="-119.27462">
        <ele>0</ele>
      </trkpt>
      <trkpt lat="35.89328" lon="-119.27466">
        <ele>0</ele>
      </trkpt>
      <trkpt lat="35.8933" lon="-119.27468">
        <ele>0</ele>
      </trkpt>
      <trkpt lat="35.89357" lon="-119.27483">
        <ele>0</ele>
      </trkpt>
      <trkpt lat="35.89371" lon="-119.27492">
        <ele>0</ele>
      </trkpt>
      <trkpt lat="35.89378" lon="-119.27495">
        <ele>0</ele>
      </trkpt>
      <trkpt lat="35.8943" lon="-119.27526">
        <ele>0</ele>
      </trkpt>
      <trkpt lat="35.89435" lon="-119.27528">
        <ele>0</ele>
      </trkpt>
      <trkpt lat="35.89541" lon="-119.2759">
        <ele>0</ele>
      </trkpt>
      <trkpt lat="35.89572" lon="-119.27607">
        <ele>0</ele>
      </trkpt>
      <trkpt lat="35.89573" lon="-119.27608">
        <ele>0</ele>
      </trkpt>
      <trkpt lat="35.89599" lon="-119.27621">
        <ele>0</ele>
      </trkpt>
      <trkpt lat="35.89609" lon="-119.27627">
        <ele>0</ele>
      </trkpt>
      <trkpt lat="35.89672" lon="-119.27656">
        <ele>0</ele>
      </trkpt>
      <trkpt lat="35.89709" lon="-119.27671">
        <ele>0</ele>
      </trkpt>
      <trkpt lat="35.89721" lon="-119.27675">
        <ele>0</ele>
      </trkpt>
      <trkpt lat="35.89747" lon="-119.27685">
        <ele>0</ele>
      </trkpt>
      <trkpt lat="35.89779" lon="-119.27696">
        <ele>0</ele>
      </trkpt>
      <trkpt lat="35.89836" lon="-119.27712">
        <ele>0</ele>
      </trkpt>
      <trkpt lat="35.89884" lon="-119.27724">
        <ele>0</ele>
      </trkpt>
      <trkpt lat="35.8989" lon="-119.27725">
        <ele>0</ele>
      </trkpt>
      <trkpt lat="35.90244" lon="-119.27806">
        <ele>0</ele>
      </trkpt>
      <trkpt lat="35.90263" lon="-119.27811">
        <ele>0</ele>
      </trkpt>
      <trkpt lat="35.90382" lon="-119.27838">
        <ele>0</ele>
      </trkpt>
      <trkpt lat="35.90384" lon="-119.27839">
        <ele>0</ele>
      </trkpt>
      <trkpt lat="35.9039" lon="-119.2784">
        <ele>0</ele>
      </trkpt>
      <trkpt lat="35.90408" lon="-119.27844">
        <ele>0</ele>
      </trkpt>
      <trkpt lat="35.90415" lon="-119.27846">
        <ele>0</ele>
      </trkpt>
      <trkpt lat="35.90451" lon="-119.27854">
        <ele>0</ele>
      </trkpt>
      <trkpt lat="35.90461" lon="-119.27857">
        <ele>0</ele>
      </trkpt>
      <trkpt lat="35.90462" lon="-119.27857">
        <ele>0</ele>
      </trkpt>
      <trkpt lat="35.90466" lon="-119.27858">
        <ele>0</ele>
      </trkpt>
      <trkpt lat="35.90478" lon="-119.2786">
        <ele>0</ele>
      </trkpt>
      <trkpt lat="35.90492" lon="-119.27863">
        <ele>0</ele>
      </trkpt>
      <trkpt lat="35.90499" lon="-119.27865">
        <ele>0</ele>
      </trkpt>
      <trkpt lat="35.90504" lon="-119.27866">
        <ele>0</ele>
      </trkpt>
      <trkpt lat="35.90518" lon="-119.2787">
        <ele>0</ele>
      </trkpt>
      <trkpt lat="35.9053" lon="-119.27872">
        <ele>0</ele>
      </trkpt>
      <trkpt lat="35.90695" lon="-119.27911">
        <ele>0</ele>
      </trkpt>
      <trkpt lat="35.90723" lon="-119.27919">
        <ele>0</ele>
      </trkpt>
      <trkpt lat="35.90733" lon="-119.27921">
        <ele>0</ele>
      </trkpt>
      <trkpt lat="35.90772" lon="-119.27933">
        <ele>0</ele>
      </trkpt>
      <trkpt lat="35.90785" lon="-119.27936">
        <ele>0</ele>
      </trkpt>
      <trkpt lat="35.90809" lon="-119.27944">
        <ele>0</ele>
      </trkpt>
      <trkpt lat="35.90811" lon="-119.27944">
        <ele>0</ele>
      </trkpt>
      <trkpt lat="35.90836" lon="-119.27952">
        <ele>0</ele>
      </trkpt>
      <trkpt lat="35.90848" lon="-119.27955">
        <ele>0</ele>
      </trkpt>
      <trkpt lat="35.90874" lon="-119.27963">
        <ele>0</ele>
      </trkpt>
      <trkpt lat="35.909" lon="-119.2797">
        <ele>0</ele>
      </trkpt>
      <trkpt lat="35.90911" lon="-119.27974">
        <ele>0</ele>
      </trkpt>
      <trkpt lat="35.90924" lon="-119.27977">
        <ele>0</ele>
      </trkpt>
      <trkpt lat="35.90988" lon="-119.27995">
        <ele>0</ele>
      </trkpt>
      <trkpt lat="35.91051" lon="-119.2801">
        <ele>0</ele>
      </trkpt>
      <trkpt lat="35.91066" lon="-119.28013">
        <ele>0</ele>
      </trkpt>
      <trkpt lat="35.91077" lon="-119.28016">
        <ele>0</ele>
      </trkpt>
      <trkpt lat="35.91103" lon="-119.28022">
        <ele>0</ele>
      </trkpt>
      <trkpt lat="35.91116" lon="-119.28024">
        <ele>0</ele>
      </trkpt>
      <trkpt lat="35.91129" lon="-119.28028">
        <ele>0</ele>
      </trkpt>
      <trkpt lat="35.91146" lon="-119.28031">
        <ele>0</ele>
      </trkpt>
      <trkpt lat="35.91153" lon="-119.28033">
        <ele>0</ele>
      </trkpt>
      <trkpt lat="35.9122" lon="-119.28048">
        <ele>0</ele>
      </trkpt>
      <trkpt lat="35.91231" lon="-119.28051">
        <ele>0</ele>
      </trkpt>
      <trkpt lat="35.9127" lon="-119.2806">
        <ele>0</ele>
      </trkpt>
      <trkpt lat="35.91285" lon="-119.28064">
        <ele>0</ele>
      </trkpt>
      <trkpt lat="35.91297" lon="-119.28066">
        <ele>0</ele>
      </trkpt>
      <trkpt lat="35.91322" lon="-119.28072">
        <ele>0</ele>
      </trkpt>
      <trkpt lat="35.91324" lon="-119.28072">
        <ele>0</ele>
      </trkpt>
      <trkpt lat="35.9135" lon="-119.28079">
        <ele>0</ele>
      </trkpt>
      <trkpt lat="35.91352" lon="-119.28079">
        <ele>0</ele>
      </trkpt>
      <trkpt lat="35.9141" lon="-119.28092">
        <ele>0</ele>
      </trkpt>
      <trkpt lat="35.91415" lon="-119.28094">
        <ele>0</ele>
      </trkpt>
      <trkpt lat="35.91427" lon="-119.28096">
        <ele>0</ele>
      </trkpt>
      <trkpt lat="35.91453" lon="-119.28102">
        <ele>0</ele>
      </trkpt>
      <trkpt lat="35.91455" lon="-119.28103">
        <ele>0</ele>
      </trkpt>
      <trkpt lat="35.91467" lon="-119.28105">
        <ele>0</ele>
      </trkpt>
      <trkpt lat="35.91543" lon="-119.28123">
        <ele>0</ele>
      </trkpt>
      <trkpt lat="35.91558" lon="-119.28126">
        <ele>0</ele>
      </trkpt>
      <trkpt lat="35.91686" lon="-119.28156">
        <ele>0</ele>
      </trkpt>
      <trkpt lat="35.91688" lon="-119.28156">
        <ele>0</ele>
      </trkpt>
      <trkpt lat="35.91698" lon="-119.28158">
        <ele>0</ele>
      </trkpt>
      <trkpt lat="35.91711" lon="-119.28162">
        <ele>0</ele>
      </trkpt>
      <trkpt lat="35.91717" lon="-119.28163">
        <ele>0</ele>
      </trkpt>
      <trkpt lat="35.91737" lon="-119.28168">
        <ele>0</ele>
      </trkpt>
      <trkpt lat="35.91748" lon="-119.2817">
        <ele>0</ele>
      </trkpt>
      <trkpt lat="35.9175" lon="-119.28171">
        <ele>0</ele>
      </trkpt>
      <trkpt lat="35.91763" lon="-119.28173">
        <ele>0</ele>
      </trkpt>
      <trkpt lat="35.91775" lon="-119.28176">
        <ele>0</ele>
      </trkpt>
      <trkpt lat="35.9179" lon="-119.28179">
        <ele>0</ele>
      </trkpt>
      <trkpt lat="35.91803" lon="-119.28181">
        <ele>0</ele>
      </trkpt>
      <trkpt lat="35.91816" lon="-119.28184">
        <ele>0</ele>
      </trkpt>
      <trkpt lat="35.91848" lon="-119.28189">
        <ele>0</ele>
      </trkpt>
      <trkpt lat="35.9186" lon="-119.2819">
        <ele>0</ele>
      </trkpt>
      <trkpt lat="35.91874" lon="-119.28192">
        <ele>0</ele>
      </trkpt>
      <trkpt lat="35.91878" lon="-119.28193">
        <ele>0</ele>
      </trkpt>
      <trkpt lat="35.91894" lon="-119.28195">
        <ele>0</ele>
      </trkpt>
      <trkpt lat="35.91902" lon="-119.28195">
        <ele>0</ele>
      </trkpt>
      <trkpt lat="35.91908" lon="-119.28196">
        <ele>0</ele>
      </trkpt>
      <trkpt lat="35.91926" lon="-119.28197">
        <ele>0</ele>
      </trkpt>
      <trkpt lat="35.91946" lon="-119.28199">
        <ele>0</ele>
      </trkpt>
      <trkpt lat="35.91959" lon="-119.28199">
        <ele>0</ele>
      </trkpt>
      <trkpt lat="35.91973" lon="-119.282">
        <ele>0</ele>
      </trkpt>
      <trkpt lat="35.92049" lon="-119.282">
        <ele>0</ele>
      </trkpt>
      <trkpt lat="35.92076" lon="-119.28198">
        <ele>0</ele>
      </trkpt>
      <trkpt lat="35.92084" lon="-119.28198">
        <ele>0</ele>
      </trkpt>
      <trkpt lat="35.92089" lon="-119.28197">
        <ele>0</ele>
      </trkpt>
      <trkpt lat="35.92101" lon="-119.28197">
        <ele>0</ele>
      </trkpt>
      <trkpt lat="35.92167" lon="-119.28192">
        <ele>0</ele>
      </trkpt>
      <trkpt lat="35.92173" lon="-119.28191">
        <ele>0</ele>
      </trkpt>
      <trkpt lat="35.92181" lon="-119.28191">
        <ele>0</ele>
      </trkpt>
      <trkpt lat="35.92192" lon="-119.2819">
        <ele>0</ele>
      </trkpt>
      <trkpt lat="35.92194" lon="-119.2819">
        <ele>0</ele>
      </trkpt>
      <trkpt lat="35.92279" lon="-119.28183">
        <ele>0</ele>
      </trkpt>
      <trkpt lat="35.92283" lon="-119.28183">
        <ele>0</ele>
      </trkpt>
      <trkpt lat="35.92377" lon="-119.28176">
        <ele>0</ele>
      </trkpt>
      <trkpt lat="35.92385" lon="-119.28176">
        <ele>0</ele>
      </trkpt>
      <trkpt lat="35.9239" lon="-119.28175">
        <ele>0</ele>
      </trkpt>
      <trkpt lat="35.92443" lon="-119.28171">
        <ele>0</ele>
      </trkpt>
      <trkpt lat="35.92456" lon="-119.28171">
        <ele>0</ele>
      </trkpt>
      <trkpt lat="35.92482" lon="-119.28169">
        <ele>0</ele>
      </trkpt>
      <trkpt lat="35.92486" lon="-119.28169">
        <ele>0</ele>
      </trkpt>
      <trkpt lat="35.92495" lon="-119.28168">
        <ele>0</ele>
      </trkpt>
      <trkpt lat="35.92535" lon="-119.28168">
        <ele>0</ele>
      </trkpt>
      <trkpt lat="35.92548" lon="-119.28167">
        <ele>0</ele>
      </trkpt>
      <trkpt lat="35.92558" lon="-119.28168">
        <ele>0</ele>
      </trkpt>
      <trkpt lat="35.92587" lon="-119.28168">
        <ele>0</ele>
      </trkpt>
      <trkpt lat="35.926" lon="-119.28169">
        <ele>0</ele>
      </trkpt>
      <trkpt lat="35.92613" lon="-119.28169">
        <ele>0</ele>
      </trkpt>
      <trkpt lat="35.92626" lon="-119.2817">
        <ele>0</ele>
      </trkpt>
      <trkpt lat="35.9263" lon="-119.2817">
        <ele>0</ele>
      </trkpt>
      <trkpt lat="35.92666" lon="-119.28173">
        <ele>0</ele>
      </trkpt>
      <trkpt lat="35.92678" lon="-119.28175">
        <ele>0</ele>
      </trkpt>
      <trkpt lat="35.92702" lon="-119.28177">
        <ele>0</ele>
      </trkpt>
      <trkpt lat="35.92704" lon="-119.28178">
        <ele>0</ele>
      </trkpt>
      <trkpt lat="35.92717" lon="-119.28179">
        <ele>0</ele>
      </trkpt>
      <trkpt lat="35.92769" lon="-119.28187">
        <ele>0</ele>
      </trkpt>
      <trkpt lat="35.92821" lon="-119.28198">
        <ele>0</ele>
      </trkpt>
      <trkpt lat="35.92846" lon="-119.28204">
        <ele>0</ele>
      </trkpt>
      <trkpt lat="35.9286" lon="-119.28208">
        <ele>0</ele>
      </trkpt>
      <trkpt lat="35.92873" lon="-119.28211">
        <ele>0</ele>
      </trkpt>
      <trkpt lat="35.92886" lon="-119.28215">
        <ele>0</ele>
      </trkpt>
      <trkpt lat="35.92898" lon="-119.28218">
        <ele>0</ele>
      </trkpt>
      <trkpt lat="35.92899" lon="-119.28219">
        <ele>0</ele>
      </trkpt>
      <trkpt lat="35.9295" lon="-119.28235">
        <ele>0</ele>
      </trkpt>
      <trkpt lat="35.92987" lon="-119.28248">
        <ele>0</ele>
      </trkpt>
      <trkpt lat="35.92999" lon="-119.28253">
        <ele>0</ele>
      </trkpt>
      <trkpt lat="35.93003" lon="-119.28255">
        <ele>0</ele>
      </trkpt>
      <trkpt lat="35.93011" lon="-119.28258">
        <ele>0</ele>
      </trkpt>
      <trkpt lat="35.9302" lon="-119.28262">
        <ele>0</ele>
      </trkpt>
      <trkpt lat="35.93024" lon="-119.28263">
        <ele>0</ele>
      </trkpt>
      <trkpt lat="35.93037" lon="-119.28268">
        <ele>0</ele>
      </trkpt>
      <trkpt lat="35.93049" lon="-119.28274">
        <ele>0</ele>
      </trkpt>
      <trkpt lat="35.93061" lon="-119.28279">
        <ele>0</ele>
      </trkpt>
      <trkpt lat="35.93071" lon="-119.28284">
        <ele>0</ele>
      </trkpt>
      <trkpt lat="35.93073" lon="-119.28284">
        <ele>0</ele>
      </trkpt>
      <trkpt lat="35.93123" lon="-119.28308">
        <ele>0</ele>
      </trkpt>
      <trkpt lat="35.93146" lon="-119.28321">
        <ele>0</ele>
      </trkpt>
      <trkpt lat="35.93171" lon="-119.28333">
        <ele>0</ele>
      </trkpt>
      <trkpt lat="35.93254" lon="-119.28378">
        <ele>0</ele>
      </trkpt>
      <trkpt lat="35.93255" lon="-119.28379">
        <ele>0</ele>
      </trkpt>
      <trkpt lat="35.93267" lon="-119.28385">
        <ele>0</ele>
      </trkpt>
      <trkpt lat="35.9327" lon="-119.28387">
        <ele>0</ele>
      </trkpt>
      <trkpt lat="35.93279" lon="-119.28391">
        <ele>0</ele>
      </trkpt>
      <trkpt lat="35.93291" lon="-119.28398">
        <ele>0</ele>
      </trkpt>
      <trkpt lat="35.93303" lon="-119.28404">
        <ele>0</ele>
      </trkpt>
      <trkpt lat="35.93314" lon="-119.28411">
        <ele>0</ele>
      </trkpt>
      <trkpt lat="35.93327" lon="-119.28417">
        <ele>0</ele>
      </trkpt>
      <trkpt lat="35.93339" lon="-119.28424">
        <ele>0</ele>
      </trkpt>
      <trkpt lat="35.93363" lon="-119.28436">
        <ele>0</ele>
      </trkpt>
      <trkpt lat="35.93387" lon="-119.2845">
        <ele>0</ele>
      </trkpt>
      <trkpt lat="35.93435" lon="-119.28475">
        <ele>0</ele>
      </trkpt>
      <trkpt lat="35.93471" lon="-119.28495">
        <ele>0</ele>
      </trkpt>
      <trkpt lat="35.93483" lon="-119.28501">
        <ele>0</ele>
      </trkpt>
      <trkpt lat="35.93495" lon="-119.28508">
        <ele>0</ele>
      </trkpt>
      <trkpt lat="35.93555" lon="-119.2854">
        <ele>0</ele>
      </trkpt>
      <trkpt lat="35.93579" lon="-119.28552">
        <ele>0</ele>
      </trkpt>
      <trkpt lat="35.93591" lon="-119.28559">
        <ele>0</ele>
      </trkpt>
      <trkpt lat="35.93616" lon="-119.28571">
        <ele>0</ele>
      </trkpt>
      <trkpt lat="35.93628" lon="-119.28576">
        <ele>0</ele>
      </trkpt>
      <trkpt lat="35.9364" lon="-119.28582">
        <ele>0</ele>
      </trkpt>
      <trkpt lat="35.93665" lon="-119.28593">
        <ele>0</ele>
      </trkpt>
      <trkpt lat="35.93702" lon="-119.28608">
        <ele>0</ele>
      </trkpt>
      <trkpt lat="35.93704" lon="-119.28609">
        <ele>0</ele>
      </trkpt>
      <trkpt lat="35.93715" lon="-119.28613">
        <ele>0</ele>
      </trkpt>
      <trkpt lat="35.93728" lon="-119.28617">
        <ele>0</ele>
      </trkpt>
      <trkpt lat="35.93741" lon="-119.28622">
        <ele>0</ele>
      </trkpt>
      <trkpt lat="35.93778" lon="-119.28634">
        <ele>0</ele>
      </trkpt>
      <trkpt lat="35.93816" lon="-119.28645">
        <ele>0</ele>
      </trkpt>
      <trkpt lat="35.93817" lon="-119.28645">
        <ele>0</ele>
      </trkpt>
      <trkpt lat="35.93818" lon="-119.28646">
        <ele>0</ele>
      </trkpt>
      <trkpt lat="35.93933" lon="-119.28673">
        <ele>0</ele>
      </trkpt>
      <trkpt lat="35.93934" lon="-119.28673">
        <ele>0</ele>
      </trkpt>
      <trkpt lat="35.93961" lon="-119.28679">
        <ele>0</ele>
      </trkpt>
      <trkpt lat="35.93984" lon="-119.28685">
        <ele>0</ele>
      </trkpt>
      <trkpt lat="35.93985" lon="-119.28685">
        <ele>0</ele>
      </trkpt>
      <trkpt lat="35.94047" lon="-119.28699">
        <ele>0</ele>
      </trkpt>
      <trkpt lat="35.94049" lon="-119.287">
        <ele>0</ele>
      </trkpt>
      <trkpt lat="35.94063" lon="-119.28703">
        <ele>0</ele>
      </trkpt>
      <trkpt lat="35.94065" lon="-119.28703">
        <ele>0</ele>
      </trkpt>
      <trkpt lat="35.94076" lon="-119.28706">
        <ele>0</ele>
      </trkpt>
      <trkpt lat="35.94083" lon="-119.28707">
        <ele>0</ele>
      </trkpt>
      <trkpt lat="35.94089" lon="-119.28709">
        <ele>0</ele>
      </trkpt>
      <trkpt lat="35.94101" lon="-119.28711">
        <ele>0</ele>
      </trkpt>
      <trkpt lat="35.94115" lon="-119.28714">
        <ele>0</ele>
      </trkpt>
      <trkpt lat="35.94134" lon="-119.28719">
        <ele>0</ele>
      </trkpt>
      <trkpt lat="35.94191" lon="-119.28732">
        <ele>0</ele>
      </trkpt>
      <trkpt lat="35.94193" lon="-119.28733">
        <ele>0</ele>
      </trkpt>
      <trkpt lat="35.94205" lon="-119.28735">
        <ele>0</ele>
      </trkpt>
      <trkpt lat="35.9445" lon="-119.28792">
        <ele>0</ele>
      </trkpt>
      <trkpt lat="35.94462" lon="-119.28794">
        <ele>0</ele>
      </trkpt>
      <trkpt lat="35.94476" lon="-119.28798">
        <ele>0</ele>
      </trkpt>
      <trkpt lat="35.94488" lon="-119.288">
        <ele>0</ele>
      </trkpt>
      <trkpt lat="35.94539" lon="-119.28812">
        <ele>0</ele>
      </trkpt>
      <trkpt lat="35.9454" lon="-119.28812">
        <ele>0</ele>
      </trkpt>
      <trkpt lat="35.94571" lon="-119.28819">
        <ele>0</ele>
      </trkpt>
      <trkpt lat="35.94578" lon="-119.28821">
        <ele>0</ele>
      </trkpt>
      <trkpt lat="35.94693" lon="-119.28847">
        <ele>0</ele>
      </trkpt>
      <trkpt lat="35.94745" lon="-119.2886">
        <ele>0</ele>
      </trkpt>
      <trkpt lat="35.94758" lon="-119.28862">
        <ele>0</ele>
      </trkpt>
      <trkpt lat="35.94834" lon="-119.2888">
        <ele>0</ele>
      </trkpt>
      <trkpt lat="35.94847" lon="-119.28882">
        <ele>0</ele>
      </trkpt>
      <trkpt lat="35.94938" lon="-119.28903">
        <ele>0</ele>
      </trkpt>
      <trkpt lat="35.94949" lon="-119.28906">
        <ele>0</ele>
      </trkpt>
      <trkpt lat="35.95106" lon="-119.28942">
        <ele>0</ele>
      </trkpt>
      <trkpt lat="35.95112" lon="-119.28943">
        <ele>0</ele>
      </trkpt>
      <trkpt lat="35.95247" lon="-119.28974">
        <ele>0</ele>
      </trkpt>
      <trkpt lat="35.95266" lon="-119.28979">
        <ele>0</ele>
      </trkpt>
      <trkpt lat="35.95272" lon="-119.2898">
        <ele>0</ele>
      </trkpt>
      <trkpt lat="35.95362" lon="-119.29001">
        <ele>0</ele>
      </trkpt>
      <trkpt lat="35.95373" lon="-119.29003">
        <ele>0</ele>
      </trkpt>
      <trkpt lat="35.95414" lon="-119.29013">
        <ele>0</ele>
      </trkpt>
      <trkpt lat="35.95426" lon="-119.29015">
        <ele>0</ele>
      </trkpt>
      <trkpt lat="35.95427" lon="-119.29016">
        <ele>0</ele>
      </trkpt>
      <trkpt lat="35.9544" lon="-119.29018">
        <ele>0</ele>
      </trkpt>
      <trkpt lat="35.95462" lon="-119.29024">
        <ele>0</ele>
      </trkpt>
      <trkpt lat="35.95465" lon="-119.29024">
        <ele>0</ele>
      </trkpt>
      <trkpt lat="35.95633" lon="-119.29063">
        <ele>0</ele>
      </trkpt>
      <trkpt lat="35.95639" lon="-119.29064">
        <ele>0</ele>
      </trkpt>
      <trkpt lat="35.95683" lon="-119.29074">
        <ele>0</ele>
      </trkpt>
      <trkpt lat="35.95698" lon="-119.29078">
        <ele>0</ele>
      </trkpt>
      <trkpt lat="35.95709" lon="-119.2908">
        <ele>0</ele>
      </trkpt>
      <trkpt lat="35.95722" lon="-119.29083">
        <ele>0</ele>
      </trkpt>
      <trkpt lat="35.95745" lon="-119.29087">
        <ele>0</ele>
      </trkpt>
      <trkpt lat="35.95748" lon="-119.29088">
        <ele>0</ele>
      </trkpt>
      <trkpt lat="35.95774" lon="-119.29092">
        <ele>0</ele>
      </trkpt>
      <trkpt lat="35.95803" lon="-119.29095">
        <ele>0</ele>
      </trkpt>
      <trkpt lat="35.95813" lon="-119.29095">
        <ele>0</ele>
      </trkpt>
      <trkpt lat="35.95839" lon="-119.29097">
        <ele>0</ele>
      </trkpt>
      <trkpt lat="35.95879" lon="-119.29097">
        <ele>0</ele>
      </trkpt>
      <trkpt lat="35.95918" lon="-119.29094">
        <ele>0</ele>
      </trkpt>
      <trkpt lat="35.95941" lon="-119.29091">
        <ele>0</ele>
      </trkpt>
      <trkpt lat="35.95945" lon="-119.29091">
        <ele>0</ele>
      </trkpt>
      <trkpt lat="35.95956" lon="-119.29089">
        <ele>0</ele>
      </trkpt>
      <trkpt lat="35.95959" lon="-119.29089">
        <ele>0</ele>
      </trkpt>
      <trkpt lat="35.96001" lon="-119.29081">
        <ele>0</ele>
      </trkpt>
      <trkpt lat="35.96082" lon="-119.29063">
        <ele>0</ele>
      </trkpt>
      <trkpt lat="35.96089" lon="-119.29062">
        <ele>0</ele>
      </trkpt>
      <trkpt lat="35.96091" lon="-119.29061">
        <ele>0</ele>
      </trkpt>
      <trkpt lat="35.96102" lon="-119.29059">
        <ele>0</ele>
      </trkpt>
      <trkpt lat="35.96112" lon="-119.29056">
        <ele>0</ele>
      </trkpt>
      <trkpt lat="35.96115" lon="-119.29056">
        <ele>0</ele>
      </trkpt>
      <trkpt lat="35.96128" lon="-119.29053">
        <ele>0</ele>
      </trkpt>
      <trkpt lat="35.96134" lon="-119.29052">
        <ele>0</ele>
      </trkpt>
      <trkpt lat="35.96142" lon="-119.2905">
        <ele>0</ele>
      </trkpt>
      <trkpt lat="35.96154" lon="-119.29048">
        <ele>0</ele>
      </trkpt>
      <trkpt lat="35.96167" lon="-119.29045">
        <ele>0</ele>
      </trkpt>
      <trkpt lat="35.96181" lon="-119.29043">
        <ele>0</ele>
      </trkpt>
      <trkpt lat="35.9619" lon="-119.29041">
        <ele>0</ele>
      </trkpt>
      <trkpt lat="35.96195" lon="-119.29041">
        <ele>0</ele>
      </trkpt>
      <trkpt lat="35.96207" lon="-119.29039">
        <ele>0</ele>
      </trkpt>
      <trkpt lat="35.96242" lon="-119.29036">
        <ele>0</ele>
      </trkpt>
      <trkpt lat="35.96247" lon="-119.29036">
        <ele>0</ele>
      </trkpt>
      <trkpt lat="35.9626" lon="-119.29035">
        <ele>0</ele>
      </trkpt>
      <trkpt lat="35.96313" lon="-119.29035">
        <ele>0</ele>
      </trkpt>
      <trkpt lat="35.96318" lon="-119.29036">
        <ele>0</ele>
      </trkpt>
      <trkpt lat="35.96325" lon="-119.29036">
        <ele>0</ele>
      </trkpt>
      <trkpt lat="35.96338" lon="-119.29037">
        <ele>0</ele>
      </trkpt>
      <trkpt lat="35.96344" lon="-119.29037">
        <ele>0</ele>
      </trkpt>
      <trkpt lat="35.96351" lon="-119.29038">
        <ele>0</ele>
      </trkpt>
      <trkpt lat="35.96364" lon="-119.29039">
        <ele>0</ele>
      </trkpt>
      <trkpt lat="35.96404" lon="-119.29045">
        <ele>0</ele>
      </trkpt>
      <trkpt lat="35.96407" lon="-119.29046">
        <ele>0</ele>
      </trkpt>
      <trkpt lat="35.96427" lon="-119.2905">
        <ele>0</ele>
      </trkpt>
      <trkpt lat="35.9643" lon="-119.2905">
        <ele>0</ele>
      </trkpt>
      <trkpt lat="35.96482" lon="-119.29062">
        <ele>0</ele>
      </trkpt>
      <trkpt lat="35.96492" lon="-119.29065">
        <ele>0</ele>
      </trkpt>
      <trkpt lat="35.9656" lon="-119.2908">
        <ele>0</ele>
      </trkpt>
      <trkpt lat="35.96579" lon="-119.29085">
        <ele>0</ele>
      </trkpt>
      <trkpt lat="35.9678" lon="-119.29131">
        <ele>0</ele>
      </trkpt>
      <trkpt lat="35.96801" lon="-119.29135">
        <ele>0</ele>
      </trkpt>
      <trkpt lat="35.9683" lon="-119.29142">
        <ele>0</ele>
      </trkpt>
      <trkpt lat="35.96833" lon="-119.29143">
        <ele>0</ele>
      </trkpt>
      <trkpt lat="35.96845" lon="-119.29146">
        <ele>0</ele>
      </trkpt>
      <trkpt lat="35.96848" lon="-119.29146">
        <ele>0</ele>
      </trkpt>
      <trkpt lat="35.96857" lon="-119.29148">
        <ele>0</ele>
      </trkpt>
      <trkpt lat="35.96871" lon="-119.29152">
        <ele>0</ele>
      </trkpt>
      <trkpt lat="35.96878" lon="-119.29153">
        <ele>0</ele>
      </trkpt>
      <trkpt lat="35.96884" lon="-119.29155">
        <ele>0</ele>
      </trkpt>
      <trkpt lat="35.96921" lon="-119.29163">
        <ele>0</ele>
      </trkpt>
      <trkpt lat="35.96924" lon="-119.29164">
        <ele>0</ele>
      </trkpt>
      <trkpt lat="35.96936" lon="-119.29167">
        <ele>0</ele>
      </trkpt>
      <trkpt lat="35.9696" lon="-119.29172">
        <ele>0</ele>
      </trkpt>
      <trkpt lat="35.97001" lon="-119.29182">
        <ele>0</ele>
      </trkpt>
      <trkpt lat="35.97004" lon="-119.29182">
        <ele>0</ele>
      </trkpt>
      <trkpt lat="35.97007" lon="-119.29183">
        <ele>0</ele>
      </trkpt>
      <trkpt lat="35.97028" lon="-119.29188">
        <ele>0</ele>
      </trkpt>
      <trkpt lat="35.9704" lon="-119.2919">
        <ele>0</ele>
      </trkpt>
      <trkpt lat="35.97053" lon="-119.29194">
        <ele>0</ele>
      </trkpt>
      <trkpt lat="35.97067" lon="-119.29197">
        <ele>0</ele>
      </trkpt>
      <trkpt lat="35.97094" lon="-119.29204">
        <ele>0</ele>
      </trkpt>
      <trkpt lat="35.97105" lon="-119.29208">
        <ele>0</ele>
      </trkpt>
      <trkpt lat="35.97131" lon="-119.29216">
        <ele>0</ele>
      </trkpt>
      <trkpt lat="35.97148" lon="-119.29222">
        <ele>0</ele>
      </trkpt>
      <trkpt lat="35.97193" lon="-119.29241">
        <ele>0</ele>
      </trkpt>
      <trkpt lat="35.97196" lon="-119.29243">
        <ele>0</ele>
      </trkpt>
      <trkpt lat="35.97215" lon="-119.29252">
        <ele>0</ele>
      </trkpt>
      <trkpt lat="35.97218" lon="-119.29253">
        <ele>0</ele>
      </trkpt>
      <trkpt lat="35.97255" lon="-119.29273">
        <ele>0</ele>
      </trkpt>
      <trkpt lat="35.97266" lon="-119.2928">
        <ele>0</ele>
      </trkpt>
      <trkpt lat="35.97274" lon="-119.29284">
        <ele>0</ele>
      </trkpt>
      <trkpt lat="35.973" lon="-119.29301">
        <ele>0</ele>
      </trkpt>
      <trkpt lat="35.97311" lon="-119.29309">
        <ele>0</ele>
      </trkpt>
      <trkpt lat="35.97322" lon="-119.29316">
        <ele>0</ele>
      </trkpt>
      <trkpt lat="35.97379" lon="-119.29358">
        <ele>0</ele>
      </trkpt>
      <trkpt lat="35.9739" lon="-119.29367">
        <ele>0</ele>
      </trkpt>
      <trkpt lat="35.97414" lon="-119.29385">
        <ele>0</ele>
      </trkpt>
      <trkpt lat="35.97425" lon="-119.29394">
        <ele>0</ele>
      </trkpt>
      <trkpt lat="35.97437" lon="-119.29402">
        <ele>0</ele>
      </trkpt>
      <trkpt lat="35.97447" lon="-119.2941">
        <ele>0</ele>
      </trkpt>
      <trkpt lat="35.9746" lon="-119.29419">
        <ele>0</ele>
      </trkpt>
      <trkpt lat="35.97471" lon="-119.29428">
        <ele>0</ele>
      </trkpt>
      <trkpt lat="35.97518" lon="-119.29459">
        <ele>0</ele>
      </trkpt>
      <trkpt lat="35.97566" lon="-119.29486">
        <ele>0</ele>
      </trkpt>
      <trkpt lat="35.9759" lon="-119.29498">
        <ele>0</ele>
      </trkpt>
      <trkpt lat="35.97641" lon="-119.2952">
        <ele>0</ele>
      </trkpt>
      <trkpt lat="35.97679" lon="-119.29533">
        <ele>0</ele>
      </trkpt>
      <trkpt lat="35.9769" lon="-119.29536">
        <ele>0</ele>
      </trkpt>
      <trkpt lat="35.97692" lon="-119.29537">
        <ele>0</ele>
      </trkpt>
      <trkpt lat="35.97705" lon="-119.2954">
        <ele>0</ele>
      </trkpt>
      <trkpt lat="35.9771" lon="-119.29542">
        <ele>0</ele>
      </trkpt>
      <trkpt lat="35.9777" lon="-119.29556">
        <ele>0</ele>
      </trkpt>
      <trkpt lat="35.97777" lon="-119.29558">
        <ele>0</ele>
      </trkpt>
      <trkpt lat="35.97856" lon="-119.29576">
        <ele>0</ele>
      </trkpt>
      <trkpt lat="35.97862" lon="-119.29577">
        <ele>0</ele>
      </trkpt>
      <trkpt lat="35.97907" lon="-119.29588">
        <ele>0</ele>
      </trkpt>
      <trkpt lat="35.97979" lon="-119.29604">
        <ele>0</ele>
      </trkpt>
      <trkpt lat="35.9799" lon="-119.29607">
        <ele>0</ele>
      </trkpt>
      <trkpt lat="35.98204" lon="-119.29656">
        <ele>0</ele>
      </trkpt>
      <trkpt lat="35.98211" lon="-119.29657">
        <ele>0</ele>
      </trkpt>
      <trkpt lat="35.99014" lon="-119.29842">
        <ele>0</ele>
      </trkpt>
      <trkpt lat="35.99021" lon="-119.29843">
        <ele>0</ele>
      </trkpt>
      <trkpt lat="35.99142" lon="-119.29871">
        <ele>0</ele>
      </trkpt>
      <trkpt lat="35.99149" lon="-119.29872">
        <ele>0</ele>
      </trkpt>
      <trkpt lat="35.99291" lon="-119.29905">
        <ele>0</ele>
      </trkpt>
      <trkpt lat="35.99307" lon="-119.29908">
        <ele>0</ele>
      </trkpt>
      <trkpt lat="35.99898" lon="-119.30044">
        <ele>0</ele>
      </trkpt>
      <trkpt lat="35.99914" lon="-119.30047">
        <ele>0</ele>
      </trkpt>
      <trkpt lat="35.9995" lon="-119.30056">
        <ele>0</ele>
      </trkpt>
      <trkpt lat="35.99981" lon="-119.30062">
        <ele>0</ele>
      </trkpt>
      <trkpt lat="36.00029" lon="-119.30073">
        <ele>0</ele>
      </trkpt>
      <trkpt lat="36.00052" lon="-119.30079">
        <ele>0</ele>
      </trkpt>
      <trkpt lat="36.00081" lon="-119.30085">
        <ele>0</ele>
      </trkpt>
      <trkpt lat="36.00136" lon="-119.30098">
        <ele>0</ele>
      </trkpt>
      <trkpt lat="36.0016" lon="-119.30103">
        <ele>0</ele>
      </trkpt>
      <trkpt lat="36.00179" lon="-119.30108">
        <ele>0</ele>
      </trkpt>
      <trkpt lat="36.00226" lon="-119.30118">
        <ele>0</ele>
      </trkpt>
      <trkpt lat="36.0025" lon="-119.30124">
        <ele>0</ele>
      </trkpt>
      <trkpt lat="36.00299" lon="-119.30133">
        <ele>0</ele>
      </trkpt>
      <trkpt lat="36.0034" lon="-119.30139">
        <ele>0</ele>
      </trkpt>
      <trkpt lat="36.00343" lon="-119.3014">
        <ele>0</ele>
      </trkpt>
      <trkpt lat="36.00372" lon="-119.30143">
        <ele>0</ele>
      </trkpt>
      <trkpt lat="36.00379" lon="-119.30143">
        <ele>0</ele>
      </trkpt>
      <trkpt lat="36.00429" lon="-119.30147">
        <ele>0</ele>
      </trkpt>
      <trkpt lat="36.00444" lon="-119.30147">
        <ele>0</ele>
      </trkpt>
      <trkpt lat="36.0045" lon="-119.30148">
        <ele>0</ele>
      </trkpt>
      <trkpt lat="36.00474" lon="-119.30148">
        <ele>0</ele>
      </trkpt>
      <trkpt lat="36.00488" lon="-119.30149">
        <ele>0</ele>
      </trkpt>
      <trkpt lat="36.00504" lon="-119.30149">
        <ele>0</ele>
      </trkpt>
      <trkpt lat="36.0051" lon="-119.3015">
        <ele>0</ele>
      </trkpt>
      <trkpt lat="36.00532" lon="-119.3015">
        <ele>0</ele>
      </trkpt>
      <trkpt lat="36.0054" lon="-119.30151">
        <ele>0</ele>
      </trkpt>
      <trkpt lat="36.00551" lon="-119.30151">
        <ele>0</ele>
      </trkpt>
      <trkpt lat="36.00565" lon="-119.30152">
        <ele>0</ele>
      </trkpt>
      <trkpt lat="36.00578" lon="-119.30152">
        <ele>0</ele>
      </trkpt>
      <trkpt lat="36.00628" lon="-119.30156">
        <ele>0</ele>
      </trkpt>
      <trkpt lat="36.00631" lon="-119.30156">
        <ele>0</ele>
      </trkpt>
      <trkpt lat="36.00643" lon="-119.30158">
        <ele>0</ele>
      </trkpt>
      <trkpt lat="36.00669" lon="-119.30161">
        <ele>0</ele>
      </trkpt>
      <trkpt lat="36.00709" lon="-119.30167">
        <ele>0</ele>
      </trkpt>
      <trkpt lat="36.00787" lon="-119.30184">
        <ele>0</ele>
      </trkpt>
      <trkpt lat="36.00826" lon="-119.30194">
        <ele>0</ele>
      </trkpt>
      <trkpt lat="36.00877" lon="-119.3021">
        <ele>0</ele>
      </trkpt>
      <trkpt lat="36.00878" lon="-119.3021">
        <ele>0</ele>
      </trkpt>
      <trkpt lat="36.00902" lon="-119.30219">
        <ele>0</ele>
      </trkpt>
      <trkpt lat="36.00915" lon="-119.30223">
        <ele>0</ele>
      </trkpt>
      <trkpt lat="36.0094" lon="-119.30233">
        <ele>0</ele>
      </trkpt>
      <trkpt lat="36.00943" lon="-119.30235">
        <ele>0</ele>
      </trkpt>
      <trkpt lat="36.00953" lon="-119.30238">
        <ele>0</ele>
      </trkpt>
      <trkpt lat="36.00965" lon="-119.30243">
        <ele>0</ele>
      </trkpt>
      <trkpt lat="36.00966" lon="-119.30243">
        <ele>0</ele>
      </trkpt>
      <trkpt lat="36.00977" lon="-119.30248">
        <ele>0</ele>
      </trkpt>
      <trkpt lat="36.01016" lon="-119.30263">
        <ele>0</ele>
      </trkpt>
      <trkpt lat="36.01027" lon="-119.30268">
        <ele>0</ele>
      </trkpt>
      <trkpt lat="36.01054" lon="-119.30278">
        <ele>0</ele>
      </trkpt>
      <trkpt lat="36.01066" lon="-119.30283">
        <ele>0</ele>
      </trkpt>
      <trkpt lat="36.01087" lon="-119.3029">
        <ele>0</ele>
      </trkpt>
      <trkpt lat="36.01092" lon="-119.30292">
        <ele>0</ele>
      </trkpt>
      <trkpt lat="36.01104" lon="-119.30296">
        <ele>0</ele>
      </trkpt>
      <trkpt lat="36.01117" lon="-119.30301">
        <ele>0</ele>
      </trkpt>
      <trkpt lat="36.01129" lon="-119.30304">
        <ele>0</ele>
      </trkpt>
      <trkpt lat="36.01168" lon="-119.30316">
        <ele>0</ele>
      </trkpt>
      <trkpt lat="36.01193" lon="-119.30322">
        <ele>0</ele>
      </trkpt>
      <trkpt lat="36.01196" lon="-119.30323">
        <ele>0</ele>
      </trkpt>
      <trkpt lat="36.01207" lon="-119.30325">
        <ele>0</ele>
      </trkpt>
      <trkpt lat="36.01297" lon="-119.30346">
        <ele>0</ele>
      </trkpt>
      <trkpt lat="36.01303" lon="-119.30347">
        <ele>0</ele>
      </trkpt>
      <trkpt lat="36.0135" lon="-119.30358">
        <ele>0</ele>
      </trkpt>
      <trkpt lat="36.01352" lon="-119.30358">
        <ele>0</ele>
      </trkpt>
      <trkpt lat="36.01362" lon="-119.3036">
        <ele>0</ele>
      </trkpt>
      <trkpt lat="36.01388" lon="-119.30367">
        <ele>0</ele>
      </trkpt>
      <trkpt lat="36.01402" lon="-119.30369">
        <ele>0</ele>
      </trkpt>
      <trkpt lat="36.01582" lon="-119.30411">
        <ele>0</ele>
      </trkpt>
      <trkpt lat="36.01606" lon="-119.30416">
        <ele>0</ele>
      </trkpt>
      <trkpt lat="36.01608" lon="-119.30417">
        <ele>0</ele>
      </trkpt>
      <trkpt lat="36.01636" lon="-119.30423">
        <ele>0</ele>
      </trkpt>
      <trkpt lat="36.01647" lon="-119.30426">
        <ele>0</ele>
      </trkpt>
      <trkpt lat="36.02129" lon="-119.30536">
        <ele>0</ele>
      </trkpt>
      <trkpt lat="36.02155" lon="-119.30541">
        <ele>0</ele>
      </trkpt>
      <trkpt lat="36.02259" lon="-119.30566">
        <ele>0</ele>
      </trkpt>
      <trkpt lat="36.02269" lon="-119.30569">
        <ele>0</ele>
      </trkpt>
      <trkpt lat="36.02272" lon="-119.30569">
        <ele>0</ele>
      </trkpt>
      <trkpt lat="36.02311" lon="-119.3058">
        <ele>0</ele>
      </trkpt>
      <trkpt lat="36.02336" lon="-119.30588">
        <ele>0</ele>
      </trkpt>
      <trkpt lat="36.02375" lon="-119.30599">
        <ele>0</ele>
      </trkpt>
      <trkpt lat="36.02384" lon="-119.30601">
        <ele>0</ele>
      </trkpt>
      <trkpt lat="36.02426" lon="-119.30614">
        <ele>0</ele>
      </trkpt>
      <trkpt lat="36.02458" lon="-119.30623">
        <ele>0</ele>
      </trkpt>
      <trkpt lat="36.025" lon="-119.30636">
        <ele>0</ele>
      </trkpt>
      <trkpt lat="36.02517" lon="-119.3064">
        <ele>0</ele>
      </trkpt>
      <trkpt lat="36.02529" lon="-119.30644">
        <ele>0</ele>
      </trkpt>
      <trkpt lat="36.02585" lon="-119.30658">
        <ele>0</ele>
      </trkpt>
      <trkpt lat="36.02591" lon="-119.30659">
        <ele>0</ele>
      </trkpt>
      <trkpt lat="36.02724" lon="-119.3069">
        <ele>0</ele>
      </trkpt>
      <trkpt lat="36.02737" lon="-119.30692">
        <ele>0</ele>
      </trkpt>
      <trkpt lat="36.02833" lon="-119.30714">
        <ele>0</ele>
      </trkpt>
      <trkpt lat="36.02836" lon="-119.30715">
        <ele>0</ele>
      </trkpt>
      <trkpt lat="36.0289" lon="-119.30727">
        <ele>0</ele>
      </trkpt>
      <trkpt lat="36.0293" lon="-119.30737">
        <ele>0</ele>
      </trkpt>
      <trkpt lat="36.02943" lon="-119.30739">
        <ele>0</ele>
      </trkpt>
      <trkpt lat="36.03471" lon="-119.3086">
        <ele>0</ele>
      </trkpt>
      <trkpt lat="36.03514" lon="-119.30869">
        <ele>0</ele>
      </trkpt>
      <trkpt lat="36.03523" lon="-119.30872">
        <ele>0</ele>
      </trkpt>
      <trkpt lat="36.03746" lon="-119.30922">
        <ele>0</ele>
      </trkpt>
      <trkpt lat="36.03769" lon="-119.30928">
        <ele>0</ele>
      </trkpt>
      <trkpt lat="36.03972" lon="-119.30974">
        <ele>0</ele>
      </trkpt>
      <trkpt lat="36.03978" lon="-119.30975">
        <ele>0</ele>
      </trkpt>
      <trkpt lat="36.04005" lon="-119.30981">
        <ele>0</ele>
      </trkpt>
      <trkpt lat="36.04012" lon="-119.30983">
        <ele>0</ele>
      </trkpt>
      <trkpt lat="36.0407" lon="-119.30996">
        <ele>0</ele>
      </trkpt>
      <trkpt lat="36.04081" lon="-119.30999">
        <ele>0</ele>
      </trkpt>
      <trkpt lat="36.04541" lon="-119.31103">
        <ele>0</ele>
      </trkpt>
      <trkpt lat="36.04602" lon="-119.31115">
        <ele>0</ele>
      </trkpt>
      <trkpt lat="36.04652" lon="-119.31123">
        <ele>0</ele>
      </trkpt>
      <trkpt lat="36.047" lon="-119.31128">
        <ele>0</ele>
      </trkpt>
      <trkpt lat="36.04705" lon="-119.31128">
        <ele>0</ele>
      </trkpt>
      <trkpt lat="36.04734" lon="-119.3113">
        <ele>0</ele>
      </trkpt>
      <trkpt lat="36.0477" lon="-119.31131">
        <ele>0</ele>
      </trkpt>
      <trkpt lat="36.04819" lon="-119.31131">
        <ele>0</ele>
      </trkpt>
      <trkpt lat="36.04827" lon="-119.3113">
        <ele>0</ele>
      </trkpt>
      <trkpt lat="36.04845" lon="-119.3113">
        <ele>0</ele>
      </trkpt>
      <trkpt lat="36.04866" lon="-119.31129">
        <ele>0</ele>
      </trkpt>
      <trkpt lat="36.0487" lon="-119.31128">
        <ele>0</ele>
      </trkpt>
      <trkpt lat="36.04878" lon="-119.31128">
        <ele>0</ele>
      </trkpt>
      <trkpt lat="36.04939" lon="-119.31121">
        <ele>0</ele>
      </trkpt>
      <trkpt lat="36.04943" lon="-119.31121">
        <ele>0</ele>
      </trkpt>
      <trkpt lat="36.05043" lon="-119.31105">
        <ele>0</ele>
      </trkpt>
      <trkpt lat="36.05044" lon="-119.31105">
        <ele>0</ele>
      </trkpt>
      <trkpt lat="36.05072" lon="-119.31101">
        <ele>0</ele>
      </trkpt>
      <trkpt lat="36.05096" lon="-119.31096">
        <ele>0</ele>
      </trkpt>
      <trkpt lat="36.05118" lon="-119.31093">
        <ele>0</ele>
      </trkpt>
      <trkpt lat="36.05129" lon="-119.31092">
        <ele>0</ele>
      </trkpt>
      <trkpt lat="36.05146" lon="-119.31089">
        <ele>0</ele>
      </trkpt>
      <trkpt lat="36.0517" lon="-119.31086">
        <ele>0</ele>
      </trkpt>
      <trkpt lat="36.05174" lon="-119.31085">
        <ele>0</ele>
      </trkpt>
      <trkpt lat="36.05247" lon="-119.31081">
        <ele>0</ele>
      </trkpt>
      <trkpt lat="36.05257" lon="-119.3108">
        <ele>0</ele>
      </trkpt>
      <trkpt lat="36.05304" lon="-119.3108">
        <ele>0</ele>
      </trkpt>
      <trkpt lat="36.05335" lon="-119.31081">
        <ele>0</ele>
      </trkpt>
      <trkpt lat="36.05403" lon="-119.31086">
        <ele>0</ele>
      </trkpt>
      <trkpt lat="36.0543" lon="-119.3109">
        <ele>0</ele>
      </trkpt>
      <trkpt lat="36.05449" lon="-119.31092">
        <ele>0</ele>
      </trkpt>
      <trkpt lat="36.05495" lon="-119.311">
        <ele>0</ele>
      </trkpt>
      <trkpt lat="36.05534" lon="-119.31108">
        <ele>0</ele>
      </trkpt>
      <trkpt lat="36.06189" lon="-119.31256">
        <ele>0</ele>
      </trkpt>
      <trkpt lat="36.06255" lon="-119.31272">
        <ele>0</ele>
      </trkpt>
      <trkpt lat="36.06316" lon="-119.3129">
        <ele>0</ele>
      </trkpt>
      <trkpt lat="36.06321" lon="-119.31292">
        <ele>0</ele>
      </trkpt>
      <trkpt lat="36.06356" lon="-119.31304">
        <ele>0</ele>
      </trkpt>
      <trkpt lat="36.06392" lon="-119.31318">
        <ele>0</ele>
      </trkpt>
      <trkpt lat="36.06398" lon="-119.3132">
        <ele>0</ele>
      </trkpt>
      <trkpt lat="36.06901" lon="-119.31551">
        <ele>0</ele>
      </trkpt>
      <trkpt lat="36.06915" lon="-119.31558">
        <ele>0</ele>
      </trkpt>
      <trkpt lat="36.07198" lon="-119.31688">
        <ele>0</ele>
      </trkpt>
      <trkpt lat="36.07233" lon="-119.31702">
        <ele>0</ele>
      </trkpt>
      <trkpt lat="36.07256" lon="-119.31712">
        <ele>0</ele>
      </trkpt>
      <trkpt lat="36.07258" lon="-119.31712">
        <ele>0</ele>
      </trkpt>
      <trkpt lat="36.07286" lon="-119.31723">
        <ele>0</ele>
      </trkpt>
      <trkpt lat="36.07359" lon="-119.31746">
        <ele>0</ele>
      </trkpt>
      <trkpt lat="36.07827" lon="-119.31853">
        <ele>0</ele>
      </trkpt>
      <trkpt lat="36.0783" lon="-119.31854">
        <ele>0</ele>
      </trkpt>
      <trkpt lat="36.07843" lon="-119.31857">
        <ele>0</ele>
      </trkpt>
      <trkpt lat="36.07869" lon="-119.31862">
        <ele>0</ele>
      </trkpt>
      <trkpt lat="36.08006" lon="-119.31893">
        <ele>0</ele>
      </trkpt>
      <trkpt lat="36.08025" lon="-119.31898">
        <ele>0</ele>
      </trkpt>
      <trkpt lat="36.08073" lon="-119.31909">
        <ele>0</ele>
      </trkpt>
      <trkpt lat="36.08089" lon="-119.31912">
        <ele>0</ele>
      </trkpt>
      <trkpt lat="36.081" lon="-119.31915">
        <ele>0</ele>
      </trkpt>
      <trkpt lat="36.08138" lon="-119.31923">
        <ele>0</ele>
      </trkpt>
      <trkpt lat="36.08258" lon="-119.31951">
        <ele>0</ele>
      </trkpt>
      <trkpt lat="36.08259" lon="-119.31951">
        <ele>0</ele>
      </trkpt>
      <trkpt lat="36.0845" lon="-119.31995">
        <ele>0</ele>
      </trkpt>
      <trkpt lat="36.08453" lon="-119.31995">
        <ele>0</ele>
      </trkpt>
      <trkpt lat="36.08465" lon="-119.31998">
        <ele>0</ele>
      </trkpt>
      <trkpt lat="36.08471" lon="-119.31999">
        <ele>0</ele>
      </trkpt>
      <trkpt lat="36.08478" lon="-119.32001">
        <ele>0</ele>
      </trkpt>
      <trkpt lat="36.08689" lon="-119.32048">
        <ele>0</ele>
      </trkpt>
      <trkpt lat="36.08724" lon="-119.32057">
        <ele>0</ele>
      </trkpt>
      <trkpt lat="36.08751" lon="-119.32062">
        <ele>0</ele>
      </trkpt>
      <trkpt lat="36.09061" lon="-119.32134">
        <ele>0</ele>
      </trkpt>
      <trkpt lat="36.09074" lon="-119.32136">
        <ele>0</ele>
      </trkpt>
      <trkpt lat="36.09079" lon="-119.32138">
        <ele>0</ele>
      </trkpt>
      <trkpt lat="36.09113" lon="-119.32145">
        <ele>0</ele>
      </trkpt>
      <trkpt lat="36.09191" lon="-119.32163">
        <ele>0</ele>
      </trkpt>
      <trkpt lat="36.09203" lon="-119.32165">
        <ele>0</ele>
      </trkpt>
      <trkpt lat="36.09256" lon="-119.32176">
        <ele>0</ele>
      </trkpt>
      <trkpt lat="36.09282" lon="-119.3218">
        <ele>0</ele>
      </trkpt>
      <trkpt lat="36.09295" lon="-119.32183">
        <ele>0</ele>
      </trkpt>
      <trkpt lat="36.0936" lon="-119.32193">
        <ele>0</ele>
      </trkpt>
      <trkpt lat="36.09367" lon="-119.32195">
        <ele>0</ele>
      </trkpt>
      <trkpt lat="36.09393" lon="-119.32199">
        <ele>0</ele>
      </trkpt>
      <trkpt lat="36.09419" lon="-119.32202">
        <ele>0</ele>
      </trkpt>
      <trkpt lat="36.09432" lon="-119.32203">
        <ele>0</ele>
      </trkpt>
      <trkpt lat="36.09462" lon="-119.32207">
        <ele>0</ele>
      </trkpt>
      <trkpt lat="36.09475" lon="-119.32208">
        <ele>0</ele>
      </trkpt>
      <trkpt lat="36.09489" lon="-119.3221">
        <ele>0</ele>
      </trkpt>
      <trkpt lat="36.09726" lon="-119.32231">
        <ele>0</ele>
      </trkpt>
      <trkpt lat="36.09752" lon="-119.32234">
        <ele>0</ele>
      </trkpt>
      <trkpt lat="36.09975" lon="-119.32253">
        <ele>0</ele>
      </trkpt>
      <trkpt lat="36.09998" lon="-119.32256">
        <ele>0</ele>
      </trkpt>
      <trkpt lat="36.10015" lon="-119.32257">
        <ele>0</ele>
      </trkpt>
      <trkpt lat="36.10405" lon="-119.32292">
        <ele>0</ele>
      </trkpt>
      <trkpt lat="36.10422" lon="-119.32294">
        <ele>0</ele>
      </trkpt>
      <trkpt lat="36.10484" lon="-119.32299">
        <ele>0</ele>
      </trkpt>
      <trkpt lat="36.10501" lon="-119.32301">
        <ele>0</ele>
      </trkpt>
      <trkpt lat="36.10882" lon="-119.32334">
        <ele>0</ele>
      </trkpt>
      <trkpt lat="36.10895" lon="-119.32336">
        <ele>0</ele>
      </trkpt>
      <trkpt lat="36.11123" lon="-119.32356">
        <ele>0</ele>
      </trkpt>
      <trkpt lat="36.11128" lon="-119.32357">
        <ele>0</ele>
      </trkpt>
      <trkpt lat="36.11149" lon="-119.32358">
        <ele>0</ele>
      </trkpt>
      <trkpt lat="36.1121" lon="-119.32364">
        <ele>0</ele>
      </trkpt>
      <trkpt lat="36.11215" lon="-119.32364">
        <ele>0</ele>
      </trkpt>
      <trkpt lat="36.1122" lon="-119.32365">
        <ele>0</ele>
      </trkpt>
      <trkpt lat="36.11237" lon="-119.32367">
        <ele>0</ele>
      </trkpt>
      <trkpt lat="36.11369" lon="-119.32378">
        <ele>0</ele>
      </trkpt>
      <trkpt lat="36.11447" lon="-119.32386">
        <ele>0</ele>
      </trkpt>
      <trkpt lat="36.11523" lon="-119.32392">
        <ele>0</ele>
      </trkpt>
      <trkpt lat="36.1155" lon="-119.32395">
        <ele>0</ele>
      </trkpt>
      <trkpt lat="36.11602" lon="-119.32399">
        <ele>0</ele>
      </trkpt>
      <trkpt lat="36.11628" lon="-119.32402">
        <ele>0</ele>
      </trkpt>
      <trkpt lat="36.12336" lon="-119.32465">
        <ele>0</ele>
      </trkpt>
      <trkpt lat="36.12343" lon="-119.32466">
        <ele>0</ele>
      </trkpt>
      <trkpt lat="36.12357" lon="-119.32467">
        <ele>0</ele>
      </trkpt>
      <trkpt lat="36.12363" lon="-119.32468">
        <ele>0</ele>
      </trkpt>
      <trkpt lat="36.12485" lon="-119.32478">
        <ele>0</ele>
      </trkpt>
      <trkpt lat="36.12567" lon="-119.32486">
        <ele>0</ele>
      </trkpt>
      <trkpt lat="36.12573" lon="-119.32486">
        <ele>0</ele>
      </trkpt>
      <trkpt lat="36.12732" lon="-119.32501">
        <ele>0</ele>
      </trkpt>
      <trkpt lat="36.12751" lon="-119.32502">
        <ele>0</ele>
      </trkpt>
      <trkpt lat="36.12776" lon="-119.32505">
        <ele>0</ele>
      </trkpt>
      <trkpt lat="36.12807" lon="-119.32507">
        <ele>0</ele>
      </trkpt>
      <trkpt lat="36.12832" lon="-119.3251">
        <ele>0</ele>
      </trkpt>
      <trkpt lat="36.12904" lon="-119.32516">
        <ele>0</ele>
      </trkpt>
      <trkpt lat="36.1291" lon="-119.32517">
        <ele>0</ele>
      </trkpt>
      <trkpt lat="36.1294" lon="-119.32519">
        <ele>0</ele>
      </trkpt>
      <trkpt lat="36.12997" lon="-119.32525">
        <ele>0</ele>
      </trkpt>
      <trkpt lat="36.13029" lon="-119.32527">
        <ele>0</ele>
      </trkpt>
      <trkpt lat="36.13119" lon="-119.32536">
        <ele>0</ele>
      </trkpt>
      <trkpt lat="36.13135" lon="-119.32539">
        <ele>0</ele>
      </trkpt>
      <trkpt lat="36.13189" lon="-119.32545">
        <ele>0</ele>
      </trkpt>
      <trkpt lat="36.1323" lon="-119.32552">
        <ele>0</ele>
      </trkpt>
      <trkpt lat="36.13268" lon="-119.32557">
        <ele>0</ele>
      </trkpt>
      <trkpt lat="36.13269" lon="-119.32557">
        <ele>0</ele>
      </trkpt>
      <trkpt lat="36.13303" lon="-119.32564">
        <ele>0</ele>
      </trkpt>
      <trkpt lat="36.13304" lon="-119.32564">
        <ele>0</ele>
      </trkpt>
      <trkpt lat="36.13321" lon="-119.32567">
        <ele>0</ele>
      </trkpt>
      <trkpt lat="36.13423" lon="-119.3259">
        <ele>0</ele>
      </trkpt>
      <trkpt lat="36.13444" lon="-119.32596">
        <ele>0</ele>
      </trkpt>
      <trkpt lat="36.13445" lon="-119.32596">
        <ele>0</ele>
      </trkpt>
      <trkpt lat="36.13455" lon="-119.32598">
        <ele>0</ele>
      </trkpt>
      <trkpt lat="36.1349" lon="-119.32608">
        <ele>0</ele>
      </trkpt>
      <trkpt lat="36.13507" lon="-119.32612">
        <ele>0</ele>
      </trkpt>
      <trkpt lat="36.13565" lon="-119.32628">
        <ele>0</ele>
      </trkpt>
      <trkpt lat="36.13637" lon="-119.3265">
        <ele>0</ele>
      </trkpt>
      <trkpt lat="36.13649" lon="-119.32653">
        <ele>0</ele>
      </trkpt>
      <trkpt lat="36.13663" lon="-119.32658">
        <ele>0</ele>
      </trkpt>
      <trkpt lat="36.13773" lon="-119.32691">
        <ele>0</ele>
      </trkpt>
      <trkpt lat="36.13795" lon="-119.32697">
        <ele>0</ele>
      </trkpt>
      <trkpt lat="36.13842" lon="-119.32712">
        <ele>0</ele>
      </trkpt>
      <trkpt lat="36.13848" lon="-119.32713">
        <ele>0</ele>
      </trkpt>
      <trkpt lat="36.13984" lon="-119.32755">
        <ele>0</ele>
      </trkpt>
      <trkpt lat="36.14002" lon="-119.32759">
        <ele>0</ele>
      </trkpt>
      <trkpt lat="36.14011" lon="-119.32762">
        <ele>0</ele>
      </trkpt>
      <trkpt lat="36.14119" lon="-119.32793">
        <ele>0</ele>
      </trkpt>
      <trkpt lat="36.14184" lon="-119.32813">
        <ele>0</ele>
      </trkpt>
      <trkpt lat="36.14196" lon="-119.32816">
        <ele>0</ele>
      </trkpt>
      <trkpt lat="36.14317" lon="-119.32853">
        <ele>0</ele>
      </trkpt>
      <trkpt lat="36.14344" lon="-119.32862">
        <ele>0</ele>
      </trkpt>
      <trkpt lat="36.14442" lon="-119.32891">
        <ele>0</ele>
      </trkpt>
      <trkpt lat="36.1445" lon="-119.32894">
        <ele>0</ele>
      </trkpt>
      <trkpt lat="36.147" lon="-119.32969">
        <ele>0</ele>
      </trkpt>
      <trkpt lat="36.14705" lon="-119.32971">
        <ele>0</ele>
      </trkpt>
      <trkpt lat="36.14714" lon="-119.32973">
        <ele>0</ele>
      </trkpt>
      <trkpt lat="36.14748" lon="-119.32983">
        <ele>0</ele>
      </trkpt>
      <trkpt lat="36.14764" lon="-119.32987">
        <ele>0</ele>
      </trkpt>
      <trkpt lat="36.14883" lon="-119.33024">
        <ele>0</ele>
      </trkpt>
      <trkpt lat="36.14895" lon="-119.33027">
        <ele>0</ele>
      </trkpt>
      <trkpt lat="36.15106" lon="-119.3309">
        <ele>0</ele>
      </trkpt>
      <trkpt lat="36.1512" lon="-119.33095">
        <ele>0</ele>
      </trkpt>
      <trkpt lat="36.15129" lon="-119.33097">
        <ele>0</ele>
      </trkpt>
      <trkpt lat="36.15134" lon="-119.33099">
        <ele>0</ele>
      </trkpt>
      <trkpt lat="36.15382" lon="-119.33174">
        <ele>0</ele>
      </trkpt>
      <trkpt lat="36.1543" lon="-119.33187">
        <ele>0</ele>
      </trkpt>
      <trkpt lat="36.1546" lon="-119.33194">
        <ele>0</ele>
      </trkpt>
      <trkpt lat="36.15486" lon="-119.33201">
        <ele>0</ele>
      </trkpt>
      <trkpt lat="36.155" lon="-119.33203">
        <ele>0</ele>
      </trkpt>
      <trkpt lat="36.15526" lon="-119.33209">
        <ele>0</ele>
      </trkpt>
      <trkpt lat="36.15579" lon="-119.33219">
        <ele>0</ele>
      </trkpt>
      <trkpt lat="36.15606" lon="-119.33223">
        <ele>0</ele>
      </trkpt>
      <trkpt lat="36.15616" lon="-119.33224">
        <ele>0</ele>
      </trkpt>
      <trkpt lat="36.15619" lon="-119.33225">
        <ele>0</ele>
      </trkpt>
      <trkpt lat="36.15632" lon="-119.33227">
        <ele>0</ele>
      </trkpt>
      <trkpt lat="36.1566" lon="-119.3323">
        <ele>0</ele>
      </trkpt>
      <trkpt lat="36.15666" lon="-119.33231">
        <ele>0</ele>
      </trkpt>
      <trkpt lat="36.15678" lon="-119.33232">
        <ele>0</ele>
      </trkpt>
      <trkpt lat="36.15678" lon="-119.33233">
        <ele>0</ele>
      </trkpt>
      <trkpt lat="36.15696" lon="-119.33234">
        <ele>0</ele>
      </trkpt>
      <trkpt lat="36.15722" lon="-119.33237">
        <ele>0</ele>
      </trkpt>
      <trkpt lat="36.15792" lon="-119.33242">
        <ele>0</ele>
      </trkpt>
      <trkpt lat="36.15846" lon="-119.33244">
        <ele>0</ele>
      </trkpt>
      <trkpt lat="36.15923" lon="-119.33244">
        <ele>0</ele>
      </trkpt>
      <trkpt lat="36.15976" lon="-119.33242">
        <ele>0</ele>
      </trkpt>
      <trkpt lat="36.16086" lon="-119.33233">
        <ele>0</ele>
      </trkpt>
      <trkpt lat="36.16198" lon="-119.33216">
        <ele>0</ele>
      </trkpt>
      <trkpt lat="36.16206" lon="-119.33214">
        <ele>0</ele>
      </trkpt>
      <trkpt lat="36.16219" lon="-119.33212">
        <ele>0</ele>
      </trkpt>
      <trkpt lat="36.16232" lon="-119.33209">
        <ele>0</ele>
      </trkpt>
      <trkpt lat="36.16245" lon="-119.33207">
        <ele>0</ele>
      </trkpt>
      <trkpt lat="36.16318" lon="-119.33192">
        <ele>0</ele>
      </trkpt>
      <trkpt lat="36.16338" lon="-119.33187">
        <ele>0</ele>
      </trkpt>
      <trkpt lat="36.16377" lon="-119.33179">
        <ele>0</ele>
      </trkpt>
      <trkpt lat="36.164" lon="-119.33175">
        <ele>0</ele>
      </trkpt>
      <trkpt lat="36.16588" lon="-119.33135">
        <ele>0</ele>
      </trkpt>
      <trkpt lat="36.16645" lon="-119.33124">
        <ele>0</ele>
      </trkpt>
      <trkpt lat="36.16667" lon="-119.33119">
        <ele>0</ele>
      </trkpt>
      <trkpt lat="36.16694" lon="-119.33114">
        <ele>0</ele>
      </trkpt>
      <trkpt lat="36.16852" lon="-119.33081">
        <ele>0</ele>
      </trkpt>
      <trkpt lat="36.16865" lon="-119.33079">
        <ele>0</ele>
      </trkpt>
      <trkpt lat="36.16906" lon="-119.3307">
        <ele>0</ele>
      </trkpt>
      <trkpt lat="36.16919" lon="-119.33068">
        <ele>0</ele>
      </trkpt>
      <trkpt lat="36.16972" lon="-119.33056">
        <ele>0</ele>
      </trkpt>
      <trkpt lat="36.16985" lon="-119.33054">
        <ele>0</ele>
      </trkpt>
      <trkpt lat="36.17012" lon="-119.33048">
        <ele>0</ele>
      </trkpt>
      <trkpt lat="36.1709" lon="-119.33033">
        <ele>0</ele>
      </trkpt>
      <trkpt lat="36.17117" lon="-119.33027">
        <ele>0</ele>
      </trkpt>
      <trkpt lat="36.17144" lon="-119.33022">
        <ele>0</ele>
      </trkpt>
      <trkpt lat="36.1719" lon="-119.33012">
        <ele>0</ele>
      </trkpt>
      <trkpt lat="36.17194" lon="-119.33012">
        <ele>0</ele>
      </trkpt>
      <trkpt lat="36.17234" lon="-119.33003">
        <ele>0</ele>
      </trkpt>
      <trkpt lat="36.17249" lon="-119.33001">
        <ele>0</ele>
      </trkpt>
      <trkpt lat="36.1726" lon="-119.32998">
        <ele>0</ele>
      </trkpt>
      <trkpt lat="36.17273" lon="-119.32996">
        <ele>0</ele>
      </trkpt>
      <trkpt lat="36.17279" lon="-119.32994">
        <ele>0</ele>
      </trkpt>
      <trkpt lat="36.17285" lon="-119.32993">
        <ele>0</ele>
      </trkpt>
      <trkpt lat="36.17312" lon="-119.32987">
        <ele>0</ele>
      </trkpt>
      <trkpt lat="36.17325" lon="-119.32985">
        <ele>0</ele>
      </trkpt>
      <trkpt lat="36.17386" lon="-119.32972">
        <ele>0</ele>
      </trkpt>
      <trkpt lat="36.17393" lon="-119.32971">
        <ele>0</ele>
      </trkpt>
      <trkpt lat="36.17431" lon="-119.32962">
        <ele>0</ele>
      </trkpt>
      <trkpt lat="36.1747" lon="-119.32955">
        <ele>0</ele>
      </trkpt>
      <trkpt lat="36.17476" lon="-119.32953">
        <ele>0</ele>
      </trkpt>
      <trkpt lat="36.17509" lon="-119.32947">
        <ele>0</ele>
      </trkpt>
      <trkpt lat="36.17548" lon="-119.32938">
        <ele>0</ele>
      </trkpt>
      <trkpt lat="36.17562" lon="-119.32936">
        <ele>0</ele>
      </trkpt>
      <trkpt lat="36.17711" lon="-119.32904">
        <ele>0</ele>
      </trkpt>
      <trkpt lat="36.17724" lon="-119.32902">
        <ele>0</ele>
      </trkpt>
      <trkpt lat="36.1773" lon="-119.329">
        <ele>0</ele>
      </trkpt>
      <trkpt lat="36.1775" lon="-119.32897">
        <ele>0</ele>
      </trkpt>
      <trkpt lat="36.17807" lon="-119.32885">
        <ele>0</ele>
      </trkpt>
      <trkpt lat="36.17816" lon="-119.32884">
        <ele>0</ele>
      </trkpt>
      <trkpt lat="36.17842" lon="-119.32879">
        <ele>0</ele>
      </trkpt>
      <trkpt lat="36.17907" lon="-119.32869">
        <ele>0</ele>
      </trkpt>
      <trkpt lat="36.17909" lon="-119.32869">
        <ele>0</ele>
      </trkpt>
      <trkpt lat="36.1792" lon="-119.32867">
        <ele>0</ele>
      </trkpt>
      <trkpt lat="36.17976" lon="-119.3286">
        <ele>0</ele>
      </trkpt>
      <trkpt lat="36.18074" lon="-119.3285">
        <ele>0</ele>
      </trkpt>
      <trkpt lat="36.18111" lon="-119.32848">
        <ele>0</ele>
      </trkpt>
      <trkpt lat="36.18126" lon="-119.32848">
        <ele>0</ele>
      </trkpt>
      <trkpt lat="36.18138" lon="-119.32847">
        <ele>0</ele>
      </trkpt>
      <trkpt lat="36.18181" lon="-119.32846">
        <ele>0</ele>
      </trkpt>
      <trkpt lat="36.18482" lon="-119.32846">
        <ele>0</ele>
      </trkpt>
      <trkpt lat="36.18497" lon="-119.32845">
        <ele>0</ele>
      </trkpt>
      <trkpt lat="36.19032" lon="-119.32845">
        <ele>0</ele>
      </trkpt>
      <trkpt lat="36.19058" lon="-119.32844">
        <ele>0</ele>
      </trkpt>
      <trkpt lat="36.19165" lon="-119.32844">
        <ele>0</ele>
      </trkpt>
      <trkpt lat="36.19176" lon="-119.32845">
        <ele>0</ele>
      </trkpt>
      <trkpt lat="36.19219" lon="-119.32845">
        <ele>0</ele>
      </trkpt>
      <trkpt lat="36.19232" lon="-119.32844">
        <ele>0</ele>
      </trkpt>
      <trkpt lat="36.19652" lon="-119.32844">
        <ele>0</ele>
      </trkpt>
      <trkpt lat="36.19689" lon="-119.32843">
        <ele>0</ele>
      </trkpt>
      <trkpt lat="36.20193" lon="-119.32843">
        <ele>0</ele>
      </trkpt>
      <trkpt lat="36.20247" lon="-119.32842">
        <ele>0</ele>
      </trkpt>
      <trkpt lat="36.20444" lon="-119.32843">
        <ele>0</ele>
      </trkpt>
      <trkpt lat="36.20485" lon="-119.32842">
        <ele>0</ele>
      </trkpt>
      <trkpt lat="36.20644" lon="-119.32843">
        <ele>0</ele>
      </trkpt>
      <trkpt lat="36.20682" lon="-119.32842">
        <ele>0</ele>
      </trkpt>
      <trkpt lat="36.21011" lon="-119.32842">
        <ele>0</ele>
      </trkpt>
      <trkpt lat="36.21025" lon="-119.32843">
        <ele>0</ele>
      </trkpt>
      <trkpt lat="36.21038" lon="-119.32843">
        <ele>0</ele>
      </trkpt>
      <trkpt lat="36.21047" lon="-119.32844">
        <ele>0</ele>
      </trkpt>
      <trkpt lat="36.21079" lon="-119.32845">
        <ele>0</ele>
      </trkpt>
      <trkpt lat="36.2111" lon="-119.32847">
        <ele>0</ele>
      </trkpt>
      <trkpt lat="36.21136" lon="-119.3285">
        <ele>0</ele>
      </trkpt>
      <trkpt lat="36.21175" lon="-119.32853">
        <ele>0</ele>
      </trkpt>
      <trkpt lat="36.21262" lon="-119.32864">
        <ele>0</ele>
      </trkpt>
      <trkpt lat="36.21276" lon="-119.32867">
        <ele>0</ele>
      </trkpt>
      <trkpt lat="36.21339" lon="-119.32877">
        <ele>0</ele>
      </trkpt>
      <trkpt lat="36.21341" lon="-119.32878">
        <ele>0</ele>
      </trkpt>
      <trkpt lat="36.21392" lon="-119.32887">
        <ele>0</ele>
      </trkpt>
      <trkpt lat="36.21419" lon="-119.32893">
        <ele>0</ele>
      </trkpt>
      <trkpt lat="36.21422" lon="-119.32894">
        <ele>0</ele>
      </trkpt>
      <trkpt lat="36.21444" lon="-119.32899">
        <ele>0</ele>
      </trkpt>
      <trkpt lat="36.21456" lon="-119.32901">
        <ele>0</ele>
      </trkpt>
      <trkpt lat="36.21458" lon="-119.32902">
        <ele>0</ele>
      </trkpt>
      <trkpt lat="36.21468" lon="-119.32904">
        <ele>0</ele>
      </trkpt>
      <trkpt lat="36.2147" lon="-119.32905">
        <ele>0</ele>
      </trkpt>
      <trkpt lat="36.21495" lon="-119.32911">
        <ele>0</ele>
      </trkpt>
      <trkpt lat="36.21613" lon="-119.32944">
        <ele>0</ele>
      </trkpt>
      <trkpt lat="36.21626" lon="-119.32949">
        <ele>0</ele>
      </trkpt>
      <trkpt lat="36.21638" lon="-119.32952">
        <ele>0</ele>
      </trkpt>
      <trkpt lat="36.21662" lon="-119.3296">
        <ele>0</ele>
      </trkpt>
      <trkpt lat="36.21674" lon="-119.32965">
        <ele>0</ele>
      </trkpt>
      <trkpt lat="36.21688" lon="-119.32969">
        <ele>0</ele>
      </trkpt>
      <trkpt lat="36.217" lon="-119.32974">
        <ele>0</ele>
      </trkpt>
      <trkpt lat="36.21714" lon="-119.32978">
        <ele>0</ele>
      </trkpt>
      <trkpt lat="36.21736" lon="-119.32986">
        <ele>0</ele>
      </trkpt>
      <trkpt lat="36.2175" lon="-119.32992">
        <ele>0</ele>
      </trkpt>
      <trkpt lat="36.21762" lon="-119.32996">
        <ele>0</ele>
      </trkpt>
      <trkpt lat="36.21788" lon="-119.33006">
        <ele>0</ele>
      </trkpt>
      <trkpt lat="36.21802" lon="-119.33012">
        <ele>0</ele>
      </trkpt>
      <trkpt lat="36.21813" lon="-119.33016">
        <ele>0</ele>
      </trkpt>
      <trkpt lat="36.21859" lon="-119.33036">
        <ele>0</ele>
      </trkpt>
      <trkpt lat="36.21862" lon="-119.33037">
        <ele>0</ele>
      </trkpt>
      <trkpt lat="36.21887" lon="-119.33048">
        <ele>0</ele>
      </trkpt>
      <trkpt lat="36.21899" lon="-119.33054">
        <ele>0</ele>
      </trkpt>
      <trkpt lat="36.21913" lon="-119.3306">
        <ele>0</ele>
      </trkpt>
      <trkpt lat="36.21924" lon="-119.33066">
        <ele>0</ele>
      </trkpt>
      <trkpt lat="36.21936" lon="-119.33071">
        <ele>0</ele>
      </trkpt>
      <trkpt lat="36.21945" lon="-119.33076">
        <ele>0</ele>
      </trkpt>
      <trkpt lat="36.2196" lon="-119.33083">
        <ele>0</ele>
      </trkpt>
      <trkpt lat="36.22023" lon="-119.33115">
        <ele>0</ele>
      </trkpt>
      <trkpt lat="36.22048" lon="-119.33129">
        <ele>0</ele>
      </trkpt>
      <trkpt lat="36.22058" lon="-119.33134">
        <ele>0</ele>
      </trkpt>
      <trkpt lat="36.22118" lon="-119.33167">
        <ele>0</ele>
      </trkpt>
      <trkpt lat="36.22212" lon="-119.33225">
        <ele>0</ele>
      </trkpt>
      <trkpt lat="36.22251" lon="-119.33251">
        <ele>0</ele>
      </trkpt>
      <trkpt lat="36.22259" lon="-119.33257">
        <ele>0</ele>
      </trkpt>
      <trkpt lat="36.22294" lon="-119.3328">
        <ele>0</ele>
      </trkpt>
      <trkpt lat="36.22327" lon="-119.33304">
        <ele>0</ele>
      </trkpt>
      <trkpt lat="36.22342" lon="-119.33314">
        <ele>0</ele>
      </trkpt>
      <trkpt lat="36.22433" lon="-119.33381">
        <ele>0</ele>
      </trkpt>
      <trkpt lat="36.22434" lon="-119.33382">
        <ele>0</ele>
      </trkpt>
      <trkpt lat="36.22512" lon="-119.33439">
        <ele>0</ele>
      </trkpt>
      <trkpt lat="36.22513" lon="-119.3344">
        <ele>0</ele>
      </trkpt>
      <trkpt lat="36.22525" lon="-119.33448">
        <ele>0</ele>
      </trkpt>
      <trkpt lat="36.22543" lon="-119.33462">
        <ele>0</ele>
      </trkpt>
      <trkpt lat="36.22556" lon="-119.33471">
        <ele>0</ele>
      </trkpt>
      <trkpt lat="36.22569" lon="-119.33481">
        <ele>0</ele>
      </trkpt>
      <trkpt lat="36.22582" lon="-119.3349">
        <ele>0</ele>
      </trkpt>
      <trkpt lat="36.22614" lon="-119.33515">
        <ele>0</ele>
      </trkpt>
      <trkpt lat="36.22625" lon="-119.33522">
        <ele>0</ele>
      </trkpt>
      <trkpt lat="36.22659" lon="-119.33548">
        <ele>0</ele>
      </trkpt>
      <trkpt lat="36.22697" lon="-119.33575">
        <ele>0</ele>
      </trkpt>
      <trkpt lat="36.22759" lon="-119.33621">
        <ele>0</ele>
      </trkpt>
      <trkpt lat="36.22763" lon="-119.33623">
        <ele>0</ele>
      </trkpt>
      <trkpt lat="36.22808" lon="-119.33657">
        <ele>0</ele>
      </trkpt>
      <trkpt lat="36.2282" lon="-119.33665">
        <ele>0</ele>
      </trkpt>
      <trkpt lat="36.2284" lon="-119.33681">
        <ele>0</ele>
      </trkpt>
      <trkpt lat="36.22851" lon="-119.33689">
        <ele>0</ele>
      </trkpt>
      <trkpt lat="36.22853" lon="-119.33691">
        <ele>0</ele>
      </trkpt>
      <trkpt lat="36.22865" lon="-119.33699">
        <ele>0</ele>
      </trkpt>
      <trkpt lat="36.22867" lon="-119.337">
        <ele>0</ele>
      </trkpt>
      <trkpt lat="36.22876" lon="-119.33708">
        <ele>0</ele>
      </trkpt>
      <trkpt lat="36.22889" lon="-119.33717">
        <ele>0</ele>
      </trkpt>
      <trkpt lat="36.23239" lon="-119.33974">
        <ele>0</ele>
      </trkpt>
      <trkpt lat="36.23242" lon="-119.33977">
        <ele>0</ele>
      </trkpt>
      <trkpt lat="36.23375" lon="-119.34074">
        <ele>0</ele>
      </trkpt>
      <trkpt lat="36.23397" lon="-119.34091">
        <ele>0</ele>
      </trkpt>
      <trkpt lat="36.23442" lon="-119.34123">
        <ele>0</ele>
      </trkpt>
      <trkpt lat="36.23565" lon="-119.34214">
        <ele>0</ele>
      </trkpt>
      <trkpt lat="36.23571" lon="-119.34218">
        <ele>0</ele>
      </trkpt>
      <trkpt lat="36.23573" lon="-119.34219">
        <ele>0</ele>
      </trkpt>
      <trkpt lat="36.23576" lon="-119.34222">
        <ele>0</ele>
      </trkpt>
      <trkpt lat="36.23585" lon="-119.34228">
        <ele>0</ele>
      </trkpt>
      <trkpt lat="36.236" lon="-119.3424">
        <ele>0</ele>
      </trkpt>
      <trkpt lat="36.23702" lon="-119.34315">
        <ele>0</ele>
      </trkpt>
      <trkpt lat="36.23725" lon="-119.34331">
        <ele>0</ele>
      </trkpt>
      <trkpt lat="36.23862" lon="-119.34433">
        <ele>0</ele>
      </trkpt>
      <trkpt lat="36.23883" lon="-119.34447">
        <ele>0</ele>
      </trkpt>
      <trkpt lat="36.23961" lon="-119.34506">
        <ele>0</ele>
      </trkpt>
      <trkpt lat="36.2404" lon="-119.34563">
        <ele>0</ele>
      </trkpt>
      <trkpt lat="36.24085" lon="-119.34597">
        <ele>0</ele>
      </trkpt>
      <trkpt lat="36.24097" lon="-119.34605">
        <ele>0</ele>
      </trkpt>
      <trkpt lat="36.24112" lon="-119.34617">
        <ele>0</ele>
      </trkpt>
      <trkpt lat="36.24154" lon="-119.34648">
        <ele>0</ele>
      </trkpt>
      <trkpt lat="36.24175" lon="-119.34662">
        <ele>0</ele>
      </trkpt>
      <trkpt lat="36.24267" lon="-119.3473">
        <ele>0</ele>
      </trkpt>
      <trkpt lat="36.24272" lon="-119.34733">
        <ele>0</ele>
      </trkpt>
      <trkpt lat="36.24324" lon="-119.3477">
        <ele>0</ele>
      </trkpt>
      <trkpt lat="36.24399" lon="-119.34828">
        <ele>0</ele>
      </trkpt>
      <trkpt lat="36.2446" lon="-119.34872">
        <ele>0</ele>
      </trkpt>
      <trkpt lat="36.24482" lon="-119.34889">
        <ele>0</ele>
      </trkpt>
      <trkpt lat="36.24519" lon="-119.34915">
        <ele>0</ele>
      </trkpt>
      <trkpt lat="36.24557" lon="-119.34944">
        <ele>0</ele>
      </trkpt>
      <trkpt lat="36.2457" lon="-119.34955">
        <ele>0</ele>
      </trkpt>
      <trkpt lat="36.24604" lon="-119.34978">
        <ele>0</ele>
      </trkpt>
      <trkpt lat="36.24605" lon="-119.34979">
        <ele>0</ele>
      </trkpt>
      <trkpt lat="36.24618" lon="-119.34989">
        <ele>0</ele>
      </trkpt>
      <trkpt lat="36.2462" lon="-119.3499">
        <ele>0</ele>
      </trkpt>
      <trkpt lat="36.24627" lon="-119.34995">
        <ele>0</ele>
      </trkpt>
      <trkpt lat="36.24637" lon="-119.35003">
        <ele>0</ele>
      </trkpt>
      <trkpt lat="36.24652" lon="-119.35013">
        <ele>0</ele>
      </trkpt>
      <trkpt lat="36.24708" lon="-119.35055">
        <ele>0</ele>
      </trkpt>
      <trkpt lat="36.24713" lon="-119.35058">
        <ele>0</ele>
      </trkpt>
      <trkpt lat="36.24774" lon="-119.35103">
        <ele>0</ele>
      </trkpt>
      <trkpt lat="36.24782" lon="-119.3511">
        <ele>0</ele>
      </trkpt>
      <trkpt lat="36.24808" lon="-119.35128">
        <ele>0</ele>
      </trkpt>
      <trkpt lat="36.24819" lon="-119.35137">
        <ele>0</ele>
      </trkpt>
      <trkpt lat="36.2483" lon="-119.35145">
        <ele>0</ele>
      </trkpt>
      <trkpt lat="36.24841" lon="-119.35152">
        <ele>0</ele>
      </trkpt>
      <trkpt lat="36.24852" lon="-119.35161">
        <ele>0</ele>
      </trkpt>
      <trkpt lat="36.24976" lon="-119.35252">
        <ele>0</ele>
      </trkpt>
      <trkpt lat="36.24984" lon="-119.35257">
        <ele>0</ele>
      </trkpt>
      <trkpt lat="36.25005" lon="-119.35274">
        <ele>0</ele>
      </trkpt>
      <trkpt lat="36.25039" lon="-119.35298">
        <ele>0</ele>
      </trkpt>
      <trkpt lat="36.25049" lon="-119.35306">
        <ele>0</ele>
      </trkpt>
      <trkpt lat="36.25159" lon="-119.35386">
        <ele>0</ele>
      </trkpt>
      <trkpt lat="36.25183" lon="-119.35405">
        <ele>0</ele>
      </trkpt>
      <trkpt lat="36.25324" lon="-119.35508">
        <ele>0</ele>
      </trkpt>
      <trkpt lat="36.25334" lon="-119.35516">
        <ele>0</ele>
      </trkpt>
      <trkpt lat="36.25346" lon="-119.35524">
        <ele>0</ele>
      </trkpt>
      <trkpt lat="36.25464" lon="-119.35611">
        <ele>0</ele>
      </trkpt>
      <trkpt lat="36.2547" lon="-119.35615">
        <ele>0</ele>
      </trkpt>
      <trkpt lat="36.2548" lon="-119.35623">
        <ele>0</ele>
      </trkpt>
      <trkpt lat="36.25707" lon="-119.3579">
        <ele>0</ele>
      </trkpt>
      <trkpt lat="36.25712" lon="-119.35793">
        <ele>0</ele>
      </trkpt>
      <trkpt lat="36.25762" lon="-119.35831">
        <ele>0</ele>
      </trkpt>
      <trkpt lat="36.25932" lon="-119.35955">
        <ele>0</ele>
      </trkpt>
      <trkpt lat="36.25938" lon="-119.3596">
        <ele>0</ele>
      </trkpt>
      <trkpt lat="36.26048" lon="-119.3604">
        <ele>0</ele>
      </trkpt>
      <trkpt lat="36.26066" lon="-119.36052">
        <ele>0</ele>
      </trkpt>
      <trkpt lat="36.26073" lon="-119.36056">
        <ele>0</ele>
      </trkpt>
      <trkpt lat="36.26081" lon="-119.36062">
        <ele>0</ele>
      </trkpt>
      <trkpt lat="36.26105" lon="-119.36076">
        <ele>0</ele>
      </trkpt>
      <trkpt lat="36.26119" lon="-119.36085">
        <ele>0</ele>
      </trkpt>
      <trkpt lat="36.26131" lon="-119.36091">
        <ele>0</ele>
      </trkpt>
      <trkpt lat="36.26141" lon="-119.36097">
        <ele>0</ele>
      </trkpt>
      <trkpt lat="36.26142" lon="-119.36098">
        <ele>0</ele>
      </trkpt>
      <trkpt lat="36.26154" lon="-119.36104">
        <ele>0</ele>
      </trkpt>
      <trkpt lat="36.26162" lon="-119.36109">
        <ele>0</ele>
      </trkpt>
      <trkpt lat="36.2621" lon="-119.36133">
        <ele>0</ele>
      </trkpt>
      <trkpt lat="36.26216" lon="-119.36135">
        <ele>0</ele>
      </trkpt>
      <trkpt lat="36.26271" lon="-119.36161">
        <ele>0</ele>
      </trkpt>
      <trkpt lat="36.26272" lon="-119.36162">
        <ele>0</ele>
      </trkpt>
      <trkpt lat="36.26339" lon="-119.36192">
        <ele>0</ele>
      </trkpt>
      <trkpt lat="36.2634" lon="-119.36193">
        <ele>0</ele>
      </trkpt>
      <trkpt lat="36.26366" lon="-119.36204">
        <ele>0</ele>
      </trkpt>
      <trkpt lat="36.26485" lon="-119.36262">
        <ele>0</ele>
      </trkpt>
      <trkpt lat="36.26508" lon="-119.36274">
        <ele>0</ele>
      </trkpt>
      <trkpt lat="36.2654" lon="-119.36292">
        <ele>0</ele>
      </trkpt>
      <trkpt lat="36.2657" lon="-119.3631">
        <ele>0</ele>
      </trkpt>
      <trkpt lat="36.26599" lon="-119.36329">
        <ele>0</ele>
      </trkpt>
      <trkpt lat="36.26603" lon="-119.36331">
        <ele>0</ele>
      </trkpt>
      <trkpt lat="36.26612" lon="-119.36337">
        <ele>0</ele>
      </trkpt>
      <trkpt lat="36.26685" lon="-119.36391">
        <ele>0</ele>
      </trkpt>
      <trkpt lat="36.26728" lon="-119.36426">
        <ele>0</ele>
      </trkpt>
      <trkpt lat="36.26846" lon="-119.36532">
        <ele>0</ele>
      </trkpt>
      <trkpt lat="36.26873" lon="-119.36555">
        <ele>0</ele>
      </trkpt>
      <trkpt lat="36.26879" lon="-119.36561">
        <ele>0</ele>
      </trkpt>
      <trkpt lat="36.26933" lon="-119.36606">
        <ele>0</ele>
      </trkpt>
      <trkpt lat="36.26939" lon="-119.3661">
        <ele>0</ele>
      </trkpt>
      <trkpt lat="36.26984" lon="-119.36644">
        <ele>0</ele>
      </trkpt>
      <trkpt lat="36.27013" lon="-119.36664">
        <ele>0</ele>
      </trkpt>
      <trkpt lat="36.27046" lon="-119.36689">
        <ele>0</ele>
      </trkpt>
      <trkpt lat="36.27068" lon="-119.36704">
        <ele>0</ele>
      </trkpt>
      <trkpt lat="36.27084" lon="-119.36716">
        <ele>0</ele>
      </trkpt>
      <trkpt lat="36.27086" lon="-119.36717">
        <ele>0</ele>
      </trkpt>
      <trkpt lat="36.27103" lon="-119.36729">
        <ele>0</ele>
      </trkpt>
      <trkpt lat="36.27114" lon="-119.36738">
        <ele>0</ele>
      </trkpt>
      <trkpt lat="36.27136" lon="-119.36753">
        <ele>0</ele>
      </trkpt>
      <trkpt lat="36.27148" lon="-119.36762">
        <ele>0</ele>
      </trkpt>
      <trkpt lat="36.2716" lon="-119.3677">
        <ele>0</ele>
      </trkpt>
      <trkpt lat="36.27207" lon="-119.36805">
        <ele>0</ele>
      </trkpt>
      <trkpt lat="36.27274" lon="-119.36852">
        <ele>0</ele>
      </trkpt>
      <trkpt lat="36.27305" lon="-119.36875">
        <ele>0</ele>
      </trkpt>
      <trkpt lat="36.2734" lon="-119.36898">
        <ele>0</ele>
      </trkpt>
      <trkpt lat="36.27351" lon="-119.36906">
        <ele>0</ele>
      </trkpt>
      <trkpt lat="36.27466" lon="-119.36982">
        <ele>0</ele>
      </trkpt>
      <trkpt lat="36.2747" lon="-119.36985">
        <ele>0</ele>
      </trkpt>
      <trkpt lat="36.2777" lon="-119.37182">
        <ele>0</ele>
      </trkpt>
      <trkpt lat="36.27793" lon="-119.37198">
        <ele>0</ele>
      </trkpt>
      <trkpt lat="36.27852" lon="-119.37236">
        <ele>0</ele>
      </trkpt>
      <trkpt lat="36.27886" lon="-119.37259">
        <ele>0</ele>
      </trkpt>
      <trkpt lat="36.27899" lon="-119.37267">
        <ele>0</ele>
      </trkpt>
      <trkpt lat="36.27909" lon="-119.37275">
        <ele>0</ele>
      </trkpt>
      <trkpt lat="36.27978" lon="-119.37319">
        <ele>0</ele>
      </trkpt>
      <trkpt lat="36.2807" lon="-119.37381">
        <ele>0</ele>
      </trkpt>
      <trkpt lat="36.28082" lon="-119.37388">
        <ele>0</ele>
      </trkpt>
      <trkpt lat="36.28198" lon="-119.37465">
        <ele>0</ele>
      </trkpt>
      <trkpt lat="36.28212" lon="-119.37475">
        <ele>0</ele>
      </trkpt>
      <trkpt lat="36.28216" lon="-119.37477">
        <ele>0</ele>
      </trkpt>
      <trkpt lat="36.28226" lon="-119.37484">
        <ele>0</ele>
      </trkpt>
      <trkpt lat="36.28262" lon="-119.37507">
        <ele>0</ele>
      </trkpt>
      <trkpt lat="36.28389" lon="-119.37592">
        <ele>0</ele>
      </trkpt>
      <trkpt lat="36.28405" lon="-119.37602">
        <ele>0</ele>
      </trkpt>
      <trkpt lat="36.28593" lon="-119.3773">
        <ele>0</ele>
      </trkpt>
      <trkpt lat="36.28676" lon="-119.37783">
        <ele>0</ele>
      </trkpt>
      <trkpt lat="36.28717" lon="-119.37811">
        <ele>0</ele>
      </trkpt>
      <trkpt lat="36.2879" lon="-119.37857">
        <ele>0</ele>
      </trkpt>
      <trkpt lat="36.28824" lon="-119.3788">
        <ele>0</ele>
      </trkpt>
      <trkpt lat="36.28826" lon="-119.37881">
        <ele>0</ele>
      </trkpt>
      <trkpt lat="36.28869" lon="-119.37908">
        <ele>0</ele>
      </trkpt>
      <trkpt lat="36.28888" lon="-119.37921">
        <ele>0</ele>
      </trkpt>
      <trkpt lat="36.28914" lon="-119.37937">
        <ele>0</ele>
      </trkpt>
      <trkpt lat="36.29033" lon="-119.38016">
        <ele>0</ele>
      </trkpt>
      <trkpt lat="36.29037" lon="-119.38018">
        <ele>0</ele>
      </trkpt>
      <trkpt lat="36.29186" lon="-119.38116">
        <ele>0</ele>
      </trkpt>
      <trkpt lat="36.29224" lon="-119.38142">
        <ele>0</ele>
      </trkpt>
      <trkpt lat="36.29245" lon="-119.38155">
        <ele>0</ele>
      </trkpt>
      <trkpt lat="36.29284" lon="-119.38181">
        <ele>0</ele>
      </trkpt>
      <trkpt lat="36.29288" lon="-119.38183">
        <ele>0</ele>
      </trkpt>
      <trkpt lat="36.29342" lon="-119.38217">
        <ele>0</ele>
      </trkpt>
      <trkpt lat="36.29351" lon="-119.38222">
        <ele>0</ele>
      </trkpt>
      <trkpt lat="36.29364" lon="-119.3823">
        <ele>0</ele>
      </trkpt>
      <trkpt lat="36.29411" lon="-119.38256">
        <ele>0</ele>
      </trkpt>
      <trkpt lat="36.29434" lon="-119.38267">
        <ele>0</ele>
      </trkpt>
      <trkpt lat="36.29499" lon="-119.38296">
        <ele>0</ele>
      </trkpt>
      <trkpt lat="36.29523" lon="-119.38306">
        <ele>0</ele>
      </trkpt>
      <trkpt lat="36.29534" lon="-119.3831">
        <ele>0</ele>
      </trkpt>
      <trkpt lat="36.29545" lon="-119.38315">
        <ele>0</ele>
      </trkpt>
      <trkpt lat="36.29637" lon="-119.38352">
        <ele>0</ele>
      </trkpt>
      <trkpt lat="36.29654" lon="-119.38361">
        <ele>0</ele>
      </trkpt>
      <trkpt lat="36.29672" lon="-119.38369">
        <ele>0</ele>
      </trkpt>
      <trkpt lat="36.29733" lon="-119.384">
        <ele>0</ele>
      </trkpt>
      <trkpt lat="36.29794" lon="-119.38436">
        <ele>0</ele>
      </trkpt>
      <trkpt lat="36.29802" lon="-119.38442">
        <ele>0</ele>
      </trkpt>
      <trkpt lat="36.29806" lon="-119.38444">
        <ele>0</ele>
      </trkpt>
      <trkpt lat="36.29829" lon="-119.38459">
        <ele>0</ele>
      </trkpt>
      <trkpt lat="36.29922" lon="-119.38527">
        <ele>0</ele>
      </trkpt>
      <trkpt lat="36.29924" lon="-119.38529">
        <ele>0</ele>
      </trkpt>
      <trkpt lat="36.29943" lon="-119.38544">
        <ele>0</ele>
      </trkpt>
      <trkpt lat="36.29991" lon="-119.38585">
        <ele>0</ele>
      </trkpt>
      <trkpt lat="36.29999" lon="-119.38593">
        <ele>0</ele>
      </trkpt>
      <trkpt lat="36.30089" lon="-119.38677">
        <ele>0</ele>
      </trkpt>
      <trkpt lat="36.30115" lon="-119.38703">
        <ele>0</ele>
      </trkpt>
      <trkpt lat="36.30157" lon="-119.3874">
        <ele>0</ele>
      </trkpt>
      <trkpt lat="36.30196" lon="-119.38772">
        <ele>0</ele>
      </trkpt>
      <trkpt lat="36.30218" lon="-119.38789">
        <ele>0</ele>
      </trkpt>
      <trkpt lat="36.30234" lon="-119.388">
        <ele>0</ele>
      </trkpt>
      <trkpt lat="36.30254" lon="-119.38816">
        <ele>0</ele>
      </trkpt>
      <trkpt lat="36.30313" lon="-119.38856">
        <ele>0</ele>
      </trkpt>
      <trkpt lat="36.30322" lon="-119.38861">
        <ele>0</ele>
      </trkpt>
      <trkpt lat="36.30553" lon="-119.39014">
        <ele>0</ele>
      </trkpt>
      <trkpt lat="36.30556" lon="-119.39017">
        <ele>0</ele>
      </trkpt>
      <trkpt lat="36.30567" lon="-119.39023">
        <ele>0</ele>
      </trkpt>
      <trkpt lat="36.30595" lon="-119.39041">
        <ele>0</ele>
      </trkpt>
      <trkpt lat="36.30596" lon="-119.39042">
        <ele>0</ele>
      </trkpt>
      <trkpt lat="36.30838" lon="-119.39202">
        <ele>0</ele>
      </trkpt>
      <trkpt lat="36.30883" lon="-119.39228">
        <ele>0</ele>
      </trkpt>
      <trkpt lat="36.30921" lon="-119.39248">
        <ele>0</ele>
      </trkpt>
      <trkpt lat="36.30986" lon="-119.39278">
        <ele>0</ele>
      </trkpt>
      <trkpt lat="36.31025" lon="-119.39294">
        <ele>0</ele>
      </trkpt>
      <trkpt lat="36.31216" lon="-119.39356">
        <ele>0</ele>
      </trkpt>
      <trkpt lat="36.31244" lon="-119.39364">
        <ele>0</ele>
      </trkpt>
      <trkpt lat="36.31249" lon="-119.39366">
        <ele>0</ele>
      </trkpt>
      <trkpt lat="36.31257" lon="-119.39368">
        <ele>0</ele>
      </trkpt>
      <trkpt lat="36.31294" lon="-119.3938">
        <ele>0</ele>
      </trkpt>
      <trkpt lat="36.31307" lon="-119.39385">
        <ele>0</ele>
      </trkpt>
      <trkpt lat="36.31333" lon="-119.39393">
        <ele>0</ele>
      </trkpt>
      <trkpt lat="36.31335" lon="-119.39394">
        <ele>0</ele>
      </trkpt>
      <trkpt lat="36.31351" lon="-119.39399">
        <ele>0</ele>
      </trkpt>
      <trkpt lat="36.3139" lon="-119.39416">
        <ele>0</ele>
      </trkpt>
      <trkpt lat="36.31469" lon="-119.39455">
        <ele>0</ele>
      </trkpt>
      <trkpt lat="36.31518" lon="-119.39482">
        <ele>0</ele>
      </trkpt>
      <trkpt lat="36.31547" lon="-119.39499">
        <ele>0</ele>
      </trkpt>
      <trkpt lat="36.31626" lon="-119.39552">
        <ele>0</ele>
      </trkpt>
      <trkpt lat="36.3169" lon="-119.39601">
        <ele>0</ele>
      </trkpt>
      <trkpt lat="36.31734" lon="-119.39639">
        <ele>0</ele>
      </trkpt>
      <trkpt lat="36.31743" lon="-119.39646">
        <ele>0</ele>
      </trkpt>
      <trkpt lat="36.31766" lon="-119.39667">
        <ele>0</ele>
      </trkpt>
      <trkpt lat="36.31811" lon="-119.39711">
        <ele>0</ele>
      </trkpt>
      <trkpt lat="36.31816" lon="-119.39717">
        <ele>0</ele>
      </trkpt>
      <trkpt lat="36.31875" lon="-119.39782">
        <ele>0</ele>
      </trkpt>
      <trkpt lat="36.3189" lon="-119.39801">
        <ele>0</ele>
      </trkpt>
      <trkpt lat="36.31894" lon="-119.39804">
        <ele>0</ele>
      </trkpt>
      <trkpt lat="36.31896" lon="-119.39806">
        <ele>0</ele>
      </trkpt>
      <trkpt lat="36.31948" lon="-119.39872">
        <ele>0</ele>
      </trkpt>
      <trkpt lat="36.31974" lon="-119.39907">
        <ele>0</ele>
      </trkpt>
      <trkpt lat="36.32015" lon="-119.39965">
        <ele>0</ele>
      </trkpt>
      <trkpt lat="36.32064" lon="-119.40042">
        <ele>0</ele>
      </trkpt>
      <trkpt lat="36.32072" lon="-119.40056">
        <ele>0</ele>
      </trkpt>
      <trkpt lat="36.32122" lon="-119.40136">
        <ele>0</ele>
      </trkpt>
      <trkpt lat="36.32182" lon="-119.40227">
        <ele>0</ele>
      </trkpt>
      <trkpt lat="36.32221" lon="-119.40282">
        <ele>0</ele>
      </trkpt>
      <trkpt lat="36.32249" lon="-119.40318">
        <ele>0</ele>
      </trkpt>
      <trkpt lat="36.32258" lon="-119.40327">
        <ele>0</ele>
      </trkpt>
      <trkpt lat="36.32264" lon="-119.40335">
        <ele>0</ele>
      </trkpt>
      <trkpt lat="36.32284" lon="-119.40359">
        <ele>0</ele>
      </trkpt>
      <trkpt lat="36.32333" lon="-119.40411">
        <ele>0</ele>
      </trkpt>
      <trkpt lat="36.32373" lon="-119.40451">
        <ele>0</ele>
      </trkpt>
      <trkpt lat="36.32407" lon="-119.40482">
        <ele>0</ele>
      </trkpt>
      <trkpt lat="36.32473" lon="-119.40538">
        <ele>0</ele>
      </trkpt>
      <trkpt lat="36.32476" lon="-119.40541">
        <ele>0</ele>
      </trkpt>
      <trkpt lat="36.326" lon="-119.40646">
        <ele>0</ele>
      </trkpt>
      <trkpt lat="36.32644" lon="-119.40682">
        <ele>0</ele>
      </trkpt>
      <trkpt lat="36.32656" lon="-119.40693">
        <ele>0</ele>
      </trkpt>
      <trkpt lat="36.32703" lon="-119.40732">
        <ele>0</ele>
      </trkpt>
      <trkpt lat="36.32748" lon="-119.40771">
        <ele>0</ele>
      </trkpt>
      <trkpt lat="36.32903" lon="-119.40899">
        <ele>0</ele>
      </trkpt>
      <trkpt lat="36.3293" lon="-119.4092">
        <ele>0</ele>
      </trkpt>
      <trkpt lat="36.33106" lon="-119.41069">
        <ele>0</ele>
      </trkpt>
      <trkpt lat="36.33212" lon="-119.41165">
        <ele>0</ele>
      </trkpt>
      <trkpt lat="36.33257" lon="-119.41204">
        <ele>0</ele>
      </trkpt>
      <trkpt lat="36.33259" lon="-119.41205">
        <ele>0</ele>
      </trkpt>
      <trkpt lat="36.33286" lon="-119.41229">
        <ele>0</ele>
      </trkpt>
      <trkpt lat="36.33322" lon="-119.41258">
        <ele>0</ele>
      </trkpt>
      <trkpt lat="36.33468" lon="-119.41381">
        <ele>0</ele>
      </trkpt>
      <trkpt lat="36.33483" lon="-119.41395">
        <ele>0</ele>
      </trkpt>
      <trkpt lat="36.33503" lon="-119.41411">
        <ele>0</ele>
      </trkpt>
      <trkpt lat="36.33624" lon="-119.41514">
        <ele>0</ele>
      </trkpt>
      <trkpt lat="36.33627" lon="-119.41516">
        <ele>0</ele>
      </trkpt>
      <trkpt lat="36.33709" lon="-119.41585">
        <ele>0</ele>
      </trkpt>
      <trkpt lat="36.33712" lon="-119.41588">
        <ele>0</ele>
      </trkpt>
      <trkpt lat="36.33714" lon="-119.41589">
        <ele>0</ele>
      </trkpt>
      <trkpt lat="36.3374" lon="-119.41612">
        <ele>0</ele>
      </trkpt>
      <trkpt lat="36.33949" lon="-119.41787">
        <ele>0</ele>
      </trkpt>
      <trkpt lat="36.33953" lon="-119.4179">
        <ele>0</ele>
      </trkpt>
      <trkpt lat="36.33958" lon="-119.41795">
        <ele>0</ele>
      </trkpt>
      <trkpt lat="36.34118" lon="-119.4193">
        <ele>0</ele>
      </trkpt>
      <trkpt lat="36.34146" lon="-119.41952">
        <ele>0</ele>
      </trkpt>
      <trkpt lat="36.34175" lon="-119.41978">
        <ele>0</ele>
      </trkpt>
      <trkpt lat="36.3435" lon="-119.42125">
        <ele>0</ele>
      </trkpt>
      <trkpt lat="36.34369" lon="-119.4214">
        <ele>0</ele>
      </trkpt>
      <trkpt lat="36.34499" lon="-119.42249">
        <ele>0</ele>
      </trkpt>
      <trkpt lat="36.34545" lon="-119.42289">
        <ele>0</ele>
      </trkpt>
      <trkpt lat="36.34659" lon="-119.42383">
        <ele>0</ele>
      </trkpt>
      <trkpt lat="36.3468" lon="-119.42402">
        <ele>0</ele>
      </trkpt>
      <trkpt lat="36.34707" lon="-119.42424">
        <ele>0</ele>
      </trkpt>
      <trkpt lat="36.34738" lon="-119.42451">
        <ele>0</ele>
      </trkpt>
      <trkpt lat="36.3474" lon="-119.42452">
        <ele>0</ele>
      </trkpt>
      <trkpt lat="36.34778" lon="-119.42483">
        <ele>0</ele>
      </trkpt>
      <trkpt lat="36.34799" lon="-119.42502">
        <ele>0</ele>
      </trkpt>
      <trkpt lat="36.34873" lon="-119.42563">
        <ele>0</ele>
      </trkpt>
      <trkpt lat="36.34918" lon="-119.42595">
        <ele>0</ele>
      </trkpt>
      <trkpt lat="36.34932" lon="-119.42606">
        <ele>0</ele>
      </trkpt>
      <trkpt lat="36.34957" lon="-119.42621">
        <ele>0</ele>
      </trkpt>
      <trkpt lat="36.34999" lon="-119.42648">
        <ele>0</ele>
      </trkpt>
      <trkpt lat="36.35065" lon="-119.42684">
        <ele>0</ele>
      </trkpt>
      <trkpt lat="36.35101" lon="-119.42702">
        <ele>0</ele>
      </trkpt>
      <trkpt lat="36.35148" lon="-119.42723">
        <ele>0</ele>
      </trkpt>
      <trkpt lat="36.35179" lon="-119.42735">
        <ele>0</ele>
      </trkpt>
      <trkpt lat="36.35251" lon="-119.42761">
        <ele>0</ele>
      </trkpt>
      <trkpt lat="36.35276" lon="-119.42769">
        <ele>0</ele>
      </trkpt>
      <trkpt lat="36.35304" lon="-119.42776">
        <ele>0</ele>
      </trkpt>
      <trkpt lat="36.35325" lon="-119.42782">
        <ele>0</ele>
      </trkpt>
      <trkpt lat="36.35336" lon="-119.42784">
        <ele>0</ele>
      </trkpt>
      <trkpt lat="36.35378" lon="-119.42794">
        <ele>0</ele>
      </trkpt>
      <trkpt lat="36.3541" lon="-119.428">
        <ele>0</ele>
      </trkpt>
      <trkpt lat="36.35414" lon="-119.42801">
        <ele>0</ele>
      </trkpt>
      <trkpt lat="36.35504" lon="-119.42812">
        <ele>0</ele>
      </trkpt>
      <trkpt lat="36.35614" lon="-119.42821">
        <ele>0</ele>
      </trkpt>
      <trkpt lat="36.35618" lon="-119.42821">
        <ele>0</ele>
      </trkpt>
      <trkpt lat="36.35665" lon="-119.42826">
        <ele>0</ele>
      </trkpt>
      <trkpt lat="36.35668" lon="-119.42826">
        <ele>0</ele>
      </trkpt>
      <trkpt lat="36.35809" lon="-119.42838">
        <ele>0</ele>
      </trkpt>
      <trkpt lat="36.35813" lon="-119.42839">
        <ele>0</ele>
      </trkpt>
      <trkpt lat="36.35885" lon="-119.42845">
        <ele>0</ele>
      </trkpt>
      <trkpt lat="36.3589" lon="-119.42845">
        <ele>0</ele>
      </trkpt>
      <trkpt lat="36.35908" lon="-119.42847">
        <ele>0</ele>
      </trkpt>
      <trkpt lat="36.35926" lon="-119.42848">
        <ele>0</ele>
      </trkpt>
      <trkpt lat="36.35931" lon="-119.42849">
        <ele>0</ele>
      </trkpt>
      <trkpt lat="36.35973" lon="-119.42852">
        <ele>0</ele>
      </trkpt>
      <trkpt lat="36.36019" lon="-119.42857">
        <ele>0</ele>
      </trkpt>
      <trkpt lat="36.36051" lon="-119.42862">
        <ele>0</ele>
      </trkpt>
      <trkpt lat="36.36058" lon="-119.42864">
        <ele>0</ele>
      </trkpt>
      <trkpt lat="36.36099" lon="-119.42871">
        <ele>0</ele>
      </trkpt>
      <trkpt lat="36.36167" lon="-119.42887">
        <ele>0</ele>
      </trkpt>
      <trkpt lat="36.36173" lon="-119.42889">
        <ele>0</ele>
      </trkpt>
      <trkpt lat="36.36188" lon="-119.42893">
        <ele>0</ele>
      </trkpt>
      <trkpt lat="36.36227" lon="-119.42905">
        <ele>0</ele>
      </trkpt>
      <trkpt lat="36.36267" lon="-119.42919">
        <ele>0</ele>
      </trkpt>
      <trkpt lat="36.36338" lon="-119.42948">
        <ele>0</ele>
      </trkpt>
      <trkpt lat="36.36362" lon="-119.42959">
        <ele>0</ele>
      </trkpt>
      <trkpt lat="36.36369" lon="-119.42963">
        <ele>0</ele>
      </trkpt>
      <trkpt lat="36.36408" lon="-119.42983">
        <ele>0</ele>
      </trkpt>
      <trkpt lat="36.36476" lon="-119.43021">
        <ele>0</ele>
      </trkpt>
      <trkpt lat="36.36601" lon="-119.43102">
        <ele>0</ele>
      </trkpt>
      <trkpt lat="36.36612" lon="-119.4311">
        <ele>0</ele>
      </trkpt>
      <trkpt lat="36.36638" lon="-119.43127">
        <ele>0</ele>
      </trkpt>
      <trkpt lat="36.36639" lon="-119.43128">
        <ele>0</ele>
      </trkpt>
      <trkpt lat="36.36849" lon="-119.43266">
        <ele>0</ele>
      </trkpt>
      <trkpt lat="36.36878" lon="-119.43286">
        <ele>0</ele>
      </trkpt>
      <trkpt lat="36.37145" lon="-119.4346">
        <ele>0</ele>
      </trkpt>
      <trkpt lat="36.37147" lon="-119.43461">
        <ele>0</ele>
      </trkpt>
      <trkpt lat="36.37179" lon="-119.43483">
        <ele>0</ele>
      </trkpt>
      <trkpt lat="36.37195" lon="-119.43493">
        <ele>0</ele>
      </trkpt>
      <trkpt lat="36.3721" lon="-119.43504">
        <ele>0</ele>
      </trkpt>
      <trkpt lat="36.37211" lon="-119.43504">
        <ele>0</ele>
      </trkpt>
      <trkpt lat="36.37241" lon="-119.43524">
        <ele>0</ele>
      </trkpt>
      <trkpt lat="36.37242" lon="-119.43525">
        <ele>0</ele>
      </trkpt>
      <trkpt lat="36.37354" lon="-119.43597">
        <ele>0</ele>
      </trkpt>
      <trkpt lat="36.3737" lon="-119.43608">
        <ele>0</ele>
      </trkpt>
      <trkpt lat="36.37386" lon="-119.43618">
        <ele>0</ele>
      </trkpt>
      <trkpt lat="36.37433" lon="-119.4365">
        <ele>0</ele>
      </trkpt>
      <trkpt lat="36.37435" lon="-119.4365">
        <ele>0</ele>
      </trkpt>
      <trkpt lat="36.37476" lon="-119.43678">
        <ele>0</ele>
      </trkpt>
      <trkpt lat="36.37599" lon="-119.43758">
        <ele>0</ele>
      </trkpt>
      <trkpt lat="36.37768" lon="-119.43872">
        <ele>0</ele>
      </trkpt>
      <trkpt lat="36.37789" lon="-119.43885">
        <ele>0</ele>
      </trkpt>
      <trkpt lat="36.385" lon="-119.44354">
        <ele>0</ele>
      </trkpt>
      <trkpt lat="36.38532" lon="-119.44376">
        <ele>0</ele>
      </trkpt>
      <trkpt lat="36.39268" lon="-119.4486">
        <ele>0</ele>
      </trkpt>
      <trkpt lat="36.39319" lon="-119.44895">
        <ele>0</ele>
      </trkpt>
      <trkpt lat="36.41086" lon="-119.4606">
        <ele>0</ele>
      </trkpt>
      <trkpt lat="36.41116" lon="-119.46079">
        <ele>0</ele>
      </trkpt>
      <trkpt lat="36.4166" lon="-119.46439">
        <ele>0</ele>
      </trkpt>
      <trkpt lat="36.41764" lon="-119.46505">
        <ele>0</ele>
      </trkpt>
      <trkpt lat="36.41806" lon="-119.46534">
        <ele>0</ele>
      </trkpt>
      <trkpt lat="36.42159" lon="-119.46766">
        <ele>0</ele>
      </trkpt>
      <trkpt lat="36.4228" lon="-119.46848">
        <ele>0</ele>
      </trkpt>
      <trkpt lat="36.42296" lon="-119.46858">
        <ele>0</ele>
      </trkpt>
      <trkpt lat="36.42318" lon="-119.46873">
        <ele>0</ele>
      </trkpt>
      <trkpt lat="36.42343" lon="-119.46889">
        <ele>0</ele>
      </trkpt>
      <trkpt lat="36.42344" lon="-119.46889">
        <ele>0</ele>
      </trkpt>
      <trkpt lat="36.42841" lon="-119.47217">
        <ele>0</ele>
      </trkpt>
      <trkpt lat="36.42865" lon="-119.47232">
        <ele>0</ele>
      </trkpt>
      <trkpt lat="36.43133" lon="-119.4741">
        <ele>0</ele>
      </trkpt>
      <trkpt lat="36.43168" lon="-119.47432">
        <ele>0</ele>
      </trkpt>
      <trkpt lat="36.43194" lon="-119.4745">
        <ele>0</ele>
      </trkpt>
      <trkpt lat="36.43227" lon="-119.47471">
        <ele>0</ele>
      </trkpt>
      <trkpt lat="36.4325" lon="-119.47487">
        <ele>0</ele>
      </trkpt>
      <trkpt lat="36.43305" lon="-119.47522">
        <ele>0</ele>
      </trkpt>
      <trkpt lat="36.43686" lon="-119.47774">
        <ele>0</ele>
      </trkpt>
      <trkpt lat="36.43687" lon="-119.47775">
        <ele>0</ele>
      </trkpt>
      <trkpt lat="36.43703" lon="-119.47785">
        <ele>0</ele>
      </trkpt>
      <trkpt lat="36.43735" lon="-119.47807">
        <ele>0</ele>
      </trkpt>
      <trkpt lat="36.43858" lon="-119.47887">
        <ele>0</ele>
      </trkpt>
      <trkpt lat="36.4389" lon="-119.47909">
        <ele>0</ele>
      </trkpt>
      <trkpt lat="36.43989" lon="-119.47974">
        <ele>0</ele>
      </trkpt>
      <trkpt lat="36.43991" lon="-119.47975">
        <ele>0</ele>
      </trkpt>
      <trkpt lat="36.44139" lon="-119.48072">
        <ele>0</ele>
      </trkpt>
      <trkpt lat="36.44166" lon="-119.48091">
        <ele>0</ele>
      </trkpt>
      <trkpt lat="36.4421" lon="-119.48119">
        <ele>0</ele>
      </trkpt>
      <trkpt lat="36.44289" lon="-119.48173">
        <ele>0</ele>
      </trkpt>
      <trkpt lat="36.44315" lon="-119.48192">
        <ele>0</ele>
      </trkpt>
      <trkpt lat="36.44371" lon="-119.48235">
        <ele>0</ele>
      </trkpt>
      <trkpt lat="36.44432" lon="-119.48285">
        <ele>0</ele>
      </trkpt>
      <trkpt lat="36.44446" lon="-119.48298">
        <ele>0</ele>
      </trkpt>
      <trkpt lat="36.44451" lon="-119.48302">
        <ele>0</ele>
      </trkpt>
      <trkpt lat="36.44521" lon="-119.48367">
        <ele>0</ele>
      </trkpt>
      <trkpt lat="36.44572" lon="-119.48418">
        <ele>0</ele>
      </trkpt>
      <trkpt lat="36.44618" lon="-119.48468">
        <ele>0</ele>
      </trkpt>
      <trkpt lat="36.44627" lon="-119.48479">
        <ele>0</ele>
      </trkpt>
      <trkpt lat="36.4471" lon="-119.48567">
        <ele>0</ele>
      </trkpt>
      <trkpt lat="36.44725" lon="-119.48582">
        <ele>0</ele>
      </trkpt>
      <trkpt lat="36.44817" lon="-119.48681">
        <ele>0</ele>
      </trkpt>
      <trkpt lat="36.44834" lon="-119.48698">
        <ele>0</ele>
      </trkpt>
      <trkpt lat="36.44983" lon="-119.48855">
        <ele>0</ele>
      </trkpt>
      <trkpt lat="36.44987" lon="-119.48858">
        <ele>0</ele>
      </trkpt>
      <trkpt lat="36.45034" lon="-119.48904">
        <ele>0</ele>
      </trkpt>
      <trkpt lat="36.45048" lon="-119.48916">
        <ele>0</ele>
      </trkpt>
      <trkpt lat="36.45061" lon="-119.48916">
        <ele>0</ele>
      </trkpt>
      <trkpt lat="36.45119" lon="-119.48955">
        <ele>0</ele>
      </trkpt>
      <trkpt lat="36.45147" lon="-119.4897">
        <ele>0</ele>
      </trkpt>
      <trkpt lat="36.45148" lon="-119.4897">
        <ele>0</ele>
      </trkpt>
      <trkpt lat="36.45214" lon="-119.48998">
        <ele>0</ele>
      </trkpt>
      <trkpt lat="36.45218" lon="-119.48999">
        <ele>0</ele>
      </trkpt>
      <trkpt lat="36.4522" lon="-119.49">
        <ele>0</ele>
      </trkpt>
      <trkpt lat="36.45236" lon="-119.49006">
        <ele>0</ele>
      </trkpt>
      <trkpt lat="36.45239" lon="-119.49008">
        <ele>0</ele>
      </trkpt>
      <trkpt lat="36.45241" lon="-119.4901">
        <ele>0</ele>
      </trkpt>
      <trkpt lat="36.45249" lon="-119.49016">
        <ele>0</ele>
      </trkpt>
      <trkpt lat="36.45285" lon="-119.48935">
        <ele>0</ele>
      </trkpt>
      <trkpt lat="36.45285" lon="-119.48934">
        <ele>0</ele>
      </trkpt>
      <trkpt lat="36.45293" lon="-119.48916">
        <ele>0</ele>
      </trkpt>
      <trkpt lat="36.45297" lon="-119.48909">
        <ele>0</ele>
      </trkpt>
      <trkpt lat="36.45303" lon="-119.48893">
        <ele>0</ele>
      </trkpt>
      <trkpt lat="36.45314" lon="-119.48868">
        <ele>0</ele>
      </trkpt>
      <trkpt lat="36.45315" lon="-119.48868">
        <ele>0</ele>
      </trkpt>
      <trkpt lat="36.45337" lon="-119.48814">
        <ele>0</ele>
      </trkpt>
      <trkpt lat="36.45359" lon="-119.48765">
        <ele>0</ele>
      </trkpt>
      <trkpt lat="36.45364" lon="-119.48752">
        <ele>0</ele>
      </trkpt>
      <trkpt lat="36.45376" lon="-119.48727">
        <ele>0</ele>
      </trkpt>
      <trkpt lat="36.45546" lon="-119.48332">
        <ele>0</ele>
      </trkpt>
      <trkpt lat="36.45571" lon="-119.48271">
        <ele>0</ele>
      </trkpt>
      <trkpt lat="36.45582" lon="-119.48247">
        <ele>0</ele>
      </trkpt>
      <trkpt lat="36.45841" lon="-119.4764">
        <ele>0</ele>
      </trkpt>
      <trkpt lat="36.45862" lon="-119.47588">
        <ele>0</ele>
      </trkpt>
      <trkpt lat="36.45866" lon="-119.47576">
        <ele>0</ele>
      </trkpt>
      <trkpt lat="36.45871" lon="-119.47564">
        <ele>0</ele>
      </trkpt>
      <trkpt lat="36.45871" lon="-119.47563">
        <ele>0</ele>
      </trkpt>
      <trkpt lat="36.45876" lon="-119.4755">
        <ele>0</ele>
      </trkpt>
      <trkpt lat="36.4588" lon="-119.47533">
        <ele>0</ele>
      </trkpt>
      <trkpt lat="36.45886" lon="-119.47512">
        <ele>0</ele>
      </trkpt>
      <trkpt lat="36.45891" lon="-119.47491">
        <ele>0</ele>
      </trkpt>
      <trkpt lat="36.45894" lon="-119.47472">
        <ele>0</ele>
      </trkpt>
      <trkpt lat="36.45895" lon="-119.47468">
        <ele>0</ele>
      </trkpt>
      <trkpt lat="36.45895" lon="-119.4746">
        <ele>0</ele>
      </trkpt>
      <trkpt lat="36.45896" lon="-119.47453">
        <ele>0</ele>
      </trkpt>
      <trkpt lat="36.45925" lon="-119.47452">
        <ele>0</ele>
      </trkpt>
      <trkpt lat="36.47357" lon="-119.4744">
        <ele>0</ele>
      </trkpt>
      <trkpt lat="36.47656" lon="-119.4744">
        <ele>0</ele>
      </trkpt>
      <trkpt lat="36.47699" lon="-119.47439">
        <ele>0</ele>
      </trkpt>
      <trkpt lat="36.47707" lon="-119.47438">
        <ele>0</ele>
      </trkpt>
      <trkpt lat="36.47721" lon="-119.47437">
        <ele>0</ele>
      </trkpt>
      <trkpt lat="36.47734" lon="-119.47434">
        <ele>0</ele>
      </trkpt>
      <trkpt lat="36.47755" lon="-119.4743">
        <ele>0</ele>
      </trkpt>
      <trkpt lat="36.47766" lon="-119.47427">
        <ele>0</ele>
      </trkpt>
      <trkpt lat="36.47781" lon="-119.47422">
        <ele>0</ele>
      </trkpt>
      <trkpt lat="36.47793" lon="-119.47419">
        <ele>0</ele>
      </trkpt>
      <trkpt lat="36.4781" lon="-119.47413">
        <ele>0</ele>
      </trkpt>
      <trkpt lat="36.47856" lon="-119.47393">
        <ele>0</ele>
      </trkpt>
      <trkpt lat="36.47966" lon="-119.47339">
        <ele>0</ele>
      </trkpt>
      <trkpt lat="36.48229" lon="-119.47202">
        <ele>0</ele>
      </trkpt>
      <trkpt lat="36.48273" lon="-119.47177">
        <ele>0</ele>
      </trkpt>
      <trkpt lat="36.48286" lon="-119.47169">
        <ele>0</ele>
      </trkpt>
      <trkpt lat="36.48322" lon="-119.47143">
        <ele>0</ele>
      </trkpt>
      <trkpt lat="36.4835" lon="-119.47119">
        <ele>0</ele>
      </trkpt>
      <trkpt lat="36.48478" lon="-119.47">
        <ele>0</ele>
      </trkpt>
      <trkpt lat="36.48591" lon="-119.46892">
        <ele>0</ele>
      </trkpt>
      <trkpt lat="36.48619" lon="-119.46861">
        <ele>0</ele>
      </trkpt>
      <trkpt lat="36.4865" lon="-119.46822">
        <ele>0</ele>
      </trkpt>
      <trkpt lat="36.48759" lon="-119.46679">
        <ele>0</ele>
      </trkpt>
      <trkpt lat="36.48775" lon="-119.46663">
        <ele>0</ele>
      </trkpt>
      <trkpt lat="36.48779" lon="-119.4666">
        <ele>0</ele>
      </trkpt>
      <trkpt lat="36.48781" lon="-119.46657">
        <ele>0</ele>
      </trkpt>
      <trkpt lat="36.48786" lon="-119.46653">
        <ele>0</ele>
      </trkpt>
      <trkpt lat="36.48795" lon="-119.46647">
        <ele>0</ele>
      </trkpt>
      <trkpt lat="36.48802" lon="-119.46644">
        <ele>0</ele>
      </trkpt>
      <trkpt lat="36.4881" lon="-119.4664">
        <ele>0</ele>
      </trkpt>
      <trkpt lat="36.48817" lon="-119.46638">
        <ele>0</ele>
      </trkpt>
      <trkpt lat="36.48826" lon="-119.46636">
        <ele>0</ele>
      </trkpt>
      <trkpt lat="36.48838" lon="-119.46634">
        <ele>0</ele>
      </trkpt>
      <trkpt lat="36.48856" lon="-119.46632">
        <ele>0</ele>
      </trkpt>
      <trkpt lat="36.48856" lon="-119.467">
        <ele>0</ele>
      </trkpt>
      <trkpt lat="36.48963" lon="-119.467">
        <ele>0</ele>
      </trkpt>
      <trkpt lat="36.48981" lon="-119.46699">
        <ele>0</ele>
      </trkpt>
      <trkpt lat="36.4952" lon="-119.46697">
        <ele>0</ele>
      </trkpt>
      <trkpt lat="36.49538" lon="-119.46696">
        <ele>0</ele>
      </trkpt>
      <trkpt lat="36.50211" lon="-119.46692">
        <ele>0</ele>
      </trkpt>
      <trkpt lat="36.50244" lon="-119.46691">
        <ele>0</ele>
      </trkpt>
      <trkpt lat="36.50254" lon="-119.4669">
        <ele>0</ele>
      </trkpt>
      <trkpt lat="36.50278" lon="-119.46686">
        <ele>0</ele>
      </trkpt>
      <trkpt lat="36.50289" lon="-119.46683">
        <ele>0</ele>
      </trkpt>
      <trkpt lat="36.50303" lon="-119.46682">
        <ele>0</ele>
      </trkpt>
      <trkpt lat="36.50312" lon="-119.46679">
        <ele>0</ele>
      </trkpt>
      <trkpt lat="36.50328" lon="-119.46677">
        <ele>0</ele>
      </trkpt>
      <trkpt lat="36.51752" lon="-119.46669">
        <ele>0</ele>
      </trkpt>
      <trkpt lat="36.51755" lon="-119.46671">
        <ele>0</ele>
      </trkpt>
      <trkpt lat="36.5176" lon="-119.46673">
        <ele>0</ele>
      </trkpt>
      <trkpt lat="36.53439" lon="-119.46667">
        <ele>0</ele>
      </trkpt>
      <trkpt lat="36.5452" lon="-119.46671">
        <ele>0</ele>
      </trkpt>
      <trkpt lat="36.54569" lon="-119.46674">
        <ele>0</ele>
      </trkpt>
      <trkpt lat="36.54604" lon="-119.46674">
        <ele>0</ele>
      </trkpt>
      <trkpt lat="36.54617" lon="-119.46672">
        <ele>0</ele>
      </trkpt>
      <trkpt lat="36.54628" lon="-119.46671">
        <ele>0</ele>
      </trkpt>
      <trkpt lat="36.54638" lon="-119.46671">
        <ele>0</ele>
      </trkpt>
      <trkpt lat="36.54638" lon="-119.46574">
        <ele>0</ele>
      </trkpt>
      <trkpt lat="36.54637" lon="-119.46547">
        <ele>0</ele>
      </trkpt>
      <trkpt lat="36.54635" lon="-119.46074">
        <ele>0</ele>
      </trkpt>
      <trkpt lat="36.54636" lon="-119.4604">
        <ele>0</ele>
      </trkpt>
      <trkpt lat="36.54638" lon="-119.46007">
        <ele>0</ele>
      </trkpt>
      <trkpt lat="36.54641" lon="-119.45974">
        <ele>0</ele>
      </trkpt>
      <trkpt lat="36.54646" lon="-119.45877">
        <ele>0</ele>
      </trkpt>
      <trkpt lat="36.54646" lon="-119.45812">
        <ele>0</ele>
      </trkpt>
      <trkpt lat="36.54645" lon="-119.45784">
        <ele>0</ele>
      </trkpt>
      <trkpt lat="36.54645" lon="-119.45762">
        <ele>0</ele>
      </trkpt>
      <trkpt lat="36.54659" lon="-119.4576">
        <ele>0</ele>
      </trkpt>
      <trkpt lat="36.54719" lon="-119.45759">
        <ele>0</ele>
      </trkpt>
      <trkpt lat="36.54725" lon="-119.4576">
        <ele>0</ele>
      </trkpt>
      <trkpt lat="36.54777" lon="-119.45763">
        <ele>0</ele>
      </trkpt>
      <trkpt lat="36.5486" lon="-119.45763">
        <ele>0</ele>
      </trkpt>
      <trkpt lat="36.549" lon="-119.45764">
        <ele>0</ele>
      </trkpt>
      <trkpt lat="36.55241" lon="-119.45766">
        <ele>0</ele>
      </trkpt>
      <trkpt lat="36.55251" lon="-119.45767">
        <ele>0</ele>
      </trkpt>
      <trkpt lat="36.55413" lon="-119.45767">
        <ele>0</ele>
      </trkpt>
      <trkpt lat="36.55674" lon="-119.4577">
        <ele>0</ele>
      </trkpt>
      <trkpt lat="36.55721" lon="-119.45767">
        <ele>0</ele>
      </trkpt>
      <trkpt lat="36.57544" lon="-119.45781">
        <ele>0</ele>
      </trkpt>
      <trkpt lat="36.57736" lon="-119.45777">
        <ele>0</ele>
      </trkpt>
      <trkpt lat="36.57932" lon="-119.45777">
        <ele>0</ele>
      </trkpt>
      <trkpt lat="36.57939" lon="-119.45776">
        <ele>0</ele>
      </trkpt>
      <trkpt lat="36.58113" lon="-119.45776">
        <ele>0</ele>
      </trkpt>
      <trkpt lat="36.58156" lon="-119.45775">
        <ele>0</ele>
      </trkpt>
      <trkpt lat="36.58467" lon="-119.45774">
        <ele>0</ele>
      </trkpt>
      <trkpt lat="36.58545" lon="-119.45772">
        <ele>0</ele>
      </trkpt>
      <trkpt lat="36.58558" lon="-119.45769">
        <ele>0</ele>
      </trkpt>
      <trkpt lat="36.58616" lon="-119.45766">
        <ele>0</ele>
      </trkpt>
      <trkpt lat="36.58705" lon="-119.45767">
        <ele>0</ele>
      </trkpt>
      <trkpt lat="36.58741" lon="-119.45766">
        <ele>0</ele>
      </trkpt>
      <trkpt lat="36.58755" lon="-119.4577">
        <ele>0</ele>
      </trkpt>
      <trkpt lat="36.58835" lon="-119.45768">
        <ele>0</ele>
      </trkpt>
      <trkpt lat="36.59518" lon="-119.45768">
        <ele>0</ele>
      </trkpt>
      <trkpt lat="36.59541" lon="-119.45769">
        <ele>0</ele>
      </trkpt>
      <trkpt lat="36.59584" lon="-119.45768">
        <ele>0</ele>
      </trkpt>
      <trkpt lat="36.59649" lon="-119.45768">
        <ele>0</ele>
      </trkpt>
      <trkpt lat="36.59668" lon="-119.45769">
        <ele>0</ele>
      </trkpt>
      <trkpt lat="36.59691" lon="-119.45769">
        <ele>0</ele>
      </trkpt>
      <trkpt lat="36.5972" lon="-119.45729">
        <ele>0</ele>
      </trkpt>
      <trkpt lat="36.59791" lon="-119.45624">
        <ele>0</ele>
      </trkpt>
      <trkpt lat="36.59864" lon="-119.45703">
        <ele>0</ele>
      </trkpt>
      <trkpt lat="36.59877" lon="-119.45715">
        <ele>0</ele>
      </trkpt>
      <trkpt lat="36.5988" lon="-119.45719">
        <ele>0</ele>
      </trkpt>
      <trkpt lat="36.59892" lon="-119.45723">
        <ele>0</ele>
      </trkpt>
      <trkpt lat="36.59896" lon="-119.45727">
        <ele>0</ele>
      </trkpt>
      <trkpt lat="36.59944" lon="-119.45767">
        <ele>0</ele>
      </trkpt>
      <trkpt lat="36.59955" lon="-119.45774">
        <ele>0</ele>
      </trkpt>
      <trkpt lat="36.59974" lon="-119.45785">
        <ele>0</ele>
      </trkpt>
      <trkpt lat="36.60009" lon="-119.45807">
        <ele>0</ele>
      </trkpt>
      <trkpt lat="36.60019" lon="-119.45795">
        <ele>0</ele>
      </trkpt>
      <trkpt lat="36.6002" lon="-119.45793">
        <ele>0</ele>
      </trkpt>
      <trkpt lat="36.60026" lon="-119.45789">
        <ele>0</ele>
      </trkpt>
      <trkpt lat="36.60028" lon="-119.45787">
        <ele>0</ele>
      </trkpt>
      <trkpt lat="36.60029" lon="-119.45782">
        <ele>0</ele>
      </trkpt>
      <trkpt lat="36.6003" lon="-119.45781">
        <ele>0</ele>
      </trkpt>
      <trkpt lat="36.60032" lon="-119.45777">
        <ele>0</ele>
      </trkpt>
      <trkpt lat="36.60038" lon="-119.45771">
        <ele>0</ele>
      </trkpt>
      <trkpt lat="36.60057" lon="-119.45756">
        <ele>0</ele>
      </trkpt>
      <trkpt lat="36.60057" lon="-119.45754">
        <ele>0</ele>
      </trkpt>
      <trkpt lat="36.60058" lon="-119.45753">
        <ele>0</ele>
      </trkpt>
      <trkpt lat="36.60058" lon="-119.45749">
        <ele>0</ele>
      </trkpt>
      <trkpt lat="36.60059" lon="-119.45748">
        <ele>0</ele>
      </trkpt>
      <trkpt lat="36.60059" lon="-119.45747">
        <ele>0</ele>
      </trkpt>
      <trkpt lat="36.6006" lon="-119.45746">
        <ele>0</ele>
      </trkpt>
      <trkpt lat="36.6006" lon="-119.45745">
        <ele>0</ele>
      </trkpt>
      <trkpt lat="36.60062" lon="-119.45743">
        <ele>0</ele>
      </trkpt>
      <trkpt lat="36.60062" lon="-119.45742">
        <ele>0</ele>
      </trkpt>
      <trkpt lat="36.60063" lon="-119.45742">
        <ele>0</ele>
      </trkpt>
      <trkpt lat="36.60065" lon="-119.4574">
        <ele>0</ele>
      </trkpt>
      <trkpt lat="36.60066" lon="-119.4574">
        <ele>0</ele>
      </trkpt>
      <trkpt lat="36.60068" lon="-119.45738">
        <ele>0</ele>
      </trkpt>
      <trkpt lat="36.60076" lon="-119.45738">
        <ele>0</ele>
      </trkpt>
      <trkpt lat="36.60077" lon="-119.45739">
        <ele>0</ele>
      </trkpt>
      <trkpt lat="36.60078" lon="-119.45739">
        <ele>0</ele>
      </trkpt>
      <trkpt lat="36.60079" lon="-119.4574">
        <ele>0</ele>
      </trkpt>
      <trkpt lat="36.6008" lon="-119.4574">
        <ele>0</ele>
      </trkpt>
      <trkpt lat="36.60081" lon="-119.45741">
        <ele>0</ele>
      </trkpt>
      <trkpt lat="36.60081" lon="-119.45742">
        <ele>0</ele>
      </trkpt>
      <trkpt lat="36.60082" lon="-119.45742">
        <ele>0</ele>
      </trkpt>
      <trkpt lat="36.60084" lon="-119.45744">
        <ele>0</ele>
      </trkpt>
      <trkpt lat="36.60084" lon="-119.45745">
        <ele>0</ele>
      </trkpt>
      <trkpt lat="36.60085" lon="-119.45746">
        <ele>0</ele>
      </trkpt>
      <trkpt lat="36.60085" lon="-119.45747">
        <ele>0</ele>
      </trkpt>
      <trkpt lat="36.60086" lon="-119.45748">
        <ele>0</ele>
      </trkpt>
      <trkpt lat="36.60097" lon="-119.45757">
        <ele>0</ele>
      </trkpt>
      <trkpt lat="36.601" lon="-119.45758">
        <ele>0</ele>
      </trkpt>
      <trkpt lat="36.60105" lon="-119.45761">
        <ele>0</ele>
      </trkpt>
      <trkpt lat="36.60111" lon="-119.45764">
        <ele>0</ele>
      </trkpt>
      <trkpt lat="36.60122" lon="-119.45766">
        <ele>0</ele>
      </trkpt>
      <trkpt lat="36.6014" lon="-119.45767">
        <ele>0</ele>
      </trkpt>
      <trkpt lat="36.60155" lon="-119.45767">
        <ele>0</ele>
      </trkpt>
      <trkpt lat="36.60167" lon="-119.45766">
        <ele>0</ele>
      </trkpt>
      <trkpt lat="36.6024" lon="-119.45767">
        <ele>0</ele>
      </trkpt>
      <trkpt lat="36.60255" lon="-119.45766">
        <ele>0</ele>
      </trkpt>
      <trkpt lat="36.60276" lon="-119.45766">
        <ele>0</ele>
      </trkpt>
      <trkpt lat="36.60302" lon="-119.45765">
        <ele>0</ele>
      </trkpt>
      <trkpt lat="36.60322" lon="-119.45765">
        <ele>0</ele>
      </trkpt>
      <trkpt lat="36.60351" lon="-119.45766">
        <ele>0</ele>
      </trkpt>
      <trkpt lat="36.60363" lon="-119.45765">
        <ele>0</ele>
      </trkpt>
      <trkpt lat="36.60392" lon="-119.45764">
        <ele>0</ele>
      </trkpt>
      <trkpt lat="36.60427" lon="-119.45764">
        <ele>0</ele>
      </trkpt>
      <trkpt lat="36.60434" lon="-119.45769">
        <ele>0</ele>
      </trkpt>
      <trkpt lat="36.60557" lon="-119.45769">
        <ele>0</ele>
      </trkpt>
      <trkpt lat="36.60603" lon="-119.45768">
        <ele>0</ele>
      </trkpt>
      <trkpt lat="36.60677" lon="-119.45769">
        <ele>0</ele>
      </trkpt>
      <trkpt lat="36.60688" lon="-119.4577">
        <ele>0</ele>
      </trkpt>
      <trkpt lat="36.60874" lon="-119.45767">
        <ele>0</ele>
      </trkpt>
      <trkpt lat="36.60895" lon="-119.45768">
        <ele>0</ele>
      </trkpt>
      <trkpt lat="36.61453" lon="-119.4577">
        <ele>0</ele>
      </trkpt>
      <trkpt lat="36.61607" lon="-119.45769">
        <ele>0</ele>
      </trkpt>
      <trkpt lat="36.61641" lon="-119.4577">
        <ele>0</ele>
      </trkpt>
      <trkpt lat="36.62845" lon="-119.4577">
        <ele>0</ele>
      </trkpt>
      <trkpt lat="36.62867" lon="-119.45769">
        <ele>0</ele>
      </trkpt>
      <trkpt lat="36.63065" lon="-119.4577">
        <ele>0</ele>
      </trkpt>
      <trkpt lat="36.63149" lon="-119.45772">
        <ele>0</ele>
      </trkpt>
      <trkpt lat="36.63271" lon="-119.45772">
        <ele>0</ele>
      </trkpt>
      <trkpt lat="36.63325" lon="-119.45769">
        <ele>0</ele>
      </trkpt>
      <trkpt lat="36.63373" lon="-119.4577">
        <ele>0</ele>
      </trkpt>
      <trkpt lat="36.6339" lon="-119.45771">
        <ele>0</ele>
      </trkpt>
      <trkpt lat="36.63544" lon="-119.45767">
        <ele>0</ele>
      </trkpt>
      <trkpt lat="36.63811" lon="-119.45766">
        <ele>0</ele>
      </trkpt>
      <trkpt lat="36.63937" lon="-119.45764">
        <ele>0</ele>
      </trkpt>
      <trkpt lat="36.65958" lon="-119.45754">
        <ele>0</ele>
      </trkpt>
      <trkpt lat="36.65976" lon="-119.45753">
        <ele>0</ele>
      </trkpt>
      <trkpt lat="36.66695" lon="-119.45751">
        <ele>0</ele>
      </trkpt>
      <trkpt lat="36.66894" lon="-119.45748">
        <ele>0</ele>
      </trkpt>
      <trkpt lat="36.67233" lon="-119.45748">
        <ele>0</ele>
      </trkpt>
      <trkpt lat="36.67251" lon="-119.45749">
        <ele>0</ele>
      </trkpt>
      <trkpt lat="36.67574" lon="-119.45748">
        <ele>0</ele>
      </trkpt>
      <trkpt lat="36.67836" lon="-119.45739">
        <ele>0</ele>
      </trkpt>
      <trkpt lat="36.68061" lon="-119.45745">
        <ele>0</ele>
      </trkpt>
      <trkpt lat="36.69611" lon="-119.4574">
        <ele>0</ele>
      </trkpt>
      <trkpt lat="36.69934" lon="-119.45742">
        <ele>0</ele>
      </trkpt>
      <trkpt lat="36.71819" lon="-119.45738">
        <ele>0</ele>
      </trkpt>
      <trkpt lat="36.71964" lon="-119.45736">
        <ele>0</ele>
      </trkpt>
      <trkpt lat="36.72013" lon="-119.45733">
        <ele>0</ele>
      </trkpt>
      <trkpt lat="36.72042" lon="-119.45732">
        <ele>0</ele>
      </trkpt>
      <trkpt lat="36.72124" lon="-119.45713">
        <ele>0</ele>
      </trkpt>
      <trkpt lat="36.72205" lon="-119.45686">
        <ele>0</ele>
      </trkpt>
      <trkpt lat="36.72312" lon="-119.4563">
        <ele>0</ele>
      </trkpt>
      <trkpt lat="36.72388" lon="-119.45583">
        <ele>0</ele>
      </trkpt>
      <trkpt lat="36.7239" lon="-119.45582">
        <ele>0</ele>
      </trkpt>
      <trkpt lat="36.72402" lon="-119.45573">
        <ele>0</ele>
      </trkpt>
      <trkpt lat="36.72408" lon="-119.45569">
        <ele>0</ele>
      </trkpt>
      <trkpt lat="36.72413" lon="-119.45565">
        <ele>0</ele>
      </trkpt>
      <trkpt lat="36.72426" lon="-119.45556">
        <ele>0</ele>
      </trkpt>
      <trkpt lat="36.72459" lon="-119.4553">
        <ele>0</ele>
      </trkpt>
      <trkpt lat="36.72484" lon="-119.45583">
        <ele>0</ele>
      </trkpt>
      <trkpt lat="36.72486" lon="-119.45586">
        <ele>0</ele>
      </trkpt>
      <trkpt lat="36.72497" lon="-119.45611">
        <ele>0</ele>
      </trkpt>
      <trkpt lat="36.72573" lon="-119.45769">
        <ele>0</ele>
      </trkpt>
      <trkpt lat="36.72574" lon="-119.4577">
        <ele>0</ele>
      </trkpt>
      <trkpt lat="36.72582" lon="-119.4579">
        <ele>0</ele>
      </trkpt>
      <trkpt lat="36.72592" lon="-119.4581">
        <ele>0</ele>
      </trkpt>
      <trkpt lat="36.72668" lon="-119.45985">
        <ele>0</ele>
      </trkpt>
      <trkpt lat="36.72694" lon="-119.46051">
        <ele>0</ele>
      </trkpt>
      <trkpt lat="36.72755" lon="-119.46197">
        <ele>0</ele>
      </trkpt>
      <trkpt lat="36.72781" lon="-119.46265">
        <ele>0</ele>
      </trkpt>
      <trkpt lat="36.72847" lon="-119.46429">
        <ele>0</ele>
      </trkpt>
      <trkpt lat="36.72852" lon="-119.46444">
        <ele>0</ele>
      </trkpt>
      <trkpt lat="36.72861" lon="-119.46466">
        <ele>0</ele>
      </trkpt>
      <trkpt lat="36.72904" lon="-119.46583">
        <ele>0</ele>
      </trkpt>
      <trkpt lat="36.72947" lon="-119.46686">
        <ele>0</ele>
      </trkpt>
      <trkpt lat="36.72972" lon="-119.4675">
        <ele>0</ele>
      </trkpt>
      <trkpt lat="36.73058" lon="-119.46695">
        <ele>0</ele>
      </trkpt>
      <trkpt lat="36.73084" lon="-119.46676">
        <ele>0</ele>
      </trkpt>
      <trkpt lat="36.73159" lon="-119.46617">
        <ele>0</ele>
      </trkpt>
      <trkpt lat="36.73199" lon="-119.46578">
        <ele>0</ele>
      </trkpt>
      <trkpt lat="36.73206" lon="-119.46573">
        <ele>0</ele>
      </trkpt>
      <trkpt lat="36.73221" lon="-119.4656">
        <ele>0</ele>
      </trkpt>
      <trkpt lat="36.73223" lon="-119.46557">
        <ele>0</ele>
      </trkpt>
      <trkpt lat="36.73355" lon="-119.46439">
        <ele>0</ele>
      </trkpt>
      <trkpt lat="36.73414" lon="-119.46384">
        <ele>0</ele>
      </trkpt>
      <trkpt lat="36.73424" lon="-119.46374">
        <ele>0</ele>
      </trkpt>
      <trkpt lat="36.73479" lon="-119.46314">
        <ele>0</ele>
      </trkpt>
      <trkpt lat="36.73587" lon="-119.46177">
        <ele>0</ele>
      </trkpt>
      <trkpt lat="36.73664" lon="-119.46089">
        <ele>0</ele>
      </trkpt>
      <trkpt lat="36.74064" lon="-119.45683">
        <ele>0</ele>
      </trkpt>
      <trkpt lat="36.74091" lon="-119.45651">
        <ele>0</ele>
      </trkpt>
      <trkpt lat="36.74108" lon="-119.45627">
        <ele>0</ele>
      </trkpt>
      <trkpt lat="36.74117" lon="-119.45613">
        <ele>0</ele>
      </trkpt>
      <trkpt lat="36.74129" lon="-119.45592">
        <ele>0</ele>
      </trkpt>
      <trkpt lat="36.74141" lon="-119.45567">
        <ele>0</ele>
      </trkpt>
      <trkpt lat="36.74171" lon="-119.45493">
        <ele>0</ele>
      </trkpt>
      <trkpt lat="36.74209" lon="-119.45392">
        <ele>0</ele>
      </trkpt>
      <trkpt lat="36.74221" lon="-119.45363">
        <ele>0</ele>
      </trkpt>
      <trkpt lat="36.74234" lon="-119.45336">
        <ele>0</ele>
      </trkpt>
      <trkpt lat="36.74242" lon="-119.45322">
        <ele>0</ele>
      </trkpt>
      <trkpt lat="36.74257" lon="-119.45298">
        <ele>0</ele>
      </trkpt>
      <trkpt lat="36.74281" lon="-119.45265">
        <ele>0</ele>
      </trkpt>
      <trkpt lat="36.74293" lon="-119.45253">
        <ele>0</ele>
      </trkpt>
      <trkpt lat="36.74305" lon="-119.4524">
        <ele>0</ele>
      </trkpt>
      <trkpt lat="36.74319" lon="-119.45227">
        <ele>0</ele>
      </trkpt>
      <trkpt lat="36.74333" lon="-119.45215">
        <ele>0</ele>
      </trkpt>
      <trkpt lat="36.74369" lon="-119.45192">
        <ele>0</ele>
      </trkpt>
      <trkpt lat="36.74401" lon="-119.45174">
        <ele>0</ele>
      </trkpt>
      <trkpt lat="36.74482" lon="-119.45133">
        <ele>0</ele>
      </trkpt>
      <trkpt lat="36.74526" lon="-119.45113">
        <ele>0</ele>
      </trkpt>
      <trkpt lat="36.74546" lon="-119.45102">
        <ele>0</ele>
      </trkpt>
      <trkpt lat="36.74667" lon="-119.45043">
        <ele>0</ele>
      </trkpt>
      <trkpt lat="36.74692" lon="-119.45029">
        <ele>0</ele>
      </trkpt>
      <trkpt lat="36.74732" lon="-119.45004">
        <ele>0</ele>
      </trkpt>
      <trkpt lat="36.74782" lon="-119.44964">
        <ele>0</ele>
      </trkpt>
      <trkpt lat="36.74805" lon="-119.44944">
        <ele>0</ele>
      </trkpt>
      <trkpt lat="36.74838" lon="-119.44911">
        <ele>0</ele>
      </trkpt>
      <trkpt lat="36.74855" lon="-119.44891">
        <ele>0</ele>
      </trkpt>
      <trkpt lat="36.74889" lon="-119.44848">
        <ele>0</ele>
      </trkpt>
      <trkpt lat="36.749" lon="-119.44832">
        <ele>0</ele>
      </trkpt>
      <trkpt lat="36.74925" lon="-119.44792">
        <ele>0</ele>
      </trkpt>
      <trkpt lat="36.74937" lon="-119.44771">
        <ele>0</ele>
      </trkpt>
      <trkpt lat="36.75045" lon="-119.44557">
        <ele>0</ele>
      </trkpt>
      <trkpt lat="36.75049" lon="-119.4455">
        <ele>0</ele>
      </trkpt>
      <trkpt lat="36.75051" lon="-119.44544">
        <ele>0</ele>
      </trkpt>
      <trkpt lat="36.75115" lon="-119.44418">
        <ele>0</ele>
      </trkpt>
      <trkpt lat="36.75149" lon="-119.44347">
        <ele>0</ele>
      </trkpt>
      <trkpt lat="36.75182" lon="-119.44262">
        <ele>0</ele>
      </trkpt>
      <trkpt lat="36.75183" lon="-119.44261">
        <ele>0</ele>
      </trkpt>
      <trkpt lat="36.75209" lon="-119.44179">
        <ele>0</ele>
      </trkpt>
      <trkpt lat="36.75223" lon="-119.44138">
        <ele>0</ele>
      </trkpt>
      <trkpt lat="36.75229" lon="-119.44117">
        <ele>0</ele>
      </trkpt>
      <trkpt lat="36.75231" lon="-119.44112">
        <ele>0</ele>
      </trkpt>
      <trkpt lat="36.75256" lon="-119.44033">
        <ele>0</ele>
      </trkpt>
      <trkpt lat="36.75262" lon="-119.44012">
        <ele>0</ele>
      </trkpt>
      <trkpt lat="36.75268" lon="-119.43995">
        <ele>0</ele>
      </trkpt>
      <trkpt lat="36.75337" lon="-119.43779">
        <ele>0</ele>
      </trkpt>
      <trkpt lat="36.75342" lon="-119.43768">
        <ele>0</ele>
      </trkpt>
      <trkpt lat="36.75345" lon="-119.43759">
        <ele>0</ele>
      </trkpt>
      <trkpt lat="36.75362" lon="-119.43715">
        <ele>0</ele>
      </trkpt>
      <trkpt lat="36.75363" lon="-119.43715">
        <ele>0</ele>
      </trkpt>
      <trkpt lat="36.7537" lon="-119.43699">
        <ele>0</ele>
      </trkpt>
      <trkpt lat="36.75375" lon="-119.4369">
        <ele>0</ele>
      </trkpt>
      <trkpt lat="36.75382" lon="-119.43674">
        <ele>0</ele>
      </trkpt>
      <trkpt lat="36.754" lon="-119.43641">
        <ele>0</ele>
      </trkpt>
      <trkpt lat="36.75404" lon="-119.43635">
        <ele>0</ele>
      </trkpt>
      <trkpt lat="36.75427" lon="-119.43596">
        <ele>0</ele>
      </trkpt>
      <trkpt lat="36.75486" lon="-119.43489">
        <ele>0</ele>
      </trkpt>
      <trkpt lat="36.75581" lon="-119.43325">
        <ele>0</ele>
      </trkpt>
      <trkpt lat="36.75582" lon="-119.43325">
        <ele>0</ele>
      </trkpt>
      <trkpt lat="36.75739" lon="-119.43051">
        <ele>0</ele>
      </trkpt>
      <trkpt lat="36.75763" lon="-119.43012">
        <ele>0</ele>
      </trkpt>
      <trkpt lat="36.75821" lon="-119.42928">
        <ele>0</ele>
      </trkpt>
      <trkpt lat="36.75869" lon="-119.42864">
        <ele>0</ele>
      </trkpt>
      <trkpt lat="36.75877" lon="-119.42852">
        <ele>0</ele>
      </trkpt>
      <trkpt lat="36.76072" lon="-119.42588">
        <ele>0</ele>
      </trkpt>
      <trkpt lat="36.76075" lon="-119.42583">
        <ele>0</ele>
      </trkpt>
      <trkpt lat="36.76146" lon="-119.42486">
        <ele>0</ele>
      </trkpt>
      <trkpt lat="36.76158" lon="-119.42471">
        <ele>0</ele>
      </trkpt>
      <trkpt lat="36.76159" lon="-119.4247">
        <ele>0</ele>
      </trkpt>
      <trkpt lat="36.76304" lon="-119.42271">
        <ele>0</ele>
      </trkpt>
      <trkpt lat="36.76323" lon="-119.42247">
        <ele>0</ele>
      </trkpt>
      <trkpt lat="36.76329" lon="-119.42238">
        <ele>0</ele>
      </trkpt>
      <trkpt lat="36.76365" lon="-119.42188">
        <ele>0</ele>
      </trkpt>
      <trkpt lat="36.76377" lon="-119.42173">
        <ele>0</ele>
      </trkpt>
      <trkpt lat="36.76377" lon="-119.42172">
        <ele>0</ele>
      </trkpt>
      <trkpt lat="36.76402" lon="-119.42139">
        <ele>0</ele>
      </trkpt>
      <trkpt lat="36.76414" lon="-119.42122">
        <ele>0</ele>
      </trkpt>
      <trkpt lat="36.76451" lon="-119.42073">
        <ele>0</ele>
      </trkpt>
      <trkpt lat="36.76456" lon="-119.42061">
        <ele>0</ele>
      </trkpt>
      <trkpt lat="36.76468" lon="-119.42045">
        <ele>0</ele>
      </trkpt>
      <trkpt lat="36.76503" lon="-119.41994">
        <ele>0</ele>
      </trkpt>
      <trkpt lat="36.76506" lon="-119.41991">
        <ele>0</ele>
      </trkpt>
      <trkpt lat="36.76518" lon="-119.41972">
        <ele>0</ele>
      </trkpt>
      <trkpt lat="36.76532" lon="-119.41943">
        <ele>0</ele>
      </trkpt>
      <trkpt lat="36.76549" lon="-119.41902">
        <ele>0</ele>
      </trkpt>
      <trkpt lat="36.7659" lon="-119.41797">
        <ele>0</ele>
      </trkpt>
      <trkpt lat="36.76592" lon="-119.41795">
        <ele>0</ele>
      </trkpt>
      <trkpt lat="36.76596" lon="-119.41787">
        <ele>0</ele>
      </trkpt>
      <trkpt lat="36.7661" lon="-119.41752">
        <ele>0</ele>
      </trkpt>
      <trkpt lat="36.76627" lon="-119.41706">
        <ele>0</ele>
      </trkpt>
      <trkpt lat="36.76662" lon="-119.41617">
        <ele>0</ele>
      </trkpt>
      <trkpt lat="36.76724" lon="-119.41452">
        <ele>0</ele>
      </trkpt>
      <trkpt lat="36.76775" lon="-119.41322">
        <ele>0</ele>
      </trkpt>
      <trkpt lat="36.76784" lon="-119.41301">
        <ele>0</ele>
      </trkpt>
      <trkpt lat="36.76805" lon="-119.41265">
        <ele>0</ele>
      </trkpt>
      <trkpt lat="36.76816" lon="-119.4125">
        <ele>0</ele>
      </trkpt>
      <trkpt lat="36.76816" lon="-119.41249">
        <ele>0</ele>
      </trkpt>
      <trkpt lat="36.76817" lon="-119.41249">
        <ele>0</ele>
      </trkpt>
      <trkpt lat="36.76827" lon="-119.41236">
        <ele>0</ele>
      </trkpt>
      <trkpt lat="36.76848" lon="-119.41215">
        <ele>0</ele>
      </trkpt>
      <trkpt lat="36.76859" lon="-119.41205">
        <ele>0</ele>
      </trkpt>
      <trkpt lat="36.76881" lon="-119.4119">
        <ele>0</ele>
      </trkpt>
      <trkpt lat="36.76895" lon="-119.41183">
        <ele>0</ele>
      </trkpt>
      <trkpt lat="36.76905" lon="-119.41177">
        <ele>0</ele>
      </trkpt>
      <trkpt lat="36.76906" lon="-119.41177">
        <ele>0</ele>
      </trkpt>
      <trkpt lat="36.76927" lon="-119.41169">
        <ele>0</ele>
      </trkpt>
      <trkpt lat="36.76953" lon="-119.41162">
        <ele>0</ele>
      </trkpt>
      <trkpt lat="36.76965" lon="-119.4116">
        <ele>0</ele>
      </trkpt>
      <trkpt lat="36.77001" lon="-119.41159">
        <ele>0</ele>
      </trkpt>
      <trkpt lat="36.7718" lon="-119.41158">
        <ele>0</ele>
      </trkpt>
      <trkpt lat="36.77189" lon="-119.41154">
        <ele>0</ele>
      </trkpt>
      <trkpt lat="36.77312" lon="-119.41151">
        <ele>0</ele>
      </trkpt>
      <trkpt lat="36.77382" lon="-119.41152">
        <ele>0</ele>
      </trkpt>
      <trkpt lat="36.77383" lon="-119.41153">
        <ele>0</ele>
      </trkpt>
      <trkpt lat="36.77388" lon="-119.41155">
        <ele>0</ele>
      </trkpt>
      <trkpt lat="36.77613" lon="-119.41152">
        <ele>0</ele>
      </trkpt>
      <trkpt lat="36.77632" lon="-119.4115">
        <ele>0</ele>
      </trkpt>
      <trkpt lat="36.77652" lon="-119.41146">
        <ele>0</ele>
      </trkpt>
      <trkpt lat="36.77668" lon="-119.41141">
        <ele>0</ele>
      </trkpt>
      <trkpt lat="36.77681" lon="-119.41136">
        <ele>0</ele>
      </trkpt>
      <trkpt lat="36.77702" lon="-119.41125">
        <ele>0</ele>
      </trkpt>
      <trkpt lat="36.77721" lon="-119.41112">
        <ele>0</ele>
      </trkpt>
      <trkpt lat="36.77736" lon="-119.411">
        <ele>0</ele>
      </trkpt>
      <trkpt lat="36.77747" lon="-119.4109">
        <ele>0</ele>
      </trkpt>
      <trkpt lat="36.77757" lon="-119.4108">
        <ele>0</ele>
      </trkpt>
      <trkpt lat="36.77768" lon="-119.41068">
        <ele>0</ele>
      </trkpt>
      <trkpt lat="36.77798" lon="-119.41031">
        <ele>0</ele>
      </trkpt>
      <trkpt lat="36.77828" lon="-119.40992">
        <ele>0</ele>
      </trkpt>
      <trkpt lat="36.77872" lon="-119.40941">
        <ele>0</ele>
      </trkpt>
      <trkpt lat="36.77882" lon="-119.40932">
        <ele>0</ele>
      </trkpt>
      <trkpt lat="36.77891" lon="-119.40923">
        <ele>0</ele>
      </trkpt>
      <trkpt lat="36.7792" lon="-119.40901">
        <ele>0</ele>
      </trkpt>
      <trkpt lat="36.77978" lon="-119.40867">
        <ele>0</ele>
      </trkpt>
      <trkpt lat="36.78134" lon="-119.40786">
        <ele>0</ele>
      </trkpt>
      <trkpt lat="36.78205" lon="-119.40747">
        <ele>0</ele>
      </trkpt>
      <trkpt lat="36.78215" lon="-119.40742">
        <ele>0</ele>
      </trkpt>
      <trkpt lat="36.78223" lon="-119.40739">
        <ele>0</ele>
      </trkpt>
      <trkpt lat="36.78247" lon="-119.40814">
        <ele>0</ele>
      </trkpt>
      <trkpt lat="36.7825" lon="-119.40822">
        <ele>0</ele>
      </trkpt>
      <trkpt lat="36.78259" lon="-119.40852">
        <ele>0</ele>
      </trkpt>
      <trkpt lat="36.7826" lon="-119.40861">
        <ele>0</ele>
      </trkpt>
      <trkpt lat="36.78264" lon="-119.40883">
        <ele>0</ele>
      </trkpt>
      <trkpt lat="36.78264" lon="-119.40886">
        <ele>0</ele>
      </trkpt>
      <trkpt lat="36.78268" lon="-119.40905">
        <ele>0</ele>
      </trkpt>
      <trkpt lat="36.78269" lon="-119.40913">
        <ele>0</ele>
      </trkpt>
      <trkpt lat="36.78272" lon="-119.40929">
        <ele>0</ele>
      </trkpt>
      <trkpt lat="36.78273" lon="-119.40937">
        <ele>0</ele>
      </trkpt>
      <trkpt lat="36.78307" lon="-119.40991">
        <ele>0</ele>
      </trkpt>
      <trkpt lat="36.78267" lon="-119.4103">
        <ele>0</ele>
      </trkpt>
      <trkpt lat="36.78255" lon="-119.4104">
        <ele>0</ele>
      </trkpt>
      <trkpt lat="36.78251" lon="-119.41044">
        <ele>0</ele>
      </trkpt>
      <trkpt lat="36.78241" lon="-119.41061">
        <ele>0</ele>
      </trkpt>
      <trkpt lat="36.78223" lon="-119.41085">
        <ele>0</ele>
      </trkpt>
      <trkpt lat="36.7822" lon="-119.41092">
        <ele>0</ele>
      </trkpt>
      <trkpt lat="36.7822" lon="-119.41093">
        <ele>0</ele>
      </trkpt>
      <trkpt lat="36.78219" lon="-119.411">
        <ele>0</ele>
      </trkpt>
      <trkpt lat="36.78221" lon="-119.41114">
        <ele>0</ele>
      </trkpt>
      <trkpt lat="36.78221" lon="-119.41115">
        <ele>0</ele>
      </trkpt>
      <trkpt lat="36.78226" lon="-119.41127">
        <ele>0</ele>
      </trkpt>
      <trkpt lat="36.78241" lon="-119.41146">
        <ele>0</ele>
      </trkpt>
      <trkpt lat="36.78271" lon="-119.41188">
        <ele>0</ele>
      </trkpt>
      <trkpt lat="36.78274" lon="-119.41195">
        <ele>0</ele>
      </trkpt>
      <trkpt lat="36.78279" lon="-119.41223">
        <ele>0</ele>
      </trkpt>
      <trkpt lat="36.78285" lon="-119.41235">
        <ele>0</ele>
      </trkpt>
      <trkpt lat="36.78292" lon="-119.41262">
        <ele>0</ele>
      </trkpt>
      <trkpt lat="36.78303" lon="-119.41286">
        <ele>0</ele>
      </trkpt>
      <trkpt lat="36.78303" lon="-119.41287">
        <ele>0</ele>
      </trkpt>
      <trkpt lat="36.78309" lon="-119.41296">
        <ele>0</ele>
      </trkpt>
      <trkpt lat="36.78311" lon="-119.41298">
        <ele>0</ele>
      </trkpt>
      <trkpt lat="36.78315" lon="-119.41303">
        <ele>0</ele>
      </trkpt>
      <trkpt lat="36.78319" lon="-119.41309">
        <ele>0</ele>
      </trkpt>
      <trkpt lat="36.78346" lon="-119.41335">
        <ele>0</ele>
      </trkpt>
      <trkpt lat="36.78352" lon="-119.41347">
        <ele>0</ele>
      </trkpt>
      <trkpt lat="36.78364" lon="-119.41367">
        <ele>0</ele>
      </trkpt>
      <trkpt lat="36.78366" lon="-119.41371">
        <ele>0</ele>
      </trkpt>
      <trkpt lat="36.78378" lon="-119.41437">
        <ele>0</ele>
      </trkpt>
      <trkpt lat="36.78408" lon="-119.41473">
        <ele>0</ele>
      </trkpt>
      <trkpt lat="36.7843" lon="-119.41505">
        <ele>0</ele>
      </trkpt>
      <trkpt lat="36.78431" lon="-119.4152">
        <ele>0</ele>
      </trkpt>
      <trkpt lat="36.78418" lon="-119.41532">
        <ele>0</ele>
      </trkpt>
      <trkpt lat="36.78416" lon="-119.41533">
        <ele>0</ele>
      </trkpt>
      <trkpt lat="36.78394" lon="-119.41537">
        <ele>0</ele>
      </trkpt>
      <trkpt lat="36.78377" lon="-119.41541">
        <ele>0</ele>
      </trkpt>
      <trkpt lat="36.78367" lon="-119.41548">
        <ele>0</ele>
      </trkpt>
      <trkpt lat="36.78334" lon="-119.41581">
        <ele>0</ele>
      </trkpt>
      <trkpt lat="36.78322" lon="-119.41592">
        <ele>0</ele>
      </trkpt>
      <trkpt lat="36.78319" lon="-119.41594">
        <ele>0</ele>
      </trkpt>
      <trkpt lat="36.78293" lon="-119.41615">
        <ele>0</ele>
      </trkpt>
      <trkpt lat="36.78276" lon="-119.41626">
        <ele>0</ele>
      </trkpt>
      <trkpt lat="36.78263" lon="-119.41631">
        <ele>0</ele>
      </trkpt>
      <trkpt lat="36.78258" lon="-119.41631">
        <ele>0</ele>
      </trkpt>
      <trkpt lat="36.78256" lon="-119.41629">
        <ele>0</ele>
      </trkpt>
      <trkpt lat="36.78252" lon="-119.41628">
        <ele>0</ele>
      </trkpt>
      <trkpt lat="36.78248" lon="-119.41625">
        <ele>0</ele>
      </trkpt>
      <trkpt lat="36.78246" lon="-119.41621">
        <ele>0</ele>
      </trkpt>
      <trkpt lat="36.78243" lon="-119.41611">
        <ele>0</ele>
      </trkpt>
    </trkseg>
  </trk>
</gpx>
